[INFO] [1788860833.987987325] [tracking_pick_node]: tracking_node up. calibration ready=True dry_run=False
[INFO] [1788860834.043307578] [tracking_pick_node]: class=pet_labeled conf=0.95 anchor=(137.4,625.5) kf_x=196.5 kf_vx=0.00 pending=1 confirmed=False holding=False
[INFO] [1788860834.173932755] [tracking_pick_node]: class=pet_labeled conf=0.95 anchor=(137.4,625.5) kf_x=196.5 kf_vx=-0.00 pending=2 confirmed=False holding=False
[INFO] [1788860834.310477478] [tracking_pick_node]: class=pet_labeled conf=0.94 anchor=(137.5,625.4) kf_x=196.5 kf_vx=0.11 pending=3 confirmed=False holding=False
[INFO] [1788860834.441945173] [tracking_pick_node]: class=pet_labeled conf=0.95 anchor=(137.5,625.3) kf_x=196.5 kf_vx=0.02 pending=4 confirmed=False holding=False
[INFO] [1788860834.573794403] [tracking_pick_node]: class=pet_labeled conf=0.95 anchor=(137.5,625.5) kf_x=196.5 kf_vx=0.08 pending=5 confirmed=False holding=False
[INFO] [1788860834.709573076] [tracking_pick_node]: class=pet_labeled conf=0.94 anchor=(137.4,625.5) kf_x=196.5 kf_vx=-0.00 pending=6 confirmed=False holding=False
[INFO] [1788860834.841935162] [tracking_pick_node]: class=pet_labeled conf=0.94 anchor=(137.5,625.4) kf_x=196.5 kf_vx=0.01 pending=7 confirmed=False holding=False
[INFO] [1788860834.975611340] [tracking_pick_node]: class=pet_labeled conf=0.94 anchor=(137.5,625.4) kf_x=196.5 kf_vx=0.01 pending=8 confirmed=False holding=False
[INFO] [1788860835.111506564] [tracking_pick_node]: class=pet_labeled conf=0.95 anchor=(137.4,625.4) kf_x=196.5 kf_vx=-0.01 pending=9 confirmed=True holding=False
[INFO] [1788860835.242748921] [tracking_pick_node]: class=pet_labeled conf=0.94 anchor=(137.7,625.4) kf_x=196.6 kf_vx=0.07 pending=10 confirmed=True holding=False
[INFO] [1788860835.374807282] [tracking_pick_node]: class=pet_labeled conf=0.94 anchor=(137.3,625.6) kf_x=196.5 kf_vx=0.03 pending=11 confirmed=True holding=False
[INFO] [1788860835.509773700] [tracking_pick_node]: class=pet_labeled conf=0.94 anchor=(137.5,625.4) kf_x=196.5 kf_vx=0.03 pending=12 confirmed=True holding=False
[INFO] [1788860835.641873191] [tracking_pick_node]: class=pet_labeled conf=0.95 anchor=(137.4,625.5) kf_x=196.5 kf_vx=0.01 pending=13 confirmed=True holding=False
[INFO] [1788860835.773211431] [tracking_pick_node]: class=pet_labeled conf=0.95 anchor=(137.4,625.4) kf_x=196.5 kf_vx=-0.00 pending=14 confirmed=True holding=False
[INFO] [1788860835.911898465] [tracking_pick_node]: class=pet_labeled conf=0.95 anchor=(137.5,625.3) kf_x=196.5 kf_vx=-0.01 pending=15 confirmed=True holding=False
[INFO] [1788860836.042973934] [tracking_pick_node]: class=pet_labeled conf=0.95 anchor=(137.4,625.4) kf_x=196.5 kf_vx=-0.01 pending=16 confirmed=True holding=False
[INFO] [1788860836.174703579] [tracking_pick_node]: class=pet_labeled conf=0.95 anchor=(137.5,625.6) kf_x=196.5 kf_vx=-0.00 pending=17 confirmed=True holding=False
[INFO] [1788860836.313638007] [tracking_pick_node]: class=pet_labeled conf=0.95 anchor=(137.5,625.5) kf_x=196.5 kf_vx=0.00 pending=18 confirmed=True holding=False
[INFO] [1788860836.441048864] [tracking_pick_node]: class=pet_labeled conf=0.95 anchor=(137.4,625.5) kf_x=196.5 kf_vx=-0.00 pending=19 confirmed=True holding=False
[INFO] [1788860836.577330453] [tracking_pick_node]: class=pet_labeled conf=0.95 anchor=(137.5,625.4) kf_x=196.5 kf_vx=0.00 pending=20 confirmed=True holding=False
[INFO] [1788860836.712293372] [tracking_pick_node]: class=pet_labeled conf=0.95 anchor=(137.5,625.4) kf_x=196.5 kf_vx=0.00 pending=21 confirmed=True holding=False
[INFO] [1788860836.842547331] [tracking_pick_node]: class=pet_labeled conf=0.94 anchor=(137.4,625.5) kf_x=196.5 kf_vx=0.00 pending=22 confirmed=True holding=False
[INFO] [1788860836.974182746] [tracking_pick_node]: class=pet_labeled conf=0.95 anchor=(137.4,625.5) kf_x=196.5 kf_vx=-0.00 pending=23 confirmed=True holding=False
[INFO] [1788860837.110506139] [tracking_pick_node]: class=pet_labeled conf=0.94 anchor=(137.4,625.5) kf_x=196.5 kf_vx=-0.00 pending=24 confirmed=True holding=False
[INFO] [1788860837.241097514] [tracking_pick_node]: class=pet_labeled conf=0.94 anchor=(137.4,625.4) kf_x=196.5 kf_vx=-0.00 pending=25 confirmed=True holding=False
[INFO] [1788860837.374027037] [tracking_pick_node]: class=pet_labeled conf=0.95 anchor=(137.4,625.3) kf_x=196.5 kf_vx=-0.01 pending=26 confirmed=True holding=False
[INFO] [1788860837.511380297] [tracking_pick_node]: class=pet_labeled conf=0.94 anchor=(137.4,625.4) kf_x=196.5 kf_vx=-0.01 pending=27 confirmed=True holding=False
[INFO] [1788860837.642670902] [tracking_pick_node]: class=pet_labeled conf=0.94 anchor=(137.4,625.5) kf_x=196.5 kf_vx=-0.01 pending=28 confirmed=True holding=False
[INFO] [1788860837.773517310] [tracking_pick_node]: class=pet_labeled conf=0.94 anchor=(137.4,625.5) kf_x=196.5 kf_vx=-0.01 pending=29 confirmed=True holding=False
[INFO] [1788860837.910372839] [tracking_pick_node]: class=pet_labeled conf=0.95 anchor=(137.4,625.5) kf_x=196.5 kf_vx=-0.01 pending=30 confirmed=True holding=False
[INFO] [1788860838.041110325] [tracking_pick_node]: class=pet_labeled conf=0.95 anchor=(137.4,625.4) kf_x=196.5 kf_vx=-0.01 pending=31 confirmed=True holding=False
[INFO] [1788860838.174423054] [tracking_pick_node]: class=pet_labeled conf=0.94 anchor=(137.5,625.4) kf_x=196.5 kf_vx=-0.01 pending=32 confirmed=True holding=False
[INFO] [1788860838.309155673] [tracking_pick_node]: class=pet_labeled conf=0.95 anchor=(137.4,625.5) kf_x=196.5 kf_vx=-0.01 pending=33 confirmed=True holding=False
[INFO] [1788860838.442819621] [tracking_pick_node]: class=pet_labeled conf=0.94 anchor=(137.4,625.4) kf_x=196.5 kf_vx=-0.01 pending=34 confirmed=True holding=False
[INFO] [1788860838.575395508] [tracking_pick_node]: class=pet_labeled conf=0.95 anchor=(137.5,625.6) kf_x=196.5 kf_vx=-0.00 pending=35 confirmed=True holding=False
[INFO] [1788860838.718574921] [tracking_pick_node]: class=pet_labeled conf=0.95 anchor=(137.4,625.4) kf_x=196.5 kf_vx=-0.00 pending=36 confirmed=True holding=False
[INFO] [1788860838.841568179] [tracking_pick_node]: class=pet_labeled conf=0.95 anchor=(137.5,625.5) kf_x=196.5 kf_vx=-0.00 pending=37 confirmed=True holding=False
[INFO] [1788860838.973386332] [tracking_pick_node]: class=pet_labeled conf=0.94 anchor=(137.4,625.4) kf_x=196.5 kf_vx=-0.00 pending=38 confirmed=True holding=False
[INFO] [1788860839.111135666] [tracking_pick_node]: class=pet_labeled conf=0.95 anchor=(137.5,625.4) kf_x=196.5 kf_vx=-0.00 pending=39 confirmed=True holding=False
[INFO] [1788860839.241506987] [tracking_pick_node]: class=pet_labeled conf=0.94 anchor=(137.4,625.5) kf_x=196.5 kf_vx=-0.00 pending=40 confirmed=True holding=False
[INFO] [1788860839.375688795] [tracking_pick_node]: class=pet_labeled conf=0.95 anchor=(137.5,625.5) kf_x=196.5 kf_vx=-0.00 pending=41 confirmed=True holding=False
[INFO] [1788860839.510761096] [tracking_pick_node]: class=pet_labeled conf=0.94 anchor=(137.4,625.4) kf_x=196.5 kf_vx=-0.00 pending=42 confirmed=True holding=False
[INFO] [1788860839.641329912] [tracking_pick_node]: class=pet_labeled conf=0.94 anchor=(137.4,625.5) kf_x=196.5 kf_vx=-0.00 pending=43 confirmed=True holding=False
[INFO] [1788860839.773037642] [tracking_pick_node]: class=pet_labeled conf=0.95 anchor=(137.4,625.4) kf_x=196.5 kf_vx=-0.00 pending=44 confirmed=True holding=False
[INFO] [1788860839.911073798] [tracking_pick_node]: class=pet_labeled conf=0.95 anchor=(137.4,625.4) kf_x=196.5 kf_vx=-0.00 pending=45 confirmed=True holding=False
[INFO] [1788860840.042260710] [tracking_pick_node]: class=pet_labeled conf=0.95 anchor=(137.5,625.4) kf_x=196.5 kf_vx=-0.00 pending=46 confirmed=True holding=False
[INFO] [1788860840.174043799] [tracking_pick_node]: class=pet_labeled conf=0.95 anchor=(137.4,625.4) kf_x=196.5 kf_vx=-0.00 pending=47 confirmed=True holding=False
[INFO] [1788860840.307180976] [tracking_pick_node]: class=pet_labeled conf=0.95 anchor=(137.4,625.4) kf_x=196.5 kf_vx=-0.00 pending=48 confirmed=True holding=False
[INFO] [1788860840.443316718] [tracking_pick_node]: class=pet_labeled conf=0.94 anchor=(137.3,625.5) kf_x=196.5 kf_vx=-0.00 pending=49 confirmed=True holding=False
[INFO] [1788860840.573395105] [tracking_pick_node]: class=pet_labeled conf=0.95 anchor=(137.4,625.4) kf_x=196.5 kf_vx=-0.00 pending=50 confirmed=True holding=False
[INFO] [1788860840.705001096] [tracking_pick_node]: class=pet_labeled conf=0.94 anchor=(137.4,625.4) kf_x=196.5 kf_vx=-0.00 pending=51 confirmed=True holding=False
[INFO] [1788860840.842227558] [tracking_pick_node]: class=pet_labeled conf=0.95 anchor=(137.5,625.4) kf_x=196.5 kf_vx=-0.00 pending=52 confirmed=True holding=False
[INFO] [1788860840.974702097] [tracking_pick_node]: class=pet_labeled conf=0.95 anchor=(137.4,625.5) kf_x=196.5 kf_vx=-0.00 pending=53 confirmed=True holding=False
[INFO] [1788860841.106074079] [tracking_pick_node]: class=pet_labeled conf=0.95 anchor=(137.4,625.3) kf_x=196.5 kf_vx=-0.00 pending=54 confirmed=True holding=False
[INFO] [1788860841.244739676] [tracking_pick_node]: class=pet_labeled conf=0.94 anchor=(137.4,625.3) kf_x=196.5 kf_vx=-0.00 pending=55 confirmed=True holding=False
[INFO] [1788860841.374403551] [tracking_pick_node]: class=pet_labeled conf=0.95 anchor=(137.4,625.4) kf_x=196.5 kf_vx=-0.00 pending=56 confirmed=True holding=False
[INFO] [1788860841.507317775] [tracking_pick_node]: class=pet_labeled conf=0.94 anchor=(137.4,625.3) kf_x=196.5 kf_vx=-0.01 pending=57 confirmed=True holding=False
[INFO] [1788860841.641708648] [tracking_pick_node]: class=pet_labeled conf=0.94 anchor=(137.5,625.4) kf_x=196.5 kf_vx=-0.00 pending=58 confirmed=True holding=False
[INFO] [1788860841.776292251] [tracking_pick_node]: class=pet_labeled conf=0.95 anchor=(137.4,625.4) kf_x=196.5 kf_vx=-0.00 pending=59 confirmed=True holding=False
[INFO] [1788860841.906454939] [tracking_pick_node]: class=pet_labeled conf=0.94 anchor=(137.4,625.4) kf_x=196.5 kf_vx=-0.00 pending=60 confirmed=True holding=False
[INFO] [1788860842.042296032] [tracking_pick_node]: class=pet_labeled conf=0.95 anchor=(137.5,625.3) kf_x=196.5 kf_vx=-0.00 pending=61 confirmed=True holding=False
[INFO] [1788860842.178170923] [tracking_pick_node]: class=pet_labeled conf=0.94 anchor=(137.4,625.4) kf_x=196.5 kf_vx=-0.00 pending=62 confirmed=True holding=False
[INFO] [1788860842.306386086] [tracking_pick_node]: class=pet_labeled conf=0.94 anchor=(137.5,625.3) kf_x=196.5 kf_vx=-0.00 pending=63 confirmed=True holding=False
[INFO] [1788860842.443737811] [tracking_pick_node]: class=pet_labeled conf=0.95 anchor=(137.5,625.3) kf_x=196.5 kf_vx=-0.00 pending=64 confirmed=True holding=False
[INFO] [1788860842.574069365] [tracking_pick_node]: class=pet_labeled conf=0.94 anchor=(137.4,625.4) kf_x=196.5 kf_vx=-0.00 pending=65 confirmed=True holding=False
[INFO] [1788860842.708333748] [tracking_pick_node]: class=pet_labeled conf=0.94 anchor=(137.4,625.2) kf_x=196.5 kf_vx=-0.00 pending=66 confirmed=True holding=False
[INFO] [1788860842.841470871] [tracking_pick_node]: class=pet_labeled conf=0.94 anchor=(137.5,625.4) kf_x=196.5 kf_vx=-0.00 pending=67 confirmed=True holding=False
[INFO] [1788860842.973623332] [tracking_pick_node]: class=pet_labeled conf=0.94 anchor=(137.4,625.4) kf_x=196.5 kf_vx=-0.00 pending=68 confirmed=True holding=False
[INFO] [1788860843.106914087] [tracking_pick_node]: class=pet_labeled conf=0.94 anchor=(137.5,625.4) kf_x=196.5 kf_vx=-0.00 pending=69 confirmed=True holding=False
[INFO] [1788860843.242217420] [tracking_pick_node]: class=pet_labeled conf=0.95 anchor=(137.4,625.3) kf_x=196.5 kf_vx=-0.00 pending=70 confirmed=True holding=False
[INFO] [1788860843.374839339] [tracking_pick_node]: class=pet_labeled conf=0.95 anchor=(137.5,625.2) kf_x=196.5 kf_vx=-0.00 pending=71 confirmed=True holding=False
[INFO] [1788860843.508756417] [tracking_pick_node]: class=pet_labeled conf=0.94 anchor=(137.4,625.3) kf_x=196.5 kf_vx=-0.00 pending=72 confirmed=True holding=False
[INFO] [1788860843.640922664] [tracking_pick_node]: class=pet_labeled conf=0.95 anchor=(137.4,625.3) kf_x=196.5 kf_vx=-0.00 pending=73 confirmed=True holding=False
[INFO] [1788860843.773719249] [tracking_pick_node]: class=pet_labeled conf=0.95 anchor=(137.5,625.5) kf_x=196.5 kf_vx=-0.00 pending=74 confirmed=True holding=False
[INFO] [1788860843.904924730] [tracking_pick_node]: class=pet_labeled conf=0.94 anchor=(137.5,625.2) kf_x=196.5 kf_vx=-0.00 pending=75 confirmed=True holding=False
[INFO] [1788860844.040935003] [tracking_pick_node]: class=pet_labeled conf=0.95 anchor=(137.4,625.3) kf_x=196.5 kf_vx=-0.00 pending=76 confirmed=True holding=False
[INFO] [1788860844.173292662] [tracking_pick_node]: class=pet_labeled conf=0.95 anchor=(137.4,625.3) kf_x=196.5 kf_vx=-0.00 pending=77 confirmed=True holding=False
[INFO] [1788860844.305204018] [tracking_pick_node]: class=pet_labeled conf=0.94 anchor=(137.4,625.2) kf_x=196.5 kf_vx=-0.00 pending=78 confirmed=True holding=False
[INFO] [1788860844.446790634] [tracking_pick_node]: class=pet_labeled conf=0.94 anchor=(137.4,625.3) kf_x=196.5 kf_vx=-0.00 pending=79 confirmed=True holding=False
[INFO] [1788860844.575120944] [tracking_pick_node]: class=pet_labeled conf=0.95 anchor=(137.5,625.4) kf_x=196.5 kf_vx=-0.00 pending=80 confirmed=True holding=False
[INFO] [1788860844.710715212] [tracking_pick_node]: class=pet_labeled conf=0.95 anchor=(137.5,625.4) kf_x=196.5 kf_vx=-0.00 pending=81 confirmed=True holding=False
[INFO] [1788860844.843066450] [tracking_pick_node]: class=pet_labeled conf=0.95 anchor=(137.5,625.4) kf_x=196.5 kf_vx=0.00 pending=82 confirmed=True holding=False
[INFO] [1788860844.977748042] [tracking_pick_node]: class=pet_labeled conf=0.95 anchor=(137.5,625.4) kf_x=196.5 kf_vx=0.00 pending=83 confirmed=True holding=False
[INFO] [1788860845.111496434] [tracking_pick_node]: class=pet_labeled conf=0.95 anchor=(137.4,625.3) kf_x=196.5 kf_vx=0.00 pending=84 confirmed=True holding=False
[INFO] [1788860845.241501803] [tracking_pick_node]: class=pet_labeled conf=0.95 anchor=(137.4,625.3) kf_x=196.5 kf_vx=0.00 pending=85 confirmed=True holding=False
[INFO] [1788860845.374425650] [tracking_pick_node]: class=pet_labeled conf=0.95 anchor=(137.5,625.3) kf_x=196.5 kf_vx=0.00 pending=86 confirmed=True holding=False
[INFO] [1788860845.505003555] [tracking_pick_node]: class=pet_labeled conf=0.95 anchor=(137.4,625.2) kf_x=196.5 kf_vx=0.00 pending=87 confirmed=True holding=False
[INFO] [1788860845.642831599] [tracking_pick_node]: class=pet_labeled conf=0.95 anchor=(137.4,625.1) kf_x=196.5 kf_vx=-0.00 pending=88 confirmed=True holding=False
[INFO] [1788860845.775807478] [tracking_pick_node]: class=pet_labeled conf=0.95 anchor=(137.5,625.3) kf_x=196.5 kf_vx=-0.00 pending=89 confirmed=True holding=False
[INFO] [1788860845.906681236] [tracking_pick_node]: class=pet_labeled conf=0.94 anchor=(137.5,625.2) kf_x=196.5 kf_vx=0.00 pending=90 confirmed=True holding=False
[INFO] [1788860846.041675435] [tracking_pick_node]: class=pet_labeled conf=0.95 anchor=(137.4,625.4) kf_x=196.5 kf_vx=0.00 pending=91 confirmed=True holding=False
[INFO] [1788860846.175247851] [tracking_pick_node]: class=pet_labeled conf=0.95 anchor=(137.5,625.2) kf_x=196.5 kf_vx=0.00 pending=92 confirmed=True holding=False
[INFO] [1788860846.305617472] [tracking_pick_node]: class=pet_labeled conf=0.95 anchor=(137.7,624.9) kf_x=196.5 kf_vx=0.00 pending=93 confirmed=True holding=False
[INFO] [1788860846.441974533] [tracking_pick_node]: class=pet_labeled conf=0.95 anchor=(137.4,625.2) kf_x=196.5 kf_vx=0.00 pending=94 confirmed=True holding=False
[INFO] [1788860846.573663282] [tracking_pick_node]: class=pet_labeled conf=0.95 anchor=(137.5,625.1) kf_x=196.5 kf_vx=0.00 pending=95 confirmed=True holding=False
[INFO] [1788860846.706654544] [tracking_pick_node]: class=pet_labeled conf=0.95 anchor=(137.4,625.1) kf_x=196.5 kf_vx=0.00 pending=96 confirmed=True holding=False
[INFO] [1788860846.842490075] [tracking_pick_node]: class=pet_labeled conf=0.95 anchor=(137.5,625.0) kf_x=196.5 kf_vx=0.00 pending=97 confirmed=True holding=False
[INFO] [1788860846.973959439] [tracking_pick_node]: class=pet_labeled conf=0.95 anchor=(137.4,625.0) kf_x=196.5 kf_vx=-0.00 pending=98 confirmed=True holding=False
[INFO] [1788860847.108522910] [tracking_pick_node]: class=pet_labeled conf=0.95 anchor=(137.5,624.9) kf_x=196.5 kf_vx=-0.00 pending=99 confirmed=True holding=False
[INFO] [1788860847.247007565] [tracking_pick_node]: class=pet_labeled conf=0.95 anchor=(137.3,625.0) kf_x=196.5 kf_vx=-0.00 pending=100 confirmed=True holding=False
[INFO] [1788860847.375664935] [tracking_pick_node]: class=pet_labeled conf=0.95 anchor=(137.4,625.0) kf_x=196.5 kf_vx=-0.01 pending=101 confirmed=True holding=False
[INFO] [1788860847.505907330] [tracking_pick_node]: class=pet_labeled conf=0.95 anchor=(137.4,625.5) kf_x=196.5 kf_vx=-0.01 pending=102 confirmed=True holding=False
[INFO] [1788860847.641930086] [tracking_pick_node]: class=pet_labeled conf=0.95 anchor=(137.5,625.4) kf_x=196.5 kf_vx=-0.00 pending=103 confirmed=True holding=False
[INFO] [1788860847.776016241] [tracking_pick_node]: class=pet_labeled conf=0.95 anchor=(137.4,625.7) kf_x=196.5 kf_vx=-0.00 pending=104 confirmed=True holding=False
[INFO] [1788860847.907038519] [tracking_pick_node]: class=pet_labeled conf=0.95 anchor=(137.4,625.4) kf_x=196.5 kf_vx=-0.00 pending=105 confirmed=True holding=False
[INFO] [1788860848.042007335] [tracking_pick_node]: class=pet_labeled conf=0.95 anchor=(137.8,626.0) kf_x=196.5 kf_vx=0.00 pending=106 confirmed=True holding=False
[INFO] [1788860848.174359116] [tracking_pick_node]: class=pet_labeled conf=0.94 anchor=(137.8,625.3) kf_x=196.5 kf_vx=0.01 pending=107 confirmed=True holding=False
[INFO] [1788860848.306443894] [tracking_pick_node]: class=pet_labeled conf=0.94 anchor=(137.7,625.0) kf_x=196.5 kf_vx=0.01 pending=108 confirmed=True holding=False
[INFO] [1788860848.442552692] [tracking_pick_node]: class=pet_labeled conf=0.94 anchor=(137.5,625.1) kf_x=196.5 kf_vx=0.01 pending=109 confirmed=True holding=False
[INFO] [1788860848.575045241] [tracking_pick_node]: class=pet_labeled conf=0.92 anchor=(137.4,625.1) kf_x=196.5 kf_vx=0.01 pending=110 confirmed=True holding=False
[INFO] [1788860848.706993017] [tracking_pick_node]: class=pet_labeled conf=0.90 anchor=(138.0,625.0) kf_x=196.5 kf_vx=0.01 pending=111 confirmed=True holding=False
[INFO] [1788860848.841297371] [tracking_pick_node]: class=pet_labeled conf=0.85 anchor=(137.8,625.1) kf_x=196.6 kf_vx=0.02 pending=112 confirmed=True holding=False
[INFO] [1788860848.977823130] [tracking_pick_node]: class=pet_labeled conf=0.87 anchor=(137.9,625.0) kf_x=196.6 kf_vx=0.02 pending=113 confirmed=True holding=False
[INFO] [1788860849.106974617] [tracking_pick_node]: class=pet_labeled conf=0.82 anchor=(138.1,625.2) kf_x=196.6 kf_vx=0.03 pending=114 confirmed=True holding=False
[INFO] [1788860849.242007785] [tracking_pick_node]: class=pet_labeled conf=0.90 anchor=(138.0,625.0) kf_x=196.6 kf_vx=0.03 pending=115 confirmed=True holding=False
[INFO] [1788860849.376128775] [tracking_pick_node]: class=pet_labeled conf=0.93 anchor=(137.9,625.0) kf_x=196.6 kf_vx=0.04 pending=116 confirmed=True holding=False
[INFO] [1788860849.509296017] [tracking_pick_node]: class=pet_labeled conf=0.94 anchor=(137.8,624.9) kf_x=196.6 kf_vx=0.03 pending=117 confirmed=True holding=False
[INFO] [1788860849.642336766] [tracking_pick_node]: class=pet_labeled conf=0.95 anchor=(137.6,625.0) kf_x=196.6 kf_vx=0.03 pending=118 confirmed=True holding=False
[INFO] [1788860849.774154363] [tracking_pick_node]: class=pet_labeled conf=0.95 anchor=(137.6,625.1) kf_x=196.6 kf_vx=0.03 pending=119 confirmed=True holding=False
[INFO] [1788860849.905769015] [tracking_pick_node]: class=pet_labeled conf=0.96 anchor=(137.6,625.0) kf_x=196.6 kf_vx=0.03 pending=120 confirmed=True holding=False
[INFO] [1788860850.042217978] [tracking_pick_node]: class=pet_labeled conf=0.96 anchor=(137.6,625.0) kf_x=196.6 kf_vx=0.03 pending=121 confirmed=True holding=False
[INFO] [1788860850.174528185] [tracking_pick_node]: class=pet_labeled conf=0.96 anchor=(137.6,625.0) kf_x=196.6 kf_vx=0.02 pending=122 confirmed=True holding=False
[INFO] [1788860850.305744068] [tracking_pick_node]: class=pet_labeled conf=0.96 anchor=(137.5,625.0) kf_x=196.6 kf_vx=0.02 pending=123 confirmed=True holding=False
[INFO] [1788860850.444595117] [tracking_pick_node]: class=pet_labeled conf=0.96 anchor=(137.7,625.0) kf_x=196.6 kf_vx=0.02 pending=124 confirmed=True holding=False
[INFO] [1788860850.575776800] [tracking_pick_node]: class=pet_labeled conf=0.96 anchor=(137.6,625.0) kf_x=196.6 kf_vx=0.02 pending=125 confirmed=True holding=False
[INFO] [1788860850.706345244] [tracking_pick_node]: class=pet_labeled conf=0.96 anchor=(137.7,625.0) kf_x=196.6 kf_vx=0.02 pending=126 confirmed=True holding=False
[INFO] [1788860850.842610888] [tracking_pick_node]: class=pet_labeled conf=0.96 anchor=(137.6,625.1) kf_x=196.6 kf_vx=0.02 pending=127 confirmed=True holding=False
[INFO] [1788860850.977074841] [tracking_pick_node]: class=pet_labeled conf=0.96 anchor=(137.6,625.1) kf_x=196.6 kf_vx=0.01 pending=128 confirmed=True holding=False
[INFO] [1788860851.108425800] [tracking_pick_node]: class=pet_labeled conf=0.96 anchor=(137.5,625.2) kf_x=196.6 kf_vx=0.01 pending=129 confirmed=True holding=False
[INFO] [1788860851.247070528] [tracking_pick_node]: class=pet_labeled conf=0.96 anchor=(137.6,625.2) kf_x=196.6 kf_vx=0.01 pending=130 confirmed=True holding=False
[INFO] [1788860851.374194414] [tracking_pick_node]: class=pet_labeled conf=0.96 anchor=(137.6,625.3) kf_x=196.6 kf_vx=0.01 pending=131 confirmed=True holding=False
[INFO] [1788860851.510772661] [tracking_pick_node]: class=pet_labeled conf=0.96 anchor=(137.6,625.5) kf_x=196.6 kf_vx=0.01 pending=132 confirmed=True holding=False
[INFO] [1788860851.641857987] [tracking_pick_node]: class=pet_labeled conf=0.96 anchor=(137.6,625.5) kf_x=196.6 kf_vx=0.01 pending=133 confirmed=True holding=False
[INFO] [1788860851.775569582] [tracking_pick_node]: class=pet_labeled conf=0.96 anchor=(137.5,625.5) kf_x=196.6 kf_vx=0.01 pending=134 confirmed=True holding=False
[INFO] [1788860851.906306398] [tracking_pick_node]: class=pet_labeled conf=0.96 anchor=(137.5,625.4) kf_x=196.6 kf_vx=0.01 pending=135 confirmed=True holding=False
[INFO] [1788860852.042814440] [tracking_pick_node]: class=pet_labeled conf=0.96 anchor=(137.6,625.5) kf_x=196.6 kf_vx=0.01 pending=136 confirmed=True holding=False
[INFO] [1788860852.174960168] [tracking_pick_node]: class=pet_labeled conf=0.96 anchor=(137.6,625.4) kf_x=196.6 kf_vx=0.01 pending=137 confirmed=True holding=False
[INFO] [1788860852.305855787] [tracking_pick_node]: class=pet_labeled conf=0.96 anchor=(137.6,625.4) kf_x=196.6 kf_vx=0.01 pending=138 confirmed=True holding=False
[INFO] [1788860852.443254742] [tracking_pick_node]: class=pet_labeled conf=0.96 anchor=(137.5,625.3) kf_x=196.6 kf_vx=0.01 pending=139 confirmed=True holding=False
[INFO] [1788860852.573572557] [tracking_pick_node]: class=pet_labeled conf=0.96 anchor=(137.5,625.3) kf_x=196.6 kf_vx=0.00 pending=140 confirmed=True holding=False
[INFO] [1788860852.706660476] [tracking_pick_node]: class=pet_labeled conf=0.96 anchor=(137.5,625.2) kf_x=196.6 kf_vx=0.00 pending=141 confirmed=True holding=False
[INFO] [1788860852.843911849] [tracking_pick_node]: class=pet_labeled conf=0.96 anchor=(137.6,625.2) kf_x=196.6 kf_vx=0.00 pending=142 confirmed=True holding=False
[INFO] [1788860852.976050157] [tracking_pick_node]: class=pet_labeled conf=0.96 anchor=(137.5,625.1) kf_x=196.6 kf_vx=-0.00 pending=143 confirmed=True holding=False
[INFO] [1788860853.108467087] [tracking_pick_node]: class=pet_labeled conf=0.96 anchor=(137.5,625.2) kf_x=196.6 kf_vx=-0.00 pending=144 confirmed=True holding=False
[INFO] [1788860853.243283633] [tracking_pick_node]: class=pet_labeled conf=0.96 anchor=(137.4,625.0) kf_x=196.6 kf_vx=-0.01 pending=145 confirmed=True holding=False
[INFO] [1788860853.373936889] [tracking_pick_node]: class=pet_labeled conf=0.96 anchor=(137.6,625.0) kf_x=196.6 kf_vx=-0.01 pending=146 confirmed=True holding=False
[INFO] [1788860853.506003114] [tracking_pick_node]: class=pet_labeled conf=0.96 anchor=(137.7,624.9) kf_x=196.6 kf_vx=-0.01 pending=147 confirmed=True holding=False
[INFO] [1788860853.639045941] [tracking_pick_node]: class=pet_labeled conf=0.96 anchor=(137.6,625.0) kf_x=196.6 kf_vx=-0.01 pending=148 confirmed=True holding=False
[INFO] [1788860853.773871321] [tracking_pick_node]: class=pet_labeled conf=0.96 anchor=(137.7,625.2) kf_x=196.6 kf_vx=-0.01 pending=149 confirmed=True holding=False
[INFO] [1788860853.905194687] [tracking_pick_node]: class=pet_labeled conf=0.96 anchor=(137.5,625.2) kf_x=196.5 kf_vx=-0.01 pending=150 confirmed=True holding=False
[INFO] [1788860854.038478842] [tracking_pick_node]: class=pet_labeled conf=0.96 anchor=(137.5,625.2) kf_x=196.5 kf_vx=-0.01 pending=151 confirmed=True holding=False
[INFO] [1788860854.175479132] [tracking_pick_node]: class=pet_labeled conf=0.96 anchor=(137.4,625.2) kf_x=196.5 kf_vx=-0.01 pending=152 confirmed=True holding=False
[INFO] [1788860854.305268675] [tracking_pick_node]: class=pet_labeled conf=0.96 anchor=(137.5,625.3) kf_x=196.5 kf_vx=-0.01 pending=153 confirmed=True holding=False
[INFO] [1788860854.440830233] [tracking_pick_node]: class=pet_labeled conf=0.96 anchor=(137.6,625.2) kf_x=196.5 kf_vx=-0.01 pending=154 confirmed=True holding=False
[INFO] [1788860854.576493612] [tracking_pick_node]: class=pet_labeled conf=0.96 anchor=(137.5,625.2) kf_x=196.5 kf_vx=-0.01 pending=155 confirmed=True holding=False
[INFO] [1788860854.709499909] [tracking_pick_node]: class=pet_labeled conf=0.96 anchor=(137.4,625.3) kf_x=196.5 kf_vx=-0.01 pending=156 confirmed=True holding=False
[INFO] [1788860854.840213014] [tracking_pick_node]: class=pet_labeled conf=0.96 anchor=(137.6,625.2) kf_x=196.5 kf_vx=-0.01 pending=157 confirmed=True holding=False
[INFO] [1788860854.975147033] [tracking_pick_node]: class=pet_labeled conf=0.96 anchor=(137.6,625.3) kf_x=196.5 kf_vx=-0.01 pending=158 confirmed=True holding=False
[INFO] [1788860855.106998648] [tracking_pick_node]: class=pet_labeled conf=0.96 anchor=(137.4,625.3) kf_x=196.5 kf_vx=-0.01 pending=159 confirmed=True holding=False
[INFO] [1788860855.238336650] [tracking_pick_node]: class=pet_labeled conf=0.96 anchor=(137.6,625.4) kf_x=196.5 kf_vx=-0.01 pending=160 confirmed=True holding=False
[INFO] [1788860855.375750825] [tracking_pick_node]: class=pet_labeled conf=0.96 anchor=(137.5,625.3) kf_x=196.5 kf_vx=-0.01 pending=161 confirmed=True holding=False
[INFO] [1788860855.509167685] [tracking_pick_node]: class=pet_labeled conf=0.96 anchor=(137.5,625.2) kf_x=196.5 kf_vx=-0.01 pending=162 confirmed=True holding=False
[INFO] [1788860855.640786053] [tracking_pick_node]: class=pet_labeled conf=0.96 anchor=(137.4,625.3) kf_x=196.5 kf_vx=-0.01 pending=163 confirmed=True holding=False
[INFO] [1788860855.775308506] [tracking_pick_node]: class=pet_labeled conf=0.96 anchor=(137.5,625.3) kf_x=196.5 kf_vx=-0.01 pending=164 confirmed=True holding=False
[INFO] [1788860855.906628255] [tracking_pick_node]: class=pet_labeled conf=0.96 anchor=(137.5,625.3) kf_x=196.5 kf_vx=-0.01 pending=165 confirmed=True holding=False
[INFO] [1788860856.038520209] [tracking_pick_node]: class=pet_labeled conf=0.96 anchor=(137.5,625.3) kf_x=196.5 kf_vx=-0.01 pending=166 confirmed=True holding=False
[INFO] [1788860856.174973268] [tracking_pick_node]: class=pet_labeled conf=0.96 anchor=(137.5,625.3) kf_x=196.5 kf_vx=-0.01 pending=167 confirmed=True holding=False
[INFO] [1788860856.316068639] [tracking_pick_node]: class=pet_labeled conf=0.96 anchor=(137.6,625.3) kf_x=196.5 kf_vx=-0.01 pending=168 confirmed=True holding=False
[INFO] [1788860856.440397468] [tracking_pick_node]: class=pet_labeled conf=0.96 anchor=(137.5,625.4) kf_x=196.5 kf_vx=-0.01 pending=169 confirmed=True holding=False
[INFO] [1788860856.578805346] [tracking_pick_node]: class=pet_labeled conf=0.96 anchor=(137.6,625.5) kf_x=196.5 kf_vx=-0.00 pending=170 confirmed=True holding=False
[INFO] [1788860856.708500970] [tracking_pick_node]: class=pet_labeled conf=0.96 anchor=(137.6,625.4) kf_x=196.5 kf_vx=-0.00 pending=171 confirmed=True holding=False
[INFO] [1788860856.841523293] [tracking_pick_node]: class=pet_labeled conf=0.96 anchor=(137.6,625.3) kf_x=196.5 kf_vx=-0.00 pending=172 confirmed=True holding=False
[INFO] [1788860856.980220938] [tracking_pick_node]: class=pet_labeled conf=0.96 anchor=(137.6,625.4) kf_x=196.5 kf_vx=-0.00 pending=173 confirmed=True holding=False
[INFO] [1788860857.109048855] [tracking_pick_node]: class=pet_labeled conf=0.96 anchor=(137.6,625.2) kf_x=196.5 kf_vx=-0.00 pending=174 confirmed=True holding=False
[INFO] [1788860857.237712398] [tracking_pick_node]: class=pet_labeled conf=0.96 anchor=(137.6,625.3) kf_x=196.5 kf_vx=0.00 pending=175 confirmed=True holding=False
[INFO] [1788860857.376248817] [tracking_pick_node]: class=pet_labeled conf=0.96 anchor=(137.6,625.3) kf_x=196.5 kf_vx=0.00 pending=176 confirmed=True holding=False
[INFO] [1788860857.506244432] [tracking_pick_node]: class=pet_labeled conf=0.96 anchor=(137.6,625.3) kf_x=196.6 kf_vx=0.00 pending=177 confirmed=True holding=False
[INFO] [1788860857.640460794] [tracking_pick_node]: class=pet_labeled conf=0.96 anchor=(137.5,625.4) kf_x=196.6 kf_vx=0.00 pending=178 confirmed=True holding=False
[INFO] [1788860857.666599332] [tracking_pick_node]: [VOICE] state=IDLE cmd='start'
[INFO] [1788860857.666875283] [tracking_pick_node]: [VOICE] start: cleared 1 pre-run track(s); requiring fresh moving-belt detections
[INFO] [1788860857.667116953] [tracking_pick_node]: [CONVEYOR] /conveyor_command -> START
[INFO] [1788860857.667306304] [tracking_pick_node]: [TTS] 분리수거를 시작합니다.
[INFO] [1788860857.778776258] [tracking_pick_node]: class=pet_labeled conf=0.96 anchor=(137.9,625.4) kf_x=196.7 kf_vx=0.00 pending=1 confirmed=False holding=False
[INFO] [1788860857.907377820] [tracking_pick_node]: class=pet_labeled conf=0.96 anchor=(138.5,625.4) kf_x=197.1 kf_vx=0.04 pending=2 confirmed=False holding=False
[INFO] [1788860858.038032146] [tracking_pick_node]: class=pet_labeled conf=0.96 anchor=(139.0,625.1) kf_x=197.2 kf_vx=1.15 pending=3 confirmed=False holding=False
[INFO] [1788860858.174539977] [tracking_pick_node]: class=pet_labeled conf=0.96 anchor=(140.0,625.0) kf_x=197.7 kf_vx=2.57 pending=4 confirmed=False holding=False
[INFO] [1788860858.306690497] [tracking_pick_node]: class=pet_labeled conf=0.96 anchor=(141.4,624.7) kf_x=198.3 kf_vx=3.41 pending=5 confirmed=False holding=False
[INFO] [1788860858.439502363] [tracking_pick_node]: class=pet_labeled conf=0.96 anchor=(142.3,624.4) kf_x=198.8 kf_vx=3.60 pending=6 confirmed=False holding=False
[INFO] [1788860858.574174453] [tracking_pick_node]: class=pet_labeled conf=0.95 anchor=(144.3,623.8) kf_x=199.6 kf_vx=4.13 pending=7 confirmed=False holding=False
[INFO] [1788860858.708540813] [tracking_pick_node]: class=pet_labeled conf=0.95 anchor=(145.8,623.4) kf_x=200.3 kf_vx=4.44 pending=8 confirmed=False holding=False
[INFO] [1788860858.838277266] [tracking_pick_node]: class=pet_labeled conf=0.94 anchor=(147.1,622.7) kf_x=201.0 kf_vx=4.59 pending=9 confirmed=True holding=False
[INFO] [1788860858.839196735] [tracking_pick_node]: PICK TRIGGER class=pet_labeled predicted_pickup(preview)=[ 227.97197382 -355.44957423  319.73562343] dry_run=False remaining_tracks=0
[INFO] [1788860858.839560420] [tracking_pick_node]: [EXEC] open gripper (approach 전 확인)
[INFO] [1788860859.345112305] [tracking_pick_node]: [EXEC] force normalize for pet_labeled (첫 파지, 절대값 모름 -- 최대까지 올린 뒤 목표까지 내림)
[INFO] [1788860860.307573662] [tracking_pick_node]: [EXEC] re-predicted after force-normalize: extra_gap=1.470s total_ahead=7.351s predicted_x=234.71 (힘정규화 지연 반영됨)
[INFO] [1788860860.307985316] [tracking_pick_node]: [EXEC] move to hover [234.7115513611114, -264.0, 430.0, 179.78, 176.4, 89.78]
[INFO] [1788860861.358225327] [tracking_pick_node]: [EXEC] descend 100mm
[INFO] [1788860863.256795401] [tracking_pick_node]: [EXEC] close gripper
[INFO] [1788860864.263560994] [tracking_pick_node]: [EXEC] rise 100mm
[INFO] [1788860866.155885774] [tracking_pick_node]: [EXEC] pick complete, stopping conveyor for placement
[INFO] [1788860866.156203959] [tracking_pick_node]: [CONVEYOR] /conveyor_command -> STOP
[INFO] [1788860866.156665371] [tracking_pick_node]: [EXEC] pick complete for pet_labeled, placing...
[INFO] [1788860866.158764728] [tracking_pick_node]: [HANDOFF] pet_labeled: rise 120.0mm to presentation height (같은 x/y 컬럼, 새 자세 탐색 안 함)
[INFO] [1788860868.258095216] [tracking_pick_node]: [HANDOFF] entering compliance mode stx=[500.0, 500.0, 500.0, 100.0, 100.0, 100.0] (release_threshold_mm=10.0, timeout_sec=15.0)
[INFO] [1788860868.761182984] [tracking_pick_node]: [HANDOFF] baseline captured, start_pos=[235.2, -264.3, 548.2]
[INFO] [1788860869.063361850] [tracking_pick_node]: [HANDOFF] poll elapsed=0.30s pos=(235.4,-264.5,546.6) total_disp=0.3mm (3d=1.6mm) step_horiz=0.3mm step_vert=-1.6mm dt=0.30s speed_horiz=1.1mm/s fast_count=0/2
[INFO] [1788860869.366342819] [tracking_pick_node]: [HANDOFF] poll elapsed=0.60s pos=(235.6,-264.6,545.3) total_disp=0.5mm (3d=2.9mm) step_horiz=0.2mm step_vert=-1.3mm dt=0.30s speed_horiz=0.6mm/s fast_count=0/2
[INFO] [1788860869.669372982] [tracking_pick_node]: [HANDOFF] poll elapsed=0.91s pos=(235.7,-264.8,544.3) total_disp=0.7mm (3d=4.0mm) step_horiz=0.2mm step_vert=-1.1mm dt=0.30s speed_horiz=0.5mm/s fast_count=0/2
[INFO] [1788860869.973563497] [tracking_pick_node]: [HANDOFF] poll elapsed=1.21s pos=(236.2,-264.9,543.5) total_disp=1.2mm (3d=4.9mm) step_horiz=0.6mm step_vert=-0.8mm dt=0.30s speed_horiz=1.9mm/s fast_count=0/2
[INFO] [1788860870.276825982] [tracking_pick_node]: [HANDOFF] poll elapsed=1.51s pos=(239.1,-265.6,542.2) total_disp=4.1mm (3d=7.2mm) step_horiz=2.9mm step_vert=-1.3mm dt=0.30s speed_horiz=9.5mm/s fast_count=1/2
[INFO] [1788860870.581292519] [tracking_pick_node]: [HANDOFF] poll elapsed=1.82s pos=(240.1,-266.0,541.2) total_disp=5.2mm (3d=8.7mm) step_horiz=1.1mm step_vert=-1.0mm dt=0.30s speed_horiz=3.6mm/s fast_count=2/2
[INFO] [1788860870.883628283] [tracking_pick_node]: [HANDOFF] poll elapsed=2.12s pos=(240.0,-266.2,540.1) total_disp=5.2mm (3d=9.6mm) step_horiz=0.2mm step_vert=-1.1mm dt=0.30s speed_horiz=0.5mm/s fast_count=0/2
[INFO] [1788860871.186422691] [tracking_pick_node]: [HANDOFF] poll elapsed=2.42s pos=(239.6,-266.0,539.6) total_disp=4.8mm (3d=9.8mm) step_horiz=0.4mm step_vert=-0.5mm dt=0.30s speed_horiz=1.3mm/s fast_count=0/2
[INFO] [1788860871.488931306] [tracking_pick_node]: [HANDOFF] poll elapsed=2.73s pos=(239.5,-266.0,538.9) total_disp=4.6mm (3d=10.4mm) step_horiz=0.2mm step_vert=-0.7mm dt=0.30s speed_horiz=0.5mm/s fast_count=0/2
[INFO] [1788860871.791778847] [tracking_pick_node]: [HANDOFF] poll elapsed=3.03s pos=(239.4,-266.0,538.4) total_disp=4.6mm (3d=10.8mm) step_horiz=0.0mm step_vert=-0.5mm dt=0.30s speed_horiz=0.1mm/s fast_count=0/2
[INFO] [1788860872.095937719] [tracking_pick_node]: [HANDOFF] poll elapsed=3.33s pos=(241.2,-265.8,537.9) total_disp=6.2mm (3d=12.0mm) step_horiz=1.8mm step_vert=-0.5mm dt=0.30s speed_horiz=5.8mm/s fast_count=1/2
[INFO] [1788860872.399050815] [tracking_pick_node]: [HANDOFF] poll elapsed=3.64s pos=(244.9,-266.1,536.9) total_disp=9.9mm (3d=15.0mm) step_horiz=3.7mm step_vert=-1.0mm dt=0.30s speed_horiz=12.3mm/s fast_count=2/2
[INFO] [1788860872.701911280] [tracking_pick_node]: [HANDOFF] poll elapsed=3.94s pos=(245.9,-266.3,536.5) total_disp=11.0mm (3d=16.0mm) step_horiz=1.1mm step_vert=-0.4mm dt=0.30s speed_horiz=3.5mm/s fast_count=3/2
[INFO] [1788860872.702656573] [tracking_pick_node]: [HANDOFF] pull detected: speed_horiz=3.5mm/s >= 3.0mm/s (3회 연속) AND total_disp=11.0mm > 10.0mm -- releasing
[INFO] [1788860872.703054145] [tracking_pick_node]: [TTS] 전달 완료했습니다.
[INFO] [1788860873.709776902] [tracking_pick_node]: [HANDOFF] releasing compliance mode
[INFO] [1788860874.211199433] [tracking_pick_node]: [HANDOFF] returning to belt hover height
[INFO] [1788860876.266896217] [tracking_pick_node]: [HANDOFF] pet_labeled handed off, restarting conveyor
[INFO] [1788860876.267441253] [tracking_pick_node]: [CONVEYOR] /conveyor_command -> START
[INFO] [1788860876.270738052] [tracking_pick_node]: class=pet_labeled conf=0.93 anchor=(295.7,606.0) kf_x=276.6 kf_vx=0.00 pending=1 confirmed=False holding=False
[INFO] [1788860884.303470765] [tracking_pick_node]: class=pet_labeled conf=0.72 anchor=(122.6,625.3) kf_x=188.9 kf_vx=0.00 pending=1 confirmed=False holding=False
[INFO] [1788860884.570486484] [tracking_pick_node]: class=pet_labeled conf=0.69 anchor=(118.6,617.3) kf_x=185.9 kf_vx=-0.75 pending=2 confirmed=False holding=False
[INFO] [1788860884.970002456] [tracking_pick_node]: class=pet_labeled conf=0.63 anchor=(120.7,618.8) kf_x=187.2 kf_vx=3.09 pending=3 confirmed=False holding=False
[INFO] [1788860885.238726581] [tracking_pick_node]: class=pet_labeled conf=0.84 anchor=(117.1,610.2) kf_x=185.2 kf_vx=-2.03 pending=4 confirmed=False holding=False
[INFO] [1788860885.371046773] [tracking_pick_node]: class=pet_labeled conf=0.89 anchor=(116.5,611.1) kf_x=184.4 kf_vx=-2.75 pending=5 confirmed=False holding=False
[INFO] [1788860885.433581188] [tracking_pick_node]: [VOICE] state=RUNNING cmd='stop'
[INFO] [1788860885.433824793] [tracking_pick_node]: [TTS] 작업을 종료합니다. 총 1개를 처리했습니다. pet_labeled 1개.
[INFO] [1788860885.434066335] [tracking_pick_node]: [CONVEYOR] /conveyor_command -> STOP
[INFO] [1788860885.502489153] [tracking_pick_node]: class=pet_labeled conf=0.88 anchor=(120.4,611.6) kf_x=185.0 kf_vx=-1.35 pending=6 confirmed=False holding=False
[INFO] [1788860885.641052621] [tracking_pick_node]: class=pet_labeled conf=0.81 anchor=(141.3,610.9) kf_x=189.6 kf_vx=5.30 pending=7 confirmed=False holding=False
[INFO] [1788860885.771526706] [tracking_pick_node]: class=pet_labeled conf=0.95 anchor=(137.2,610.4) kf_x=191.9 kf_vx=7.28 pending=8 confirmed=False holding=False
[INFO] [1788860885.904638497] [tracking_pick_node]: class=pet_labeled conf=0.95 anchor=(137.2,610.7) kf_x=193.5 kf_vx=7.98 pending=9 confirmed=True holding=False
[INFO] [1788860886.038149680] [tracking_pick_node]: class=pet_labeled conf=0.95 anchor=(137.2,610.6) kf_x=194.6 kf_vx=8.02 pending=10 confirmed=True holding=False
[INFO] [1788860886.176248737] [tracking_pick_node]: class=pet_labeled conf=0.95 anchor=(137.2,610.6) kf_x=195.4 kf_vx=7.71 pending=11 confirmed=True holding=False
[INFO] [1788860886.309435779] [tracking_pick_node]: class=pet_labeled conf=0.95 anchor=(137.1,610.5) kf_x=195.9 kf_vx=7.24 pending=12 confirmed=True holding=False
[INFO] [1788860886.440439274] [tracking_pick_node]: class=pet_labeled conf=0.95 anchor=(137.1,610.8) kf_x=196.3 kf_vx=6.73 pending=13 confirmed=True holding=False
[INFO] [1788860886.572026904] [tracking_pick_node]: class=pet_labeled conf=0.95 anchor=(137.2,610.6) kf_x=196.5 kf_vx=6.23 pending=14 confirmed=True holding=False
[INFO] [1788860886.702121435] [tracking_pick_node]: class=pet_labeled conf=0.95 anchor=(137.2,610.6) kf_x=196.7 kf_vx=5.75 pending=15 confirmed=True holding=False
[INFO] [1788860886.839856463] [tracking_pick_node]: class=pet_labeled conf=0.95 anchor=(137.2,610.6) kf_x=196.9 kf_vx=5.29 pending=16 confirmed=True holding=False
[INFO] [1788860886.970829250] [tracking_pick_node]: class=pet_labeled conf=0.95 anchor=(137.2,610.6) kf_x=196.9 kf_vx=4.87 pending=17 confirmed=True holding=False
[INFO] [1788860887.104374882] [tracking_pick_node]: class=pet_labeled conf=0.95 anchor=(137.2,610.6) kf_x=197.0 kf_vx=4.48 pending=18 confirmed=True holding=False
[INFO] [1788860887.240763747] [tracking_pick_node]: class=pet_labeled conf=0.95 anchor=(137.2,610.4) kf_x=197.0 kf_vx=4.12 pending=19 confirmed=True holding=False
[INFO] [1788860887.372396217] [tracking_pick_node]: class=pet_labeled conf=0.95 anchor=(137.2,610.5) kf_x=197.0 kf_vx=3.81 pending=20 confirmed=True holding=False
[INFO] [1788860887.504039084] [tracking_pick_node]: class=pet_labeled conf=0.95 anchor=(137.2,610.6) kf_x=197.0 kf_vx=3.52 pending=21 confirmed=True holding=False
[INFO] [1788860887.640446515] [tracking_pick_node]: class=pet_labeled conf=0.95 anchor=(137.2,610.5) kf_x=197.0 kf_vx=3.25 pending=22 confirmed=True holding=False
[INFO] [1788860887.770875424] [tracking_pick_node]: class=pet_labeled conf=0.95 anchor=(137.1,610.5) kf_x=197.0 kf_vx=3.01 pending=23 confirmed=True holding=False
[INFO] [1788860887.903592493] [tracking_pick_node]: class=pet_labeled conf=0.95 anchor=(137.2,610.5) kf_x=196.9 kf_vx=2.80 pending=24 confirmed=True holding=False
[INFO] [1788860888.040751753] [tracking_pick_node]: class=pet_labeled conf=0.95 anchor=(137.2,610.5) kf_x=196.9 kf_vx=2.60 pending=25 confirmed=True holding=False
[INFO] [1788860888.172279778] [tracking_pick_node]: class=pet_labeled conf=0.95 anchor=(137.2,610.6) kf_x=196.9 kf_vx=2.42 pending=26 confirmed=True holding=False
[INFO] [1788860888.304348484] [tracking_pick_node]: class=pet_labeled conf=0.95 anchor=(137.2,610.4) kf_x=196.8 kf_vx=2.25 pending=27 confirmed=True holding=False
[INFO] [1788860888.440734551] [tracking_pick_node]: class=pet_labeled conf=0.95 anchor=(137.0,610.5) kf_x=196.8 kf_vx=2.09 pending=28 confirmed=True holding=False
[INFO] [1788860888.570810803] [tracking_pick_node]: class=pet_labeled conf=0.95 anchor=(137.2,610.5) kf_x=196.7 kf_vx=1.96 pending=29 confirmed=True holding=False
[INFO] [1788860888.703281172] [tracking_pick_node]: class=pet_labeled conf=0.95 anchor=(137.2,610.5) kf_x=196.7 kf_vx=1.83 pending=30 confirmed=True holding=False
[INFO] [1788860888.839350643] [tracking_pick_node]: class=pet_labeled conf=0.95 anchor=(137.1,610.6) kf_x=196.6 kf_vx=1.71 pending=31 confirmed=True holding=False
[INFO] [1788860888.973604567] [tracking_pick_node]: class=pet_labeled conf=0.95 anchor=(137.2,610.5) kf_x=196.6 kf_vx=1.60 pending=32 confirmed=True holding=False
[INFO] [1788860889.106202056] [tracking_pick_node]: class=pet_labeled conf=0.95 anchor=(137.1,610.5) kf_x=196.5 kf_vx=1.50 pending=33 confirmed=True holding=False
[INFO] [1788860889.240630804] [tracking_pick_node]: class=pet_labeled conf=0.95 anchor=(137.2,610.7) kf_x=196.5 kf_vx=1.41 pending=34 confirmed=True holding=False
[INFO] [1788860889.376045782] [tracking_pick_node]: class=pet_labeled conf=0.95 anchor=(137.1,610.7) kf_x=196.4 kf_vx=1.32 pending=35 confirmed=True holding=False
[INFO] [1788860889.502486567] [tracking_pick_node]: class=pet_labeled conf=0.95 anchor=(137.2,610.4) kf_x=196.4 kf_vx=1.23 pending=36 confirmed=True holding=False
[INFO] [1788860889.639046842] [tracking_pick_node]: class=pet_labeled conf=0.95 anchor=(137.2,610.6) kf_x=196.3 kf_vx=1.16 pending=37 confirmed=True holding=False
[INFO] [1788860889.770496091] [tracking_pick_node]: class=pet_labeled conf=0.95 anchor=(137.1,610.5) kf_x=196.3 kf_vx=1.08 pending=38 confirmed=True holding=False
[INFO] [1788860889.904228810] [tracking_pick_node]: class=pet_labeled conf=0.95 anchor=(137.2,610.5) kf_x=196.2 kf_vx=1.02 pending=39 confirmed=True holding=False
[INFO] [1788860890.038780701] [tracking_pick_node]: class=pet_labeled conf=0.95 anchor=(137.2,610.5) kf_x=196.2 kf_vx=0.95 pending=40 confirmed=True holding=False
[INFO] [1788860890.170434070] [tracking_pick_node]: class=pet_labeled conf=0.95 anchor=(137.1,610.6) kf_x=196.1 kf_vx=0.89 pending=41 confirmed=True holding=False
[INFO] [1788860890.302959621] [tracking_pick_node]: class=pet_labeled conf=0.95 anchor=(137.2,610.7) kf_x=196.1 kf_vx=0.84 pending=42 confirmed=True holding=False
[INFO] [1788860890.445089456] [tracking_pick_node]: class=pet_labeled conf=0.95 anchor=(137.1,610.6) kf_x=196.0 kf_vx=0.78 pending=43 confirmed=True holding=False
[INFO] [1788860890.570637536] [tracking_pick_node]: class=pet_labeled conf=0.95 anchor=(137.2,610.6) kf_x=196.0 kf_vx=0.73 pending=44 confirmed=True holding=False
[INFO] [1788860890.706123200] [tracking_pick_node]: class=pet_labeled conf=0.95 anchor=(137.2,610.5) kf_x=195.9 kf_vx=0.68 pending=45 confirmed=True holding=False
[INFO] [1788860890.840231071] [tracking_pick_node]: class=pet_labeled conf=0.95 anchor=(137.2,610.7) kf_x=195.9 kf_vx=0.64 pending=46 confirmed=True holding=False
[INFO] [1788860890.971145800] [tracking_pick_node]: class=pet_labeled conf=0.95 anchor=(137.1,610.5) kf_x=195.9 kf_vx=0.59 pending=47 confirmed=True holding=False
[INFO] [1788860891.106492943] [tracking_pick_node]: class=pet_labeled conf=0.95 anchor=(137.2,610.6) kf_x=195.8 kf_vx=0.55 pending=48 confirmed=True holding=False
[INFO] [1788860891.238280656] [tracking_pick_node]: class=pet_labeled conf=0.95 anchor=(137.2,610.6) kf_x=195.8 kf_vx=0.51 pending=49 confirmed=True holding=False
[INFO] [1788860891.371103338] [tracking_pick_node]: class=pet_labeled conf=0.95 anchor=(137.2,610.5) kf_x=195.7 kf_vx=0.48 pending=50 confirmed=True holding=False
[INFO] [1788860891.509386560] [tracking_pick_node]: class=pet_labeled conf=0.95 anchor=(137.1,610.6) kf_x=195.7 kf_vx=0.44 pending=51 confirmed=True holding=False
[INFO] [1788860891.646837449] [tracking_pick_node]: class=pet_labeled conf=0.95 anchor=(137.1,610.5) kf_x=195.6 kf_vx=0.41 pending=52 confirmed=True holding=False
[INFO] [1788860891.773877427] [tracking_pick_node]: class=pet_labeled conf=0.95 anchor=(137.1,610.5) kf_x=195.6 kf_vx=0.37 pending=53 confirmed=True holding=False
[INFO] [1788860891.903508388] [tracking_pick_node]: class=pet_labeled conf=0.95 anchor=(137.1,610.7) kf_x=195.5 kf_vx=0.34 pending=54 confirmed=True holding=False
[INFO] [1788860892.038641587] [tracking_pick_node]: class=pet_labeled conf=0.95 anchor=(137.1,610.6) kf_x=195.5 kf_vx=0.31 pending=55 confirmed=True holding=False
[INFO] [1788860892.171261401] [tracking_pick_node]: class=pet_labeled conf=0.95 anchor=(137.2,610.5) kf_x=195.5 kf_vx=0.29 pending=56 confirmed=True holding=False
[INFO] [1788860892.303850028] [tracking_pick_node]: class=pet_labeled conf=0.95 anchor=(137.1,610.5) kf_x=195.4 kf_vx=0.26 pending=57 confirmed=True holding=False
[INFO] [1788860892.439829582] [tracking_pick_node]: class=pet_labeled conf=0.95 anchor=(137.2,610.6) kf_x=195.4 kf_vx=0.24 pending=58 confirmed=True holding=False
[INFO] [1788860892.573317229] [tracking_pick_node]: class=pet_labeled conf=0.95 anchor=(137.1,610.5) kf_x=195.3 kf_vx=0.21 pending=59 confirmed=True holding=False
[INFO] [1788860892.702678755] [tracking_pick_node]: class=pet_labeled conf=0.95 anchor=(137.2,610.6) kf_x=195.3 kf_vx=0.19 pending=60 confirmed=True holding=False
[INFO] [1788860892.838600570] [tracking_pick_node]: class=pet_labeled conf=0.95 anchor=(137.2,610.6) kf_x=195.3 kf_vx=0.17 pending=61 confirmed=True holding=False
[INFO] [1788860892.970792231] [tracking_pick_node]: class=pet_labeled conf=0.95 anchor=(137.0,610.5) kf_x=195.2 kf_vx=0.15 pending=62 confirmed=True holding=False
[INFO] [1788860893.104525337] [tracking_pick_node]: class=pet_labeled conf=0.95 anchor=(137.2,610.6) kf_x=195.2 kf_vx=0.13 pending=63 confirmed=True holding=False
[INFO] [1788860893.234502782] [tracking_pick_node]: class=pet_labeled conf=0.95 anchor=(137.2,610.6) kf_x=195.2 kf_vx=0.12 pending=64 confirmed=True holding=False
[INFO] [1788860893.370555897] [tracking_pick_node]: class=pet_labeled conf=0.95 anchor=(137.1,610.6) kf_x=195.1 kf_vx=0.10 pending=65 confirmed=True holding=False
[INFO] [1788860893.503363817] [tracking_pick_node]: class=pet_labeled conf=0.95 anchor=(137.1,610.5) kf_x=195.1 kf_vx=0.08 pending=66 confirmed=True holding=False
[INFO] [1788860893.638178823] [tracking_pick_node]: class=pet_labeled conf=0.95 anchor=(137.1,610.6) kf_x=195.1 kf_vx=0.07 pending=67 confirmed=True holding=False
[INFO] [1788860893.775958834] [tracking_pick_node]: class=pet_labeled conf=0.95 anchor=(137.2,610.6) kf_x=195.0 kf_vx=0.06 pending=68 confirmed=True holding=False
[INFO] [1788860893.903349038] [tracking_pick_node]: class=pet_labeled conf=0.95 anchor=(137.1,610.6) kf_x=195.0 kf_vx=0.04 pending=69 confirmed=True holding=False
[INFO] [1788860894.042315317] [tracking_pick_node]: class=pet_labeled conf=0.95 anchor=(137.2,610.6) kf_x=195.0 kf_vx=0.03 pending=70 confirmed=True holding=False
[INFO] [1788860894.172606745] [tracking_pick_node]: class=pet_labeled conf=0.95 anchor=(137.1,610.6) kf_x=194.9 kf_vx=0.02 pending=71 confirmed=True holding=False
[INFO] [1788860894.302836013] [tracking_pick_node]: class=pet_labeled conf=0.95 anchor=(137.2,610.5) kf_x=194.9 kf_vx=0.01 pending=72 confirmed=True holding=False
[INFO] [1788860894.438388812] [tracking_pick_node]: class=pet_labeled conf=0.95 anchor=(137.1,610.4) kf_x=194.9 kf_vx=0.00 pending=73 confirmed=True holding=False
[INFO] [1788860894.570424076] [tracking_pick_node]: class=pet_labeled conf=0.95 anchor=(137.2,610.6) kf_x=194.9 kf_vx=-0.00 pending=74 confirmed=True holding=False
[INFO] [1788860894.702979192] [tracking_pick_node]: class=pet_labeled conf=0.95 anchor=(137.1,610.6) kf_x=194.8 kf_vx=-0.01 pending=75 confirmed=True holding=False
[INFO] [1788860894.834858168] [tracking_pick_node]: class=pet_labeled conf=0.95 anchor=(137.2,610.4) kf_x=194.8 kf_vx=-0.02 pending=76 confirmed=True holding=False
[INFO] [1788860894.970685298] [tracking_pick_node]: class=pet_labeled conf=0.95 anchor=(137.2,610.7) kf_x=194.8 kf_vx=-0.02 pending=77 confirmed=True holding=False
[INFO] [1788860895.105361858] [tracking_pick_node]: class=pet_labeled conf=0.95 anchor=(137.2,610.5) kf_x=194.8 kf_vx=-0.03 pending=78 confirmed=True holding=False
[INFO] [1788860895.234928018] [tracking_pick_node]: class=pet_labeled conf=0.95 anchor=(137.2,610.6) kf_x=194.8 kf_vx=-0.03 pending=79 confirmed=True holding=False
[INFO] [1788860895.371354559] [tracking_pick_node]: class=pet_labeled conf=0.95 anchor=(137.1,610.5) kf_x=194.8 kf_vx=-0.04 pending=80 confirmed=True holding=False
[INFO] [1788860895.502929955] [tracking_pick_node]: class=pet_labeled conf=0.95 anchor=(137.2,610.5) kf_x=194.7 kf_vx=-0.04 pending=81 confirmed=True holding=False
[INFO] [1788860895.637514321] [tracking_pick_node]: class=pet_labeled conf=0.95 anchor=(137.2,610.5) kf_x=194.7 kf_vx=-0.05 pending=82 confirmed=True holding=False
[INFO] [1788860895.772172060] [tracking_pick_node]: class=pet_labeled conf=0.95 anchor=(137.2,610.4) kf_x=194.7 kf_vx=-0.05 pending=83 confirmed=True holding=False
[INFO] [1788860895.902781075] [tracking_pick_node]: class=pet_labeled conf=0.95 anchor=(137.1,610.4) kf_x=194.7 kf_vx=-0.05 pending=84 confirmed=True holding=False
[INFO] [1788860896.035596716] [tracking_pick_node]: class=pet_labeled conf=0.95 anchor=(137.2,610.4) kf_x=194.7 kf_vx=-0.05 pending=85 confirmed=True holding=False
[INFO] [1788860896.171370974] [tracking_pick_node]: class=pet_labeled conf=0.95 anchor=(137.2,610.4) kf_x=194.7 kf_vx=-0.06 pending=86 confirmed=True holding=False
[INFO] [1788860896.305622935] [tracking_pick_node]: class=pet_labeled conf=0.95 anchor=(137.2,610.5) kf_x=194.7 kf_vx=-0.06 pending=87 confirmed=True holding=False
[INFO] [1788860896.435598251] [tracking_pick_node]: class=pet_labeled conf=0.95 anchor=(137.2,610.5) kf_x=194.6 kf_vx=-0.06 pending=88 confirmed=True holding=False
[INFO] [1788860896.576672376] [tracking_pick_node]: class=pet_labeled conf=0.95 anchor=(137.2,610.4) kf_x=194.6 kf_vx=-0.06 pending=89 confirmed=True holding=False
[INFO] [1788860896.705580812] [tracking_pick_node]: class=pet_labeled conf=0.95 anchor=(137.2,610.5) kf_x=194.6 kf_vx=-0.06 pending=90 confirmed=True holding=False
[INFO] [1788860896.836770510] [tracking_pick_node]: class=pet_labeled conf=0.95 anchor=(137.2,610.4) kf_x=194.6 kf_vx=-0.06 pending=91 confirmed=True holding=False
[INFO] [1788860896.971673478] [tracking_pick_node]: class=pet_labeled conf=0.95 anchor=(137.2,610.6) kf_x=194.6 kf_vx=-0.06 pending=92 confirmed=True holding=False
[INFO] [1788860897.102686328] [tracking_pick_node]: class=pet_labeled conf=0.95 anchor=(137.2,610.5) kf_x=194.6 kf_vx=-0.06 pending=93 confirmed=True holding=False
[INFO] [1788860897.235534241] [tracking_pick_node]: class=pet_labeled conf=0.95 anchor=(137.2,610.6) kf_x=194.6 kf_vx=-0.06 pending=94 confirmed=True holding=False
[INFO] [1788860897.372507034] [tracking_pick_node]: class=pet_labeled conf=0.95 anchor=(137.2,610.5) kf_x=194.6 kf_vx=-0.05 pending=95 confirmed=True holding=False
[INFO] [1788860897.503314964] [tracking_pick_node]: class=pet_labeled conf=0.95 anchor=(137.2,610.6) kf_x=194.6 kf_vx=-0.05 pending=96 confirmed=True holding=False
[INFO] [1788860897.635414060] [tracking_pick_node]: class=pet_labeled conf=0.95 anchor=(137.2,610.4) kf_x=194.6 kf_vx=-0.05 pending=97 confirmed=True holding=False
[INFO] [1788860897.771800509] [tracking_pick_node]: class=pet_labeled conf=0.95 anchor=(137.2,610.5) kf_x=194.6 kf_vx=-0.05 pending=98 confirmed=True holding=False
[INFO] [1788860897.905538973] [tracking_pick_node]: class=pet_labeled conf=0.95 anchor=(137.2,610.4) kf_x=194.6 kf_vx=-0.05 pending=99 confirmed=True holding=False
[INFO] [1788860898.035469347] [tracking_pick_node]: class=pet_labeled conf=0.95 anchor=(137.2,610.3) kf_x=194.6 kf_vx=-0.05 pending=100 confirmed=True holding=False
[INFO] [1788860898.176962879] [tracking_pick_node]: class=pet_labeled conf=0.95 anchor=(137.2,610.4) kf_x=194.6 kf_vx=-0.05 pending=101 confirmed=True holding=False
[INFO] [1788860898.302956369] [tracking_pick_node]: class=pet_labeled conf=0.95 anchor=(137.2,610.5) kf_x=194.6 kf_vx=-0.05 pending=102 confirmed=True holding=False
[INFO] [1788860898.438824628] [tracking_pick_node]: class=pet_labeled conf=0.95 anchor=(137.2,610.4) kf_x=194.6 kf_vx=-0.05 pending=103 confirmed=True holding=False
[INFO] [1788860898.574252164] [tracking_pick_node]: class=pet_labeled conf=0.95 anchor=(137.2,610.5) kf_x=194.6 kf_vx=-0.04 pending=104 confirmed=True holding=False
[INFO] [1788860898.703419167] [tracking_pick_node]: class=pet_labeled conf=0.95 anchor=(137.2,610.4) kf_x=194.6 kf_vx=-0.04 pending=105 confirmed=True holding=False
[INFO] [1788860898.838233480] [tracking_pick_node]: class=pet_labeled conf=0.95 anchor=(137.1,610.3) kf_x=194.6 kf_vx=-0.04 pending=106 confirmed=True holding=False
[INFO] [1788860898.971716547] [tracking_pick_node]: class=pet_labeled conf=0.95 anchor=(137.2,610.5) kf_x=194.6 kf_vx=-0.04 pending=107 confirmed=True holding=False
[INFO] [1788860899.103909939] [tracking_pick_node]: class=pet_labeled conf=0.95 anchor=(137.2,610.5) kf_x=194.6 kf_vx=-0.04 pending=108 confirmed=True holding=False
[INFO] [1788860899.235764751] [tracking_pick_node]: class=pet_labeled conf=0.95 anchor=(137.2,610.6) kf_x=194.6 kf_vx=-0.04 pending=109 confirmed=True holding=False
[INFO] [1788860899.371756703] [tracking_pick_node]: class=pet_labeled conf=0.95 anchor=(137.1,610.6) kf_x=194.6 kf_vx=-0.04 pending=110 confirmed=True holding=False
[INFO] [1788860899.502830477] [tracking_pick_node]: class=pet_labeled conf=0.95 anchor=(137.2,610.4) kf_x=194.6 kf_vx=-0.03 pending=111 confirmed=True holding=False
[INFO] [1788860899.635654519] [tracking_pick_node]: class=pet_labeled conf=0.95 anchor=(137.2,610.5) kf_x=194.6 kf_vx=-0.03 pending=112 confirmed=True holding=False
[INFO] [1788860899.773915872] [tracking_pick_node]: class=pet_labeled conf=0.95 anchor=(137.2,610.6) kf_x=194.6 kf_vx=-0.03 pending=113 confirmed=True holding=False
[INFO] [1788860899.902366767] [tracking_pick_node]: class=pet_labeled conf=0.95 anchor=(137.2,610.5) kf_x=194.6 kf_vx=-0.03 pending=114 confirmed=True holding=False
[INFO] [1788860900.036424096] [tracking_pick_node]: class=pet_labeled conf=0.95 anchor=(137.2,610.4) kf_x=194.6 kf_vx=-0.03 pending=115 confirmed=True holding=False
[INFO] [1788860900.175001252] [tracking_pick_node]: class=pet_labeled conf=0.95 anchor=(137.2,610.3) kf_x=194.6 kf_vx=-0.03 pending=116 confirmed=True holding=False
[INFO] [1788860900.302380405] [tracking_pick_node]: class=pet_labeled conf=0.95 anchor=(137.2,610.4) kf_x=194.6 kf_vx=-0.02 pending=117 confirmed=True holding=False
[INFO] [1788860900.434741110] [tracking_pick_node]: class=pet_labeled conf=0.95 anchor=(137.2,610.5) kf_x=194.6 kf_vx=-0.02 pending=118 confirmed=True holding=False
[INFO] [1788860900.571901420] [tracking_pick_node]: class=pet_labeled conf=0.95 anchor=(137.2,610.4) kf_x=194.6 kf_vx=-0.02 pending=119 confirmed=True holding=False
[INFO] [1788860900.704487743] [tracking_pick_node]: class=pet_labeled conf=0.95 anchor=(137.2,610.4) kf_x=194.6 kf_vx=-0.02 pending=120 confirmed=True holding=False
[INFO] [1788860900.837360750] [tracking_pick_node]: class=pet_labeled conf=0.95 anchor=(137.1,610.4) kf_x=194.6 kf_vx=-0.02 pending=121 confirmed=True holding=False
[INFO] [1788860900.971506600] [tracking_pick_node]: class=pet_labeled conf=0.95 anchor=(137.2,610.5) kf_x=194.6 kf_vx=-0.02 pending=122 confirmed=True holding=False
[INFO] [1788860901.103166816] [tracking_pick_node]: class=pet_labeled conf=0.95 anchor=(137.2,610.4) kf_x=194.6 kf_vx=-0.02 pending=123 confirmed=True holding=False
[INFO] [1788860901.236532220] [tracking_pick_node]: class=pet_labeled conf=0.95 anchor=(137.2,610.4) kf_x=194.6 kf_vx=-0.02 pending=124 confirmed=True holding=False
[INFO] [1788860901.372308936] [tracking_pick_node]: class=pet_labeled conf=0.95 anchor=(137.2,610.5) kf_x=194.6 kf_vx=-0.01 pending=125 confirmed=True holding=False
[INFO] [1788860901.503279374] [tracking_pick_node]: class=pet_labeled conf=0.95 anchor=(137.1,610.3) kf_x=194.6 kf_vx=-0.01 pending=126 confirmed=True holding=False
[INFO] [1788860901.635277740] [tracking_pick_node]: class=pet_labeled conf=0.95 anchor=(137.2,610.3) kf_x=194.6 kf_vx=-0.01 pending=127 confirmed=True holding=False
[INFO] [1788860901.771058506] [tracking_pick_node]: class=pet_labeled conf=0.95 anchor=(137.2,610.3) kf_x=194.6 kf_vx=-0.01 pending=128 confirmed=True holding=False
[INFO] [1788860901.903708824] [tracking_pick_node]: class=pet_labeled conf=0.95 anchor=(137.2,610.4) kf_x=194.6 kf_vx=-0.01 pending=129 confirmed=True holding=False
[INFO] [1788860902.036233220] [tracking_pick_node]: class=pet_labeled conf=0.95 anchor=(137.2,610.3) kf_x=194.6 kf_vx=-0.01 pending=130 confirmed=True holding=False
[INFO] [1788860902.173128204] [tracking_pick_node]: class=pet_labeled conf=0.95 anchor=(137.3,610.6) kf_x=194.6 kf_vx=-0.01 pending=131 confirmed=True holding=False
[INFO] [1788860902.304887386] [tracking_pick_node]: class=pet_labeled conf=0.95 anchor=(137.2,610.4) kf_x=194.6 kf_vx=-0.01 pending=132 confirmed=True holding=False
[INFO] [1788860902.436267081] [tracking_pick_node]: class=pet_labeled conf=0.95 anchor=(137.2,610.6) kf_x=194.6 kf_vx=-0.01 pending=133 confirmed=True holding=False
[INFO] [1788860902.571278937] [tracking_pick_node]: class=pet_labeled conf=0.95 anchor=(137.2,610.5) kf_x=194.6 kf_vx=-0.00 pending=134 confirmed=True holding=False
[INFO] [1788860902.705024281] [tracking_pick_node]: class=pet_labeled conf=0.95 anchor=(137.2,610.4) kf_x=194.6 kf_vx=-0.00 pending=135 confirmed=True holding=False
[INFO] [1788860902.835433382] [tracking_pick_node]: class=pet_labeled conf=0.95 anchor=(137.2,610.4) kf_x=194.6 kf_vx=-0.00 pending=136 confirmed=True holding=False
[INFO] [1788860902.971760842] [tracking_pick_node]: class=pet_labeled conf=0.95 anchor=(137.2,610.4) kf_x=194.6 kf_vx=-0.00 pending=137 confirmed=True holding=False
[INFO] [1788860903.103218056] [tracking_pick_node]: class=pet_labeled conf=0.95 anchor=(137.2,610.3) kf_x=194.6 kf_vx=-0.00 pending=138 confirmed=True holding=False
[INFO] [1788860903.239000494] [tracking_pick_node]: class=pet_labeled conf=0.95 anchor=(137.2,610.5) kf_x=194.6 kf_vx=-0.00 pending=139 confirmed=True holding=False
[INFO] [1788860903.376308061] [tracking_pick_node]: class=pet_labeled conf=0.95 anchor=(137.2,610.6) kf_x=194.6 kf_vx=-0.00 pending=140 confirmed=True holding=False
[INFO] [1788860903.504754484] [tracking_pick_node]: class=pet_labeled conf=0.95 anchor=(137.2,610.4) kf_x=194.6 kf_vx=0.00 pending=141 confirmed=True holding=False
[INFO] [1788860903.635634805] [tracking_pick_node]: class=pet_labeled conf=0.95 anchor=(137.2,610.5) kf_x=194.6 kf_vx=0.00 pending=142 confirmed=True holding=False
[INFO] [1788860903.771509122] [tracking_pick_node]: class=pet_labeled conf=0.95 anchor=(137.2,610.5) kf_x=194.6 kf_vx=0.00 pending=143 confirmed=True holding=False
[INFO] [1788860903.903158265] [tracking_pick_node]: class=pet_labeled conf=0.95 anchor=(137.2,610.5) kf_x=194.6 kf_vx=0.00 pending=144 confirmed=True holding=False
[INFO] [1788860904.035497625] [tracking_pick_node]: class=pet_labeled conf=0.95 anchor=(137.2,610.6) kf_x=194.6 kf_vx=0.00 pending=145 confirmed=True holding=False
[INFO] [1788860904.171943081] [tracking_pick_node]: class=pet_labeled conf=0.95 anchor=(137.3,610.6) kf_x=194.6 kf_vx=0.01 pending=146 confirmed=True holding=False
[INFO] [1788860904.308226625] [tracking_pick_node]: class=pet_labeled conf=0.95 anchor=(137.2,610.5) kf_x=194.6 kf_vx=0.01 pending=147 confirmed=True holding=False
[INFO] [1788860904.436023482] [tracking_pick_node]: class=pet_labeled conf=0.95 anchor=(137.2,610.5) kf_x=194.6 kf_vx=0.01 pending=148 confirmed=True holding=False
[INFO] [1788860904.571930911] [tracking_pick_node]: class=pet_labeled conf=0.95 anchor=(137.3,610.5) kf_x=194.6 kf_vx=0.01 pending=149 confirmed=True holding=False
[INFO] [1788860904.707235679] [tracking_pick_node]: class=pet_labeled conf=0.95 anchor=(137.3,610.5) kf_x=194.6 kf_vx=0.01 pending=150 confirmed=True holding=False
[INFO] [1788860904.836823236] [tracking_pick_node]: class=pet_labeled conf=0.95 anchor=(137.2,610.6) kf_x=194.6 kf_vx=0.01 pending=151 confirmed=True holding=False
[INFO] [1788860904.972186014] [tracking_pick_node]: class=pet_labeled conf=0.95 anchor=(137.3,610.6) kf_x=194.6 kf_vx=0.01 pending=152 confirmed=True holding=False
[INFO] [1788860905.103365859] [tracking_pick_node]: class=pet_labeled conf=0.95 anchor=(137.2,610.5) kf_x=194.6 kf_vx=0.01 pending=153 confirmed=True holding=False
[INFO] [1788860905.239242206] [tracking_pick_node]: class=pet_labeled conf=0.95 anchor=(137.3,610.4) kf_x=194.6 kf_vx=0.01 pending=154 confirmed=True holding=False
[INFO] [1788860905.373649940] [tracking_pick_node]: class=pet_labeled conf=0.95 anchor=(137.2,610.4) kf_x=194.6 kf_vx=0.01 pending=155 confirmed=True holding=False
[INFO] [1788860905.505670200] [tracking_pick_node]: class=pet_labeled conf=0.95 anchor=(137.2,610.5) kf_x=194.6 kf_vx=0.01 pending=156 confirmed=True holding=False
[INFO] [1788860905.647283314] [tracking_pick_node]: class=pet_labeled conf=0.95 anchor=(137.3,610.5) kf_x=194.6 kf_vx=0.01 pending=157 confirmed=True holding=False
[INFO] [1788860905.773154377] [tracking_pick_node]: class=pet_labeled conf=0.95 anchor=(137.3,610.6) kf_x=194.7 kf_vx=0.01 pending=158 confirmed=True holding=False
[INFO] [1788860905.902546334] [tracking_pick_node]: class=pet_labeled conf=0.95 anchor=(137.2,610.6) kf_x=194.7 kf_vx=0.01 pending=159 confirmed=True holding=False
[INFO] [1788860906.036518422] [tracking_pick_node]: class=pet_labeled conf=0.95 anchor=(137.2,610.6) kf_x=194.7 kf_vx=0.01 pending=160 confirmed=True holding=False
[INFO] [1788860906.171866515] [tracking_pick_node]: class=pet_labeled conf=0.95 anchor=(137.3,610.5) kf_x=194.7 kf_vx=0.01 pending=161 confirmed=True holding=False
[INFO] [1788860906.303559394] [tracking_pick_node]: class=pet_labeled conf=0.95 anchor=(137.2,610.4) kf_x=194.7 kf_vx=0.01 pending=162 confirmed=True holding=False
[INFO] [1788860906.435156379] [tracking_pick_node]: class=pet_labeled conf=0.95 anchor=(137.2,610.4) kf_x=194.7 kf_vx=0.01 pending=163 confirmed=True holding=False
[INFO] [1788860906.567187462] [tracking_pick_node]: class=pet_labeled conf=0.95 anchor=(137.3,610.4) kf_x=194.7 kf_vx=0.01 pending=164 confirmed=True holding=False
[INFO] [1788860906.705830844] [tracking_pick_node]: class=pet_labeled conf=0.95 anchor=(137.3,610.5) kf_x=194.7 kf_vx=0.01 pending=165 confirmed=True holding=False
[INFO] [1788860906.838726784] [tracking_pick_node]: class=pet_labeled conf=0.95 anchor=(137.2,610.5) kf_x=194.7 kf_vx=0.01 pending=166 confirmed=True holding=False
[INFO] [1788860906.975633479] [tracking_pick_node]: class=pet_labeled conf=0.95 anchor=(137.2,610.6) kf_x=194.7 kf_vx=0.01 pending=167 confirmed=True holding=False
[INFO] [1788860907.104196475] [tracking_pick_node]: class=pet_labeled conf=0.95 anchor=(137.2,610.4) kf_x=194.7 kf_vx=0.01 pending=168 confirmed=True holding=False
[INFO] [1788860907.240576393] [tracking_pick_node]: class=pet_labeled conf=0.95 anchor=(137.2,610.5) kf_x=194.7 kf_vx=0.01 pending=169 confirmed=True holding=False
[INFO] [1788860907.370307131] [tracking_pick_node]: class=pet_labeled conf=0.95 anchor=(137.2,610.4) kf_x=194.6 kf_vx=0.00 pending=170 confirmed=True holding=False
[INFO] [1788860907.506075771] [tracking_pick_node]: class=pet_labeled conf=0.95 anchor=(137.2,610.4) kf_x=194.6 kf_vx=0.00 pending=171 confirmed=True holding=False
[INFO] [1788860907.636519691] [tracking_pick_node]: class=pet_labeled conf=0.95 anchor=(137.2,610.5) kf_x=194.6 kf_vx=0.00 pending=172 confirmed=True holding=False
[INFO] [1788860907.767238444] [tracking_pick_node]: class=pet_labeled conf=0.95 anchor=(137.2,610.6) kf_x=194.6 kf_vx=0.00 pending=173 confirmed=True holding=False
[INFO] [1788860907.902902473] [tracking_pick_node]: class=pet_labeled conf=0.95 anchor=(137.3,610.5) kf_x=194.6 kf_vx=0.00 pending=174 confirmed=True holding=False
[INFO] [1788860908.036836987] [tracking_pick_node]: class=pet_labeled conf=0.95 anchor=(137.2,610.5) kf_x=194.6 kf_vx=0.00 pending=175 confirmed=True holding=False
[INFO] [1788860908.168374596] [tracking_pick_node]: class=pet_labeled conf=0.95 anchor=(137.2,610.3) kf_x=194.6 kf_vx=0.00 pending=176 confirmed=True holding=False
[INFO] [1788860908.304794298] [tracking_pick_node]: class=pet_labeled conf=0.95 anchor=(137.2,610.5) kf_x=194.6 kf_vx=0.00 pending=177 confirmed=True holding=False
[INFO] [1788860908.436752925] [tracking_pick_node]: class=pet_labeled conf=0.95 anchor=(137.2,610.6) kf_x=194.6 kf_vx=0.00 pending=178 confirmed=True holding=False
[INFO] [1788860908.568081698] [tracking_pick_node]: class=pet_labeled conf=0.95 anchor=(137.2,610.5) kf_x=194.6 kf_vx=0.00 pending=179 confirmed=True holding=False
[INFO] [1788860908.703834679] [tracking_pick_node]: class=pet_labeled conf=0.95 anchor=(137.1,610.4) kf_x=194.6 kf_vx=-0.00 pending=180 confirmed=True holding=False
[INFO] [1788860908.838364088] [tracking_pick_node]: class=pet_labeled conf=0.95 anchor=(137.2,610.5) kf_x=194.6 kf_vx=-0.00 pending=181 confirmed=True holding=False
[INFO] [1788860908.974826215] [tracking_pick_node]: class=pet_labeled conf=0.95 anchor=(137.2,610.4) kf_x=194.6 kf_vx=-0.00 pending=182 confirmed=True holding=False
[INFO] [1788860909.103711660] [tracking_pick_node]: class=pet_labeled conf=0.95 anchor=(137.2,610.5) kf_x=194.6 kf_vx=-0.00 pending=183 confirmed=True holding=False
[INFO] [1788860909.236166518] [tracking_pick_node]: class=pet_labeled conf=0.95 anchor=(137.2,610.3) kf_x=194.6 kf_vx=-0.00 pending=184 confirmed=True holding=False
[INFO] [1788860909.369846069] [tracking_pick_node]: class=pet_labeled conf=0.95 anchor=(137.2,610.4) kf_x=194.6 kf_vx=-0.00 pending=185 confirmed=True holding=False
[INFO] [1788860909.502974001] [tracking_pick_node]: class=pet_labeled conf=0.95 anchor=(137.2,610.6) kf_x=194.6 kf_vx=-0.00 pending=186 confirmed=True holding=False
[INFO] [1788860909.637647789] [tracking_pick_node]: class=pet_labeled conf=0.95 anchor=(137.2,610.4) kf_x=194.6 kf_vx=-0.00 pending=187 confirmed=True holding=False
[INFO] [1788860909.769414036] [tracking_pick_node]: class=pet_labeled conf=0.95 anchor=(137.2,610.5) kf_x=194.6 kf_vx=-0.00 pending=188 confirmed=True holding=False
[INFO] [1788860909.908567226] [tracking_pick_node]: class=pet_labeled conf=0.95 anchor=(137.2,610.5) kf_x=194.6 kf_vx=-0.00 pending=189 confirmed=True holding=False
[INFO] [1788860910.035971548] [tracking_pick_node]: class=pet_labeled conf=0.95 anchor=(137.2,610.5) kf_x=194.6 kf_vx=-0.00 pending=190 confirmed=True holding=False
[INFO] [1788860910.167956782] [tracking_pick_node]: class=pet_labeled conf=0.95 anchor=(137.2,610.5) kf_x=194.6 kf_vx=-0.00 pending=191 confirmed=True holding=False
[INFO] [1788860910.304947385] [tracking_pick_node]: class=pet_labeled conf=0.95 anchor=(137.2,610.4) kf_x=194.6 kf_vx=-0.00 pending=192 confirmed=True holding=False
[INFO] [1788860910.436997008] [tracking_pick_node]: class=pet_labeled conf=0.95 anchor=(137.2,610.4) kf_x=194.6 kf_vx=-0.00 pending=193 confirmed=True holding=False
[INFO] [1788860910.566942288] [tracking_pick_node]: class=pet_labeled conf=0.95 anchor=(137.2,610.5) kf_x=194.6 kf_vx=-0.00 pending=194 confirmed=True holding=False
[INFO] [1788860910.703586193] [tracking_pick_node]: class=pet_labeled conf=0.95 anchor=(137.2,610.5) kf_x=194.6 kf_vx=-0.00 pending=195 confirmed=True holding=False
[INFO] [1788860910.834909638] [tracking_pick_node]: class=pet_labeled conf=0.95 anchor=(137.2,610.3) kf_x=194.6 kf_vx=-0.00 pending=196 confirmed=True holding=False
[INFO] [1788860910.969713700] [tracking_pick_node]: class=pet_labeled conf=0.95 anchor=(137.2,610.4) kf_x=194.6 kf_vx=-0.00 pending=197 confirmed=True holding=False
[INFO] [1788860911.105085290] [tracking_pick_node]: class=pet_labeled conf=0.95 anchor=(137.2,610.3) kf_x=194.6 kf_vx=-0.00 pending=198 confirmed=True holding=False
[INFO] [1788860911.235154820] [tracking_pick_node]: class=pet_labeled conf=0.95 anchor=(137.2,610.4) kf_x=194.6 kf_vx=-0.00 pending=199 confirmed=True holding=False
[INFO] [1788860911.368752902] [tracking_pick_node]: class=pet_labeled conf=0.95 anchor=(137.2,610.5) kf_x=194.6 kf_vx=-0.00 pending=200 confirmed=True holding=False
[INFO] [1788860911.504229360] [tracking_pick_node]: class=pet_labeled conf=0.95 anchor=(137.2,610.4) kf_x=194.6 kf_vx=-0.00 pending=201 confirmed=True holding=False
[INFO] [1788860911.635717156] [tracking_pick_node]: class=pet_labeled conf=0.95 anchor=(137.2,610.5) kf_x=194.6 kf_vx=-0.00 pending=202 confirmed=True holding=False
[INFO] [1788860911.773322728] [tracking_pick_node]: class=pet_labeled conf=0.95 anchor=(137.2,610.5) kf_x=194.6 kf_vx=-0.00 pending=203 confirmed=True holding=False
[INFO] [1788860911.906659477] [tracking_pick_node]: class=pet_labeled conf=0.95 anchor=(137.2,610.5) kf_x=194.6 kf_vx=-0.00 pending=204 confirmed=True holding=False
[INFO] [1788860912.035683161] [tracking_pick_node]: class=pet_labeled conf=0.95 anchor=(137.2,610.5) kf_x=194.6 kf_vx=-0.00 pending=205 confirmed=True holding=False
[INFO] [1788860912.170051723] [tracking_pick_node]: class=pet_labeled conf=0.95 anchor=(137.2,610.5) kf_x=194.6 kf_vx=-0.00 pending=206 confirmed=True holding=False
[INFO] [1788860912.304154343] [tracking_pick_node]: class=pet_labeled conf=0.95 anchor=(137.2,610.3) kf_x=194.6 kf_vx=-0.00 pending=207 confirmed=True holding=False
[INFO] [1788860912.436001394] [tracking_pick_node]: class=pet_labeled conf=0.95 anchor=(137.2,610.5) kf_x=194.6 kf_vx=-0.00 pending=208 confirmed=True holding=False
[INFO] [1788860912.568175219] [tracking_pick_node]: class=pet_labeled conf=0.95 anchor=(137.2,610.5) kf_x=194.6 kf_vx=-0.00 pending=209 confirmed=True holding=False
[INFO] [1788860912.704533779] [tracking_pick_node]: class=pet_labeled conf=0.95 anchor=(137.2,610.5) kf_x=194.6 kf_vx=-0.00 pending=210 confirmed=True holding=False
[INFO] [1788860912.835795327] [tracking_pick_node]: class=pet_labeled conf=0.95 anchor=(137.2,610.4) kf_x=194.6 kf_vx=-0.00 pending=211 confirmed=True holding=False
[INFO] [1788860912.967029774] [tracking_pick_node]: class=pet_labeled conf=0.95 anchor=(137.2,610.4) kf_x=194.6 kf_vx=-0.00 pending=212 confirmed=True holding=False
[INFO] [1788860913.104656284] [tracking_pick_node]: class=pet_labeled conf=0.95 anchor=(137.2,610.5) kf_x=194.6 kf_vx=-0.00 pending=213 confirmed=True holding=False
[INFO] [1788860913.238073685] [tracking_pick_node]: class=pet_labeled conf=0.95 anchor=(137.2,610.5) kf_x=194.6 kf_vx=-0.00 pending=214 confirmed=True holding=False
[INFO] [1788860913.369627181] [tracking_pick_node]: class=pet_labeled conf=0.95 anchor=(137.2,610.4) kf_x=194.6 kf_vx=-0.00 pending=215 confirmed=True holding=False
[INFO] [1788860913.513911744] [tracking_pick_node]: class=pet_labeled conf=0.95 anchor=(137.2,610.5) kf_x=194.6 kf_vx=-0.00 pending=216 confirmed=True holding=False
[INFO] [1788860913.638028757] [tracking_pick_node]: class=pet_labeled conf=0.95 anchor=(137.2,610.5) kf_x=194.6 kf_vx=-0.00 pending=217 confirmed=True holding=False
[INFO] [1788860913.768101242] [tracking_pick_node]: class=pet_labeled conf=0.95 anchor=(137.2,610.5) kf_x=194.6 kf_vx=-0.00 pending=218 confirmed=True holding=False
[INFO] [1788860913.903690406] [tracking_pick_node]: class=pet_labeled conf=0.95 anchor=(137.2,610.4) kf_x=194.6 kf_vx=-0.00 pending=219 confirmed=True holding=False
[INFO] [1788860914.036863980] [tracking_pick_node]: class=pet_labeled conf=0.95 anchor=(137.2,610.6) kf_x=194.6 kf_vx=-0.00 pending=220 confirmed=True holding=False
[INFO] [1788860914.169185596] [tracking_pick_node]: class=pet_labeled conf=0.95 anchor=(137.2,610.5) kf_x=194.6 kf_vx=-0.00 pending=221 confirmed=True holding=False
[INFO] [1788860914.305492741] [tracking_pick_node]: class=pet_labeled conf=0.95 anchor=(137.2,610.4) kf_x=194.6 kf_vx=0.00 pending=222 confirmed=True holding=False
[INFO] [1788860914.436089874] [tracking_pick_node]: class=pet_labeled conf=0.95 anchor=(137.2,610.5) kf_x=194.6 kf_vx=-0.00 pending=223 confirmed=True holding=False
[INFO] [1788860914.569097122] [tracking_pick_node]: class=pet_labeled conf=0.95 anchor=(137.2,610.6) kf_x=194.6 kf_vx=0.00 pending=224 confirmed=True holding=False
[INFO] [1788860914.703106391] [tracking_pick_node]: class=pet_labeled conf=0.95 anchor=(137.2,610.4) kf_x=194.6 kf_vx=0.00 pending=225 confirmed=True holding=False
[INFO] [1788860914.837942734] [tracking_pick_node]: class=pet_labeled conf=0.95 anchor=(137.2,610.5) kf_x=194.6 kf_vx=0.00 pending=226 confirmed=True holding=False
[INFO] [1788860914.975336820] [tracking_pick_node]: class=pet_labeled conf=0.95 anchor=(137.2,610.5) kf_x=194.6 kf_vx=0.00 pending=227 confirmed=True holding=False
[INFO] [1788860915.104946843] [tracking_pick_node]: class=pet_labeled conf=0.95 anchor=(137.2,610.5) kf_x=194.6 kf_vx=0.00 pending=228 confirmed=True holding=False
[INFO] [1788860915.235832708] [tracking_pick_node]: class=pet_labeled conf=0.95 anchor=(137.2,610.6) kf_x=194.6 kf_vx=0.00 pending=229 confirmed=True holding=False
[INFO] [1788860915.367861759] [tracking_pick_node]: class=pet_labeled conf=0.95 anchor=(137.2,610.4) kf_x=194.6 kf_vx=0.00 pending=230 confirmed=True holding=False
[INFO] [1788860915.504849602] [tracking_pick_node]: class=pet_labeled conf=0.95 anchor=(137.2,610.5) kf_x=194.6 kf_vx=-0.00 pending=231 confirmed=True holding=False
[INFO] [1788860915.638450051] [tracking_pick_node]: class=pet_labeled conf=0.95 anchor=(137.1,610.5) kf_x=194.6 kf_vx=-0.00 pending=232 confirmed=True holding=False
[INFO] [1788860915.769515858] [tracking_pick_node]: class=pet_labeled conf=0.95 anchor=(137.2,610.5) kf_x=194.6 kf_vx=-0.00 pending=233 confirmed=True holding=False
[INFO] [1788860915.904064439] [tracking_pick_node]: class=pet_labeled conf=0.95 anchor=(137.1,610.5) kf_x=194.6 kf_vx=-0.00 pending=234 confirmed=True holding=False
[INFO] [1788860916.036759879] [tracking_pick_node]: class=pet_labeled conf=0.95 anchor=(137.2,610.5) kf_x=194.6 kf_vx=-0.00 pending=235 confirmed=True holding=False
[INFO] [1788860916.169984175] [tracking_pick_node]: class=pet_labeled conf=0.95 anchor=(137.2,610.6) kf_x=194.6 kf_vx=-0.00 pending=236 confirmed=True holding=False
[INFO] [1788860916.309463073] [tracking_pick_node]: class=pet_labeled conf=0.95 anchor=(137.1,610.6) kf_x=194.6 kf_vx=-0.00 pending=237 confirmed=True holding=False
[INFO] [1788860916.436742229] [tracking_pick_node]: class=pet_labeled conf=0.95 anchor=(137.2,610.5) kf_x=194.6 kf_vx=-0.00 pending=238 confirmed=True holding=False
[INFO] [1788860916.572173268] [tracking_pick_node]: class=pet_labeled conf=0.95 anchor=(137.2,610.4) kf_x=194.6 kf_vx=-0.00 pending=239 confirmed=True holding=False
[INFO] [1788860916.705004973] [tracking_pick_node]: class=pet_labeled conf=0.95 anchor=(137.2,610.6) kf_x=194.6 kf_vx=-0.00 pending=240 confirmed=True holding=False
[INFO] [1788860916.836508985] [tracking_pick_node]: class=pet_labeled conf=0.95 anchor=(137.1,610.4) kf_x=194.6 kf_vx=-0.00 pending=241 confirmed=True holding=False
[INFO] [1788860916.967652713] [tracking_pick_node]: class=pet_labeled conf=0.95 anchor=(137.2,610.5) kf_x=194.6 kf_vx=-0.00 pending=242 confirmed=True holding=False
[INFO] [1788860917.103193091] [tracking_pick_node]: class=pet_labeled conf=0.95 anchor=(137.2,610.5) kf_x=194.6 kf_vx=-0.00 pending=243 confirmed=True holding=False
[INFO] [1788860917.236435251] [tracking_pick_node]: class=pet_labeled conf=0.95 anchor=(137.2,610.4) kf_x=194.6 kf_vx=-0.00 pending=244 confirmed=True holding=False
[INFO] [1788860917.367558397] [tracking_pick_node]: class=pet_labeled conf=0.95 anchor=(137.2,610.4) kf_x=194.6 kf_vx=-0.00 pending=245 confirmed=True holding=False
[INFO] [1788860917.503983562] [tracking_pick_node]: class=pet_labeled conf=0.95 anchor=(137.1,610.4) kf_x=194.6 kf_vx=-0.00 pending=246 confirmed=True holding=False
[INFO] [1788860917.635891083] [tracking_pick_node]: class=pet_labeled conf=0.95 anchor=(137.2,610.6) kf_x=194.6 kf_vx=-0.00 pending=247 confirmed=True holding=False
[INFO] [1788860917.768788767] [tracking_pick_node]: class=pet_labeled conf=0.95 anchor=(137.1,610.5) kf_x=194.6 kf_vx=-0.00 pending=248 confirmed=True holding=False
[INFO] [1788860917.905962175] [tracking_pick_node]: class=pet_labeled conf=0.95 anchor=(137.1,610.5) kf_x=194.6 kf_vx=-0.00 pending=249 confirmed=True holding=False
[INFO] [1788860918.035465914] [tracking_pick_node]: class=pet_labeled conf=0.95 anchor=(137.1,610.5) kf_x=194.6 kf_vx=-0.01 pending=250 confirmed=True holding=False
[INFO] [1788860918.167838184] [tracking_pick_node]: class=pet_labeled conf=0.95 anchor=(137.2,610.4) kf_x=194.6 kf_vx=-0.00 pending=251 confirmed=True holding=False
[INFO] [1788860918.303072478] [tracking_pick_node]: class=pet_labeled conf=0.95 anchor=(137.2,610.5) kf_x=194.6 kf_vx=-0.00 pending=252 confirmed=True holding=False
[INFO] [1788860918.436156177] [tracking_pick_node]: class=pet_labeled conf=0.95 anchor=(137.2,610.5) kf_x=194.6 kf_vx=-0.00 pending=253 confirmed=True holding=False
[INFO] [1788860918.570196953] [tracking_pick_node]: class=pet_labeled conf=0.95 anchor=(137.2,610.4) kf_x=194.6 kf_vx=-0.00 pending=254 confirmed=True holding=False
[INFO] [1788860918.706762960] [tracking_pick_node]: class=pet_labeled conf=0.95 anchor=(137.2,610.4) kf_x=194.6 kf_vx=-0.00 pending=255 confirmed=True holding=False
[INFO] [1788860918.837636629] [tracking_pick_node]: class=pet_labeled conf=0.95 anchor=(137.1,610.4) kf_x=194.6 kf_vx=-0.00 pending=256 confirmed=True holding=False
[INFO] [1788860918.968540581] [tracking_pick_node]: class=pet_labeled conf=0.95 anchor=(137.2,610.4) kf_x=194.6 kf_vx=-0.00 pending=257 confirmed=True holding=False
[INFO] [1788860919.104938593] [tracking_pick_node]: class=pet_labeled conf=0.95 anchor=(137.1,610.3) kf_x=194.6 kf_vx=-0.01 pending=258 confirmed=True holding=False
[INFO] [1788860919.237433926] [tracking_pick_node]: class=pet_labeled conf=0.95 anchor=(137.1,610.5) kf_x=194.6 kf_vx=-0.01 pending=259 confirmed=True holding=False
[INFO] [1788860919.369472934] [tracking_pick_node]: class=pet_labeled conf=0.95 anchor=(137.2,610.5) kf_x=194.6 kf_vx=-0.00 pending=260 confirmed=True holding=False
[INFO] [1788860919.504933995] [tracking_pick_node]: class=pet_labeled conf=0.95 anchor=(137.1,610.5) kf_x=194.6 kf_vx=-0.00 pending=261 confirmed=True holding=False
[INFO] [1788860919.636030234] [tracking_pick_node]: class=pet_labeled conf=0.95 anchor=(137.2,610.6) kf_x=194.6 kf_vx=-0.00 pending=262 confirmed=True holding=False
[INFO] [1788860919.773722292] [tracking_pick_node]: class=pet_labeled conf=0.95 anchor=(137.2,610.5) kf_x=194.6 kf_vx=-0.00 pending=263 confirmed=True holding=False
[INFO] [1788860919.899809016] [tracking_pick_node]: class=pet_labeled conf=0.95 anchor=(137.1,610.4) kf_x=194.6 kf_vx=-0.00 pending=264 confirmed=True holding=False
[INFO] [1788860920.035717394] [tracking_pick_node]: class=pet_labeled conf=0.95 anchor=(137.2,610.4) kf_x=194.6 kf_vx=-0.00 pending=265 confirmed=True holding=False
[INFO] [1788860920.168488283] [tracking_pick_node]: class=pet_labeled conf=0.95 anchor=(137.2,610.5) kf_x=194.6 kf_vx=-0.00 pending=266 confirmed=True holding=False
[INFO] [1788860920.300582799] [tracking_pick_node]: class=pet_labeled conf=0.95 anchor=(137.2,610.7) kf_x=194.6 kf_vx=-0.00 pending=267 confirmed=True holding=False
[INFO] [1788860920.436203775] [tracking_pick_node]: class=pet_labeled conf=0.95 anchor=(137.1,610.7) kf_x=194.6 kf_vx=-0.00 pending=268 confirmed=True holding=False
[INFO] [1788860920.568981534] [tracking_pick_node]: class=pet_labeled conf=0.95 anchor=(137.2,610.5) kf_x=194.6 kf_vx=-0.00 pending=269 confirmed=True holding=False
[INFO] [1788860920.699577754] [tracking_pick_node]: class=pet_labeled conf=0.95 anchor=(137.2,610.6) kf_x=194.6 kf_vx=0.00 pending=270 confirmed=True holding=False
[INFO] [1788860921.899846776] [tracking_pick_node]: class=pet_labeled conf=0.91 anchor=(389.5,470.5) kf_x=318.1 kf_vx=0.00 pending=1 confirmed=False holding=False
[INFO] [1788860922.040194125] [tracking_pick_node]: class=pet_labeled conf=0.90 anchor=(371.1,476.7) kf_x=308.2 kf_vx=-1.37 pending=2 confirmed=False holding=False
[INFO] [1788860922.166904194] [tracking_pick_node]: class=pet_labeled conf=0.88 anchor=(307.7,505.6) kf_x=278.2 kf_vx=-209.57 pending=3 confirmed=False holding=False
[INFO] [1788860922.301151676] [tracking_pick_node]: class=pet_labeled conf=0.93 anchor=(271.0,519.2) kf_x=254.8 kf_vx=-188.72 pending=4 confirmed=False holding=False
[INFO] [1788860922.437512941] [tracking_pick_node]: class=pet_labeled conf=0.90 anchor=(264.4,518.0) kf_x=245.2 kf_vx=-136.96 pending=5 confirmed=False holding=False
[INFO] [1788860922.567873978] [tracking_pick_node]: class=pet_labeled conf=0.85 anchor=(252.5,522.1) kf_x=238.5 kf_vx=-109.18 pending=6 confirmed=False holding=False
[INFO] [1788860922.700017587] [tracking_pick_node]: class=pet_labeled conf=0.88 anchor=(247.6,533.4) kf_x=234.7 kf_vx=-87.31 pending=7 confirmed=False holding=False
[INFO] [1788860922.835762660] [tracking_pick_node]: class=pet_labeled conf=0.92 anchor=(259.7,548.4) kf_x=236.7 kf_vx=-63.41 pending=8 confirmed=False holding=False
[INFO] [1788860922.967932109] [tracking_pick_node]: class=pet_labeled conf=0.93 anchor=(273.2,570.8) kf_x=242.2 kf_vx=-42.45 pending=9 confirmed=True holding=False
[INFO] [1788860923.101581325] [tracking_pick_node]: class=pet_labeled conf=0.96 anchor=(274.3,622.9) kf_x=248.0 kf_vx=-27.29 pending=10 confirmed=True holding=False
[INFO] [1788860923.237301063] [tracking_pick_node]: class=pet_labeled conf=0.97 anchor=(275.1,624.1) kf_x=252.3 kf_vx=-17.82 pending=11 confirmed=True holding=False
[INFO] [1788860923.368527173] [tracking_pick_node]: class=pet_labeled conf=0.97 anchor=(275.4,623.9) kf_x=255.5 kf_vx=-11.84 pending=12 confirmed=True holding=False
[INFO] [1788860923.499847311] [tracking_pick_node]: class=pet_labeled conf=0.97 anchor=(274.8,624.0) kf_x=257.9 kf_vx=-8.03 pending=13 confirmed=True holding=False
[INFO] [1788860923.635859763] [tracking_pick_node]: class=pet_labeled conf=0.97 anchor=(275.3,623.9) kf_x=259.7 kf_vx=-5.38 pending=14 confirmed=True holding=False
[INFO] [1788860923.768643113] [tracking_pick_node]: class=pet_labeled conf=0.97 anchor=(275.0,624.0) kf_x=261.1 kf_vx=-3.60 pending=15 confirmed=True holding=False
[INFO] [1788860923.901213240] [tracking_pick_node]: class=pet_labeled conf=0.97 anchor=(274.9,624.1) kf_x=262.2 kf_vx=-2.36 pending=16 confirmed=True holding=False
[INFO] [1788860924.036719388] [tracking_pick_node]: class=pet_labeled conf=0.97 anchor=(275.2,624.0) kf_x=263.2 kf_vx=-1.45 pending=17 confirmed=True holding=False
[INFO] [1788860924.169188413] [tracking_pick_node]: class=pet_labeled conf=0.97 anchor=(274.9,624.0) kf_x=263.9 kf_vx=-0.82 pending=18 confirmed=True holding=False
[INFO] [1788860924.302040835] [tracking_pick_node]: class=pet_labeled conf=0.97 anchor=(275.0,624.0) kf_x=264.5 kf_vx=-0.35 pending=19 confirmed=True holding=False
[INFO] [1788860924.442468537] [tracking_pick_node]: class=pet_labeled conf=0.97 anchor=(274.9,623.9) kf_x=265.0 kf_vx=-0.02 pending=20 confirmed=True holding=False
[INFO] [1788860924.568477176] [tracking_pick_node]: class=pet_labeled conf=0.97 anchor=(275.1,623.9) kf_x=265.4 kf_vx=0.24 pending=21 confirmed=True holding=False
[INFO] [1788860924.707024579] [tracking_pick_node]: class=pet_labeled conf=0.97 anchor=(275.1,624.0) kf_x=265.8 kf_vx=0.42 pending=22 confirmed=True holding=False
[INFO] [1788860924.836555108] [tracking_pick_node]: class=pet_labeled conf=0.97 anchor=(274.9,624.0) kf_x=266.1 kf_vx=0.55 pending=23 confirmed=True holding=False
[INFO] [1788860924.969598462] [tracking_pick_node]: class=pet_labeled conf=0.97 anchor=(275.0,624.0) kf_x=266.3 kf_vx=0.64 pending=24 confirmed=True holding=False
[INFO] [1788860925.105726642] [tracking_pick_node]: class=pet_labeled conf=0.97 anchor=(275.1,624.0) kf_x=266.6 kf_vx=0.71 pending=25 confirmed=True holding=False
[INFO] [1788860925.235604477] [tracking_pick_node]: class=pet_labeled conf=0.97 anchor=(274.9,624.0) kf_x=266.7 kf_vx=0.75 pending=26 confirmed=True holding=False
[INFO] [1788860925.368306056] [tracking_pick_node]: class=pet_labeled conf=0.97 anchor=(275.0,624.0) kf_x=266.9 kf_vx=0.78 pending=27 confirmed=True holding=False
[INFO] [1788860925.500057457] [tracking_pick_node]: class=pet_labeled conf=0.97 anchor=(275.1,624.0) kf_x=267.0 kf_vx=0.80 pending=28 confirmed=True holding=False
[INFO] [1788860925.636992184] [tracking_pick_node]: class=pet_labeled conf=0.97 anchor=(275.0,624.2) kf_x=267.2 kf_vx=0.80 pending=29 confirmed=True holding=False
[INFO] [1788860925.768904763] [tracking_pick_node]: class=pet_labeled conf=0.97 anchor=(275.1,624.0) kf_x=267.3 kf_vx=0.81 pending=30 confirmed=True holding=False
[INFO] [1788860925.902319305] [tracking_pick_node]: class=pet_labeled conf=0.97 anchor=(275.0,624.0) kf_x=267.4 kf_vx=0.80 pending=31 confirmed=True holding=False
[INFO] [1788860926.035963356] [tracking_pick_node]: class=pet_labeled conf=0.97 anchor=(275.2,624.0) kf_x=267.5 kf_vx=0.79 pending=32 confirmed=True holding=False
[INFO] [1788860926.168556257] [tracking_pick_node]: class=pet_labeled conf=0.97 anchor=(275.1,624.1) kf_x=267.5 kf_vx=0.78 pending=33 confirmed=True holding=False
[INFO] [1788860926.301516119] [tracking_pick_node]: class=pet_labeled conf=0.97 anchor=(275.0,624.0) kf_x=267.6 kf_vx=0.77 pending=34 confirmed=True holding=False
[INFO] [1788860926.436538781] [tracking_pick_node]: class=pet_labeled conf=0.97 anchor=(275.0,623.9) kf_x=267.7 kf_vx=0.75 pending=35 confirmed=True holding=False
[INFO] [1788860926.568810679] [tracking_pick_node]: class=pet_labeled conf=0.97 anchor=(275.0,623.9) kf_x=267.7 kf_vx=0.72 pending=36 confirmed=True holding=False
[INFO] [1788860926.699278691] [tracking_pick_node]: class=pet_labeled conf=0.97 anchor=(274.9,624.1) kf_x=267.7 kf_vx=0.70 pending=37 confirmed=True holding=False
[INFO] [1788860926.838127322] [tracking_pick_node]: class=pet_labeled conf=0.97 anchor=(274.9,624.0) kf_x=267.8 kf_vx=0.68 pending=38 confirmed=True holding=False
[INFO] [1788860926.969809233] [tracking_pick_node]: class=pet_labeled conf=0.97 anchor=(275.0,624.0) kf_x=267.8 kf_vx=0.66 pending=39 confirmed=True holding=False
[INFO] [1788860927.102942325] [tracking_pick_node]: class=pet_labeled conf=0.97 anchor=(275.0,624.0) kf_x=267.8 kf_vx=0.64 pending=40 confirmed=True holding=False
[INFO] [1788860927.235988571] [tracking_pick_node]: class=pet_labeled conf=0.97 anchor=(275.0,624.0) kf_x=267.8 kf_vx=0.61 pending=41 confirmed=True holding=False
[INFO] [1788860927.368060205] [tracking_pick_node]: class=pet_labeled conf=0.97 anchor=(275.0,624.0) kf_x=267.8 kf_vx=0.59 pending=42 confirmed=True holding=False
[INFO] [1788860927.501953072] [tracking_pick_node]: class=pet_labeled conf=0.97 anchor=(275.0,624.0) kf_x=267.9 kf_vx=0.57 pending=43 confirmed=True holding=False
[INFO] [1788860927.635977405] [tracking_pick_node]: class=pet_labeled conf=0.97 anchor=(275.1,624.0) kf_x=267.9 kf_vx=0.55 pending=44 confirmed=True holding=False
[INFO] [1788860927.769244709] [tracking_pick_node]: class=pet_labeled conf=0.97 anchor=(275.1,624.1) kf_x=267.9 kf_vx=0.53 pending=45 confirmed=True holding=False
[INFO] [1788860927.900656834] [tracking_pick_node]: class=pet_labeled conf=0.97 anchor=(275.1,624.0) kf_x=267.9 kf_vx=0.51 pending=46 confirmed=True holding=False
[INFO] [1788860928.042099578] [tracking_pick_node]: class=pet_labeled conf=0.97 anchor=(275.0,624.1) kf_x=267.9 kf_vx=0.48 pending=47 confirmed=True holding=False
[INFO] [1788860928.171055977] [tracking_pick_node]: class=pet_labeled conf=0.97 anchor=(275.0,624.0) kf_x=267.9 kf_vx=0.46 pending=48 confirmed=True holding=False
[INFO] [1788860928.299714182] [tracking_pick_node]: class=pet_labeled conf=0.97 anchor=(275.1,624.1) kf_x=267.9 kf_vx=0.44 pending=49 confirmed=True holding=False
[INFO] [1788860928.436933457] [tracking_pick_node]: class=pet_labeled conf=0.97 anchor=(274.9,624.1) kf_x=267.9 kf_vx=0.42 pending=50 confirmed=True holding=False
[INFO] [1788860928.567531755] [tracking_pick_node]: class=pet_labeled conf=0.97 anchor=(274.9,624.0) kf_x=267.9 kf_vx=0.40 pending=51 confirmed=True holding=False
[INFO] [1788860928.701750201] [tracking_pick_node]: class=pet_labeled conf=0.97 anchor=(275.0,624.0) kf_x=267.9 kf_vx=0.38 pending=52 confirmed=True holding=False
[INFO] [1788860928.838569213] [tracking_pick_node]: class=pet_labeled conf=0.97 anchor=(275.0,624.1) kf_x=267.9 kf_vx=0.36 pending=53 confirmed=True holding=False
[INFO] [1788860928.967822475] [tracking_pick_node]: class=pet_labeled conf=0.97 anchor=(275.1,624.0) kf_x=267.9 kf_vx=0.34 pending=54 confirmed=True holding=False
[INFO] [1788860929.100234522] [tracking_pick_node]: class=pet_labeled conf=0.97 anchor=(275.0,623.9) kf_x=267.8 kf_vx=0.32 pending=55 confirmed=True holding=False
[INFO] [1788860929.237098880] [tracking_pick_node]: class=pet_labeled conf=0.97 anchor=(275.0,624.0) kf_x=267.8 kf_vx=0.30 pending=56 confirmed=True holding=False
[INFO] [1788860929.369361271] [tracking_pick_node]: class=pet_labeled conf=0.97 anchor=(275.0,624.1) kf_x=267.8 kf_vx=0.29 pending=57 confirmed=True holding=False
[INFO] [1788860929.505987798] [tracking_pick_node]: class=pet_labeled conf=0.97 anchor=(275.0,624.0) kf_x=267.8 kf_vx=0.27 pending=58 confirmed=True holding=False
[INFO] [1788860929.645222001] [tracking_pick_node]: class=pet_labeled conf=0.97 anchor=(274.9,624.0) kf_x=267.8 kf_vx=0.25 pending=59 confirmed=True holding=False
[INFO] [1788860929.769444308] [tracking_pick_node]: class=pet_labeled conf=0.97 anchor=(275.0,624.0) kf_x=267.8 kf_vx=0.24 pending=60 confirmed=True holding=False
[INFO] [1788860929.902666816] [tracking_pick_node]: class=pet_labeled conf=0.97 anchor=(275.1,624.0) kf_x=267.8 kf_vx=0.22 pending=61 confirmed=True holding=False
[INFO] [1788860930.037977206] [tracking_pick_node]: class=pet_labeled conf=0.97 anchor=(274.9,624.0) kf_x=267.7 kf_vx=0.20 pending=62 confirmed=True holding=False
[INFO] [1788860930.168014791] [tracking_pick_node]: class=pet_labeled conf=0.97 anchor=(275.0,624.1) kf_x=267.7 kf_vx=0.19 pending=63 confirmed=True holding=False
[INFO] [1788860930.302118413] [tracking_pick_node]: class=pet_labeled conf=0.97 anchor=(275.0,624.1) kf_x=267.7 kf_vx=0.18 pending=64 confirmed=True holding=False
[INFO] [1788860930.439521591] [tracking_pick_node]: class=pet_labeled conf=0.97 anchor=(275.0,624.0) kf_x=267.7 kf_vx=0.16 pending=65 confirmed=True holding=False
[INFO] [1788860930.569584519] [tracking_pick_node]: class=pet_labeled conf=0.97 anchor=(274.9,624.0) kf_x=267.7 kf_vx=0.15 pending=66 confirmed=True holding=False
[INFO] [1788860930.700792061] [tracking_pick_node]: class=pet_labeled conf=0.97 anchor=(275.0,624.0) kf_x=267.7 kf_vx=0.14 pending=67 confirmed=True holding=False
[INFO] [1788860930.836929169] [tracking_pick_node]: class=pet_labeled conf=0.97 anchor=(274.9,624.1) kf_x=267.6 kf_vx=0.13 pending=68 confirmed=True holding=False
[INFO] [1788860930.968601004] [tracking_pick_node]: class=pet_labeled conf=0.97 anchor=(275.0,624.0) kf_x=267.6 kf_vx=0.11 pending=69 confirmed=True holding=False
[INFO] [1788860931.099725796] [tracking_pick_node]: class=pet_labeled conf=0.97 anchor=(275.0,624.0) kf_x=267.6 kf_vx=0.10 pending=70 confirmed=True holding=False
[INFO] [1788860931.236108650] [tracking_pick_node]: class=pet_labeled conf=0.97 anchor=(274.9,624.0) kf_x=267.6 kf_vx=0.09 pending=71 confirmed=True holding=False
[INFO] [1788860931.368103478] [tracking_pick_node]: class=pet_labeled conf=0.97 anchor=(275.0,624.1) kf_x=267.6 kf_vx=0.08 pending=72 confirmed=True holding=False
[INFO] [1788860931.500466281] [tracking_pick_node]: class=pet_labeled conf=0.97 anchor=(275.0,624.0) kf_x=267.6 kf_vx=0.07 pending=73 confirmed=True holding=False
[INFO] [1788860931.636355368] [tracking_pick_node]: class=pet_labeled conf=0.97 anchor=(274.9,624.1) kf_x=267.5 kf_vx=0.06 pending=74 confirmed=True holding=False
[INFO] [1788860931.768093326] [tracking_pick_node]: class=pet_labeled conf=0.97 anchor=(275.0,624.0) kf_x=267.5 kf_vx=0.06 pending=75 confirmed=True holding=False
[INFO] [1788860931.901271722] [tracking_pick_node]: class=pet_labeled conf=0.97 anchor=(275.0,624.0) kf_x=267.5 kf_vx=0.05 pending=76 confirmed=True holding=False
[INFO] [1788860932.036349318] [tracking_pick_node]: class=pet_labeled conf=0.97 anchor=(275.0,624.0) kf_x=267.5 kf_vx=0.04 pending=77 confirmed=True holding=False
[INFO] [1788860932.167287177] [tracking_pick_node]: class=pet_labeled conf=0.97 anchor=(275.0,624.1) kf_x=267.5 kf_vx=0.03 pending=78 confirmed=True holding=False
[INFO] [1788860932.299271377] [tracking_pick_node]: class=pet_labeled conf=0.97 anchor=(274.9,624.1) kf_x=267.5 kf_vx=0.03 pending=79 confirmed=True holding=False
[INFO] [1788860932.440575515] [tracking_pick_node]: class=pet_labeled conf=0.97 anchor=(275.0,624.0) kf_x=267.4 kf_vx=0.02 pending=80 confirmed=True holding=False
[INFO] [1788860932.569042111] [tracking_pick_node]: class=pet_labeled conf=0.97 anchor=(275.0,624.1) kf_x=267.4 kf_vx=0.02 pending=81 confirmed=True holding=False
[INFO] [1788860932.700635268] [tracking_pick_node]: class=pet_labeled conf=0.97 anchor=(274.9,624.0) kf_x=267.4 kf_vx=0.01 pending=82 confirmed=True holding=False
[INFO] [1788860932.836324472] [tracking_pick_node]: class=pet_labeled conf=0.97 anchor=(274.9,624.0) kf_x=267.4 kf_vx=0.00 pending=83 confirmed=True holding=False
[INFO] [1788860932.967686828] [tracking_pick_node]: class=pet_labeled conf=0.97 anchor=(274.9,623.9) kf_x=267.4 kf_vx=-0.00 pending=84 confirmed=True holding=False
[INFO] [1788860933.111788456] [tracking_pick_node]: class=pet_labeled conf=0.97 anchor=(275.0,624.0) kf_x=267.4 kf_vx=-0.00 pending=85 confirmed=True holding=False
[INFO] [1788860933.235462139] [tracking_pick_node]: class=pet_labeled conf=0.97 anchor=(275.0,624.0) kf_x=267.4 kf_vx=-0.01 pending=86 confirmed=True holding=False
[INFO] [1788860933.368606008] [tracking_pick_node]: class=pet_labeled conf=0.97 anchor=(275.0,624.0) kf_x=267.4 kf_vx=-0.01 pending=87 confirmed=True holding=False
[INFO] [1788860933.499931616] [tracking_pick_node]: class=pet_labeled conf=0.97 anchor=(275.0,624.0) kf_x=267.3 kf_vx=-0.01 pending=88 confirmed=True holding=False
[INFO] [1788860933.632260773] [tracking_pick_node]: class=pet_labeled conf=0.97 anchor=(275.0,624.0) kf_x=267.3 kf_vx=-0.02 pending=89 confirmed=True holding=False
[INFO] [1788860933.768272496] [tracking_pick_node]: class=pet_labeled conf=0.97 anchor=(275.0,624.0) kf_x=267.3 kf_vx=-0.02 pending=90 confirmed=True holding=False
[INFO] [1788860933.899893154] [tracking_pick_node]: class=pet_labeled conf=0.97 anchor=(275.0,624.1) kf_x=267.3 kf_vx=-0.02 pending=91 confirmed=True holding=False
[INFO] [1788860934.032343458] [tracking_pick_node]: class=pet_labeled conf=0.97 anchor=(275.0,623.9) kf_x=267.3 kf_vx=-0.02 pending=92 confirmed=True holding=False
[INFO] [1788860934.169097912] [tracking_pick_node]: class=pet_labeled conf=0.97 anchor=(275.0,624.0) kf_x=267.3 kf_vx=-0.02 pending=93 confirmed=True holding=False
[INFO] [1788860934.300091125] [tracking_pick_node]: class=pet_labeled conf=0.97 anchor=(275.0,623.9) kf_x=267.3 kf_vx=-0.02 pending=94 confirmed=True holding=False
[INFO] [1788860934.432773572] [tracking_pick_node]: class=pet_labeled conf=0.97 anchor=(275.1,624.0) kf_x=267.3 kf_vx=-0.02 pending=95 confirmed=True holding=False
[INFO] [1788860934.567813975] [tracking_pick_node]: class=pet_labeled conf=0.97 anchor=(274.9,624.0) kf_x=267.3 kf_vx=-0.03 pending=96 confirmed=True holding=False
[INFO] [1788860934.699808751] [tracking_pick_node]: class=pet_labeled conf=0.97 anchor=(275.0,624.0) kf_x=267.3 kf_vx=-0.03 pending=97 confirmed=True holding=False
[INFO] [1788860934.833207499] [tracking_pick_node]: class=pet_labeled conf=0.97 anchor=(275.0,623.9) kf_x=267.3 kf_vx=-0.03 pending=98 confirmed=True holding=False
[INFO] [1788860934.972039016] [tracking_pick_node]: class=pet_labeled conf=0.97 anchor=(275.0,624.0) kf_x=267.3 kf_vx=-0.03 pending=99 confirmed=True holding=False
[INFO] [1788860935.099981283] [tracking_pick_node]: class=pet_labeled conf=0.97 anchor=(274.9,624.1) kf_x=267.3 kf_vx=-0.03 pending=100 confirmed=True holding=False
[INFO] [1788860935.232669996] [tracking_pick_node]: class=pet_labeled conf=0.97 anchor=(275.0,624.0) kf_x=267.3 kf_vx=-0.03 pending=101 confirmed=True holding=False
[INFO] [1788860935.367650925] [tracking_pick_node]: class=pet_labeled conf=0.97 anchor=(275.1,624.1) kf_x=267.3 kf_vx=-0.03 pending=102 confirmed=True holding=False
[INFO] [1788860935.500373307] [tracking_pick_node]: class=pet_labeled conf=0.97 anchor=(275.0,624.1) kf_x=267.3 kf_vx=-0.03 pending=103 confirmed=True holding=False
[INFO] [1788860935.631590325] [tracking_pick_node]: class=pet_labeled conf=0.97 anchor=(275.0,624.1) kf_x=267.3 kf_vx=-0.03 pending=104 confirmed=True holding=False
[INFO] [1788860935.768127896] [tracking_pick_node]: class=pet_labeled conf=0.97 anchor=(275.0,624.0) kf_x=267.3 kf_vx=-0.03 pending=105 confirmed=True holding=False
[INFO] [1788860935.900969674] [tracking_pick_node]: class=pet_labeled conf=0.97 anchor=(275.0,624.0) kf_x=267.2 kf_vx=-0.03 pending=106 confirmed=True holding=False
[INFO] [1788860936.031841072] [tracking_pick_node]: class=pet_labeled conf=0.97 anchor=(275.0,624.0) kf_x=267.2 kf_vx=-0.02 pending=107 confirmed=True holding=False
[INFO] [1788860936.167555198] [tracking_pick_node]: class=pet_labeled conf=0.97 anchor=(275.1,624.1) kf_x=267.2 kf_vx=-0.02 pending=108 confirmed=True holding=False
[INFO] [1788860936.299573365] [tracking_pick_node]: class=pet_labeled conf=0.97 anchor=(275.1,624.1) kf_x=267.2 kf_vx=-0.02 pending=109 confirmed=True holding=False
[INFO] [1788860936.432852315] [tracking_pick_node]: class=pet_labeled conf=0.97 anchor=(274.9,624.0) kf_x=267.2 kf_vx=-0.02 pending=110 confirmed=True holding=False
[INFO] [1788860936.567679946] [tracking_pick_node]: class=pet_labeled conf=0.97 anchor=(275.1,624.1) kf_x=267.2 kf_vx=-0.02 pending=111 confirmed=True holding=False
[INFO] [1788860936.699646197] [tracking_pick_node]: class=pet_labeled conf=0.97 anchor=(275.0,624.0) kf_x=267.2 kf_vx=-0.02 pending=112 confirmed=True holding=False
[INFO] [1788860936.832133416] [tracking_pick_node]: class=pet_labeled conf=0.97 anchor=(274.9,624.0) kf_x=267.2 kf_vx=-0.02 pending=113 confirmed=True holding=False
[INFO] [1788860936.967512085] [tracking_pick_node]: class=pet_labeled conf=0.97 anchor=(274.9,624.0) kf_x=267.2 kf_vx=-0.02 pending=114 confirmed=True holding=False
[INFO] [1788860937.100994378] [tracking_pick_node]: class=pet_labeled conf=0.97 anchor=(275.1,624.1) kf_x=267.2 kf_vx=-0.02 pending=115 confirmed=True holding=False
[INFO] [1788860937.232308597] [tracking_pick_node]: class=pet_labeled conf=0.97 anchor=(275.0,624.1) kf_x=267.2 kf_vx=-0.02 pending=116 confirmed=True holding=False
[INFO] [1788860937.368059333] [tracking_pick_node]: class=pet_labeled conf=0.97 anchor=(274.9,624.0) kf_x=267.2 kf_vx=-0.02 pending=117 confirmed=True holding=False
[INFO] [1788860937.499795827] [tracking_pick_node]: class=pet_labeled conf=0.97 anchor=(275.0,624.0) kf_x=267.2 kf_vx=-0.02 pending=118 confirmed=True holding=False
[INFO] [1788860937.632732934] [tracking_pick_node]: class=pet_labeled conf=0.97 anchor=(275.0,624.0) kf_x=267.2 kf_vx=-0.02 pending=119 confirmed=True holding=False
[INFO] [1788860937.768656386] [tracking_pick_node]: class=pet_labeled conf=0.97 anchor=(275.0,624.1) kf_x=267.2 kf_vx=-0.01 pending=120 confirmed=True holding=False
[INFO] [1788860937.900880663] [tracking_pick_node]: class=pet_labeled conf=0.97 anchor=(275.1,624.0) kf_x=267.2 kf_vx=-0.01 pending=121 confirmed=True holding=False
[INFO] [1788860938.033368231] [tracking_pick_node]: class=pet_labeled conf=0.97 anchor=(275.0,624.0) kf_x=267.2 kf_vx=-0.01 pending=122 confirmed=True holding=False
[INFO] [1788860938.171415010] [tracking_pick_node]: class=pet_labeled conf=0.97 anchor=(275.0,624.0) kf_x=267.2 kf_vx=-0.01 pending=123 confirmed=True holding=False
[INFO] [1788860938.305098584] [tracking_pick_node]: class=pet_labeled conf=0.97 anchor=(275.0,624.0) kf_x=267.2 kf_vx=-0.01 pending=124 confirmed=True holding=False
[INFO] [1788860938.431863925] [tracking_pick_node]: class=pet_labeled conf=0.97 anchor=(274.9,624.0) kf_x=267.2 kf_vx=-0.01 pending=125 confirmed=True holding=False
[INFO] [1788860938.568313831] [tracking_pick_node]: class=pet_labeled conf=0.97 anchor=(274.9,624.0) kf_x=267.2 kf_vx=-0.01 pending=126 confirmed=True holding=False
[INFO] [1788860938.701089059] [tracking_pick_node]: class=pet_labeled conf=0.97 anchor=(275.0,624.1) kf_x=267.2 kf_vx=-0.01 pending=127 confirmed=True holding=False
[INFO] [1788860938.832680583] [tracking_pick_node]: class=pet_labeled conf=0.97 anchor=(275.0,623.9) kf_x=267.2 kf_vx=-0.01 pending=128 confirmed=True holding=False
[INFO] [1788860938.967690136] [tracking_pick_node]: class=pet_labeled conf=0.97 anchor=(274.9,624.1) kf_x=267.2 kf_vx=-0.01 pending=129 confirmed=True holding=False
[INFO] [1788860939.101180537] [tracking_pick_node]: class=pet_labeled conf=0.97 anchor=(275.0,624.1) kf_x=267.2 kf_vx=-0.01 pending=130 confirmed=True holding=False
[INFO] [1788860939.231904683] [tracking_pick_node]: class=pet_labeled conf=0.97 anchor=(274.9,624.0) kf_x=267.2 kf_vx=-0.01 pending=131 confirmed=True holding=False
[INFO] [1788860939.369222484] [tracking_pick_node]: class=pet_labeled conf=0.97 anchor=(275.0,624.0) kf_x=267.2 kf_vx=-0.01 pending=132 confirmed=True holding=False
[INFO] [1788860939.499447531] [tracking_pick_node]: class=pet_labeled conf=0.97 anchor=(274.9,624.1) kf_x=267.2 kf_vx=-0.01 pending=133 confirmed=True holding=False
[INFO] [1788860939.633928644] [tracking_pick_node]: class=pet_labeled conf=0.97 anchor=(275.0,624.0) kf_x=267.2 kf_vx=-0.01 pending=134 confirmed=True holding=False
[INFO] [1788860939.768018012] [tracking_pick_node]: class=pet_labeled conf=0.97 anchor=(275.0,624.0) kf_x=267.2 kf_vx=-0.01 pending=135 confirmed=True holding=False
[INFO] [1788860939.900053379] [tracking_pick_node]: class=pet_labeled conf=0.97 anchor=(275.0,624.0) kf_x=267.2 kf_vx=-0.01 pending=136 confirmed=True holding=False
[INFO] [1788860940.032993542] [tracking_pick_node]: class=pet_labeled conf=0.97 anchor=(274.9,624.0) kf_x=267.2 kf_vx=-0.01 pending=137 confirmed=True holding=False
[INFO] [1788860940.170225561] [tracking_pick_node]: class=pet_labeled conf=0.97 anchor=(275.0,624.0) kf_x=267.2 kf_vx=-0.01 pending=138 confirmed=True holding=False
[INFO] [1788860940.299634070] [tracking_pick_node]: class=pet_labeled conf=0.97 anchor=(275.0,624.1) kf_x=267.2 kf_vx=-0.01 pending=139 confirmed=True holding=False
[INFO] [1788860940.432197940] [tracking_pick_node]: class=pet_labeled conf=0.97 anchor=(274.9,624.1) kf_x=267.2 kf_vx=-0.01 pending=140 confirmed=True holding=False
[INFO] [1788860940.569513214] [tracking_pick_node]: class=pet_labeled conf=0.97 anchor=(274.9,624.1) kf_x=267.2 kf_vx=-0.01 pending=141 confirmed=True holding=False
[INFO] [1788860940.707087201] [tracking_pick_node]: class=pet_labeled conf=0.97 anchor=(274.9,624.0) kf_x=267.2 kf_vx=-0.01 pending=142 confirmed=True holding=False
[INFO] [1788860940.832132964] [tracking_pick_node]: class=pet_labeled conf=0.97 anchor=(275.0,624.1) kf_x=267.2 kf_vx=-0.01 pending=143 confirmed=True holding=False
[INFO] [1788860940.970039593] [tracking_pick_node]: class=pet_labeled conf=0.97 anchor=(275.0,624.0) kf_x=267.2 kf_vx=-0.01 pending=144 confirmed=True holding=False
[INFO] [1788860941.106590418] [tracking_pick_node]: class=pet_labeled conf=0.97 anchor=(275.0,624.0) kf_x=267.2 kf_vx=-0.01 pending=145 confirmed=True holding=False
[INFO] [1788860941.233099965] [tracking_pick_node]: class=pet_labeled conf=0.97 anchor=(275.0,624.1) kf_x=267.2 kf_vx=-0.00 pending=146 confirmed=True holding=False
[INFO] [1788860941.368587505] [tracking_pick_node]: class=pet_labeled conf=0.97 anchor=(275.0,624.1) kf_x=267.2 kf_vx=-0.00 pending=147 confirmed=True holding=False
[INFO] [1788860941.501362748] [tracking_pick_node]: class=pet_labeled conf=0.97 anchor=(274.9,624.0) kf_x=267.2 kf_vx=-0.00 pending=148 confirmed=True holding=False
[INFO] [1788860941.635980818] [tracking_pick_node]: class=pet_labeled conf=0.96 anchor=(274.9,624.0) kf_x=267.2 kf_vx=-0.00 pending=149 confirmed=True holding=False
[INFO] [1788860941.769713966] [tracking_pick_node]: class=pet_labeled conf=0.97 anchor=(275.1,624.0) kf_x=267.2 kf_vx=-0.00 pending=150 confirmed=True holding=False
[INFO] [1788860941.900474563] [tracking_pick_node]: class=pet_labeled conf=0.97 anchor=(275.0,624.0) kf_x=267.2 kf_vx=-0.00 pending=151 confirmed=True holding=False
[INFO] [1788860942.031895773] [tracking_pick_node]: class=pet_labeled conf=0.97 anchor=(274.9,624.1) kf_x=267.2 kf_vx=-0.00 pending=152 confirmed=True holding=False
[INFO] [1788860942.175090506] [tracking_pick_node]: class=pet_labeled conf=0.97 anchor=(275.0,624.0) kf_x=267.2 kf_vx=-0.00 pending=153 confirmed=True holding=False
[INFO] [1788860942.304998983] [tracking_pick_node]: class=pet_labeled conf=0.97 anchor=(275.0,624.0) kf_x=267.2 kf_vx=-0.00 pending=154 confirmed=True holding=False
[INFO] [1788860942.434233560] [tracking_pick_node]: class=pet_labeled conf=0.97 anchor=(275.0,624.0) kf_x=267.2 kf_vx=-0.00 pending=155 confirmed=True holding=False
[INFO] [1788860942.569031135] [tracking_pick_node]: class=pet_labeled conf=0.97 anchor=(274.9,624.0) kf_x=267.2 kf_vx=-0.00 pending=156 confirmed=True holding=False
[INFO] [1788860942.699902007] [tracking_pick_node]: class=pet_labeled conf=0.97 anchor=(274.9,624.1) kf_x=267.2 kf_vx=-0.00 pending=157 confirmed=True holding=False
[INFO] [1788860942.832476735] [tracking_pick_node]: class=pet_labeled conf=0.97 anchor=(274.9,624.0) kf_x=267.2 kf_vx=-0.00 pending=158 confirmed=True holding=False
[INFO] [1788860942.970979344] [tracking_pick_node]: class=pet_labeled conf=0.97 anchor=(275.1,624.0) kf_x=267.2 kf_vx=-0.00 pending=159 confirmed=True holding=False
[INFO] [1788860943.102093831] [tracking_pick_node]: class=pet_labeled conf=0.97 anchor=(275.0,624.1) kf_x=267.2 kf_vx=0.00 pending=160 confirmed=True holding=False
[INFO] [1788860943.237709318] [tracking_pick_node]: class=pet_labeled conf=0.96 anchor=(275.0,624.0) kf_x=267.3 kf_vx=0.00 pending=161 confirmed=True holding=False
[INFO] [1788860943.375076576] [tracking_pick_node]: class=pet_labeled conf=0.97 anchor=(275.0,624.1) kf_x=267.3 kf_vx=0.00 pending=162 confirmed=True holding=False
[INFO] [1788860943.500025254] [tracking_pick_node]: class=pet_labeled conf=0.97 anchor=(275.0,624.0) kf_x=267.3 kf_vx=0.00 pending=163 confirmed=True holding=False
[INFO] [1788860943.632877571] [tracking_pick_node]: class=pet_labeled conf=0.97 anchor=(275.0,624.1) kf_x=267.3 kf_vx=0.00 pending=164 confirmed=True holding=False
[INFO] [1788860943.769290682] [tracking_pick_node]: class=pet_labeled conf=0.97 anchor=(274.9,623.9) kf_x=267.3 kf_vx=0.00 pending=165 confirmed=True holding=False
[INFO] [1788860943.903379477] [tracking_pick_node]: class=pet_labeled conf=0.97 anchor=(275.1,624.0) kf_x=267.3 kf_vx=0.00 pending=166 confirmed=True holding=False
[INFO] [1788860944.032357511] [tracking_pick_node]: class=pet_labeled conf=0.97 anchor=(275.0,624.0) kf_x=267.3 kf_vx=0.00 pending=167 confirmed=True holding=False
[INFO] [1788860944.169725722] [tracking_pick_node]: class=pet_labeled conf=0.97 anchor=(274.9,624.0) kf_x=267.3 kf_vx=0.00 pending=168 confirmed=True holding=False
[INFO] [1788860944.300542744] [tracking_pick_node]: class=pet_labeled conf=0.97 anchor=(275.1,624.1) kf_x=267.3 kf_vx=0.00 pending=169 confirmed=True holding=False
[INFO] [1788860944.431787608] [tracking_pick_node]: class=pet_labeled conf=0.97 anchor=(274.9,624.0) kf_x=267.3 kf_vx=0.00 pending=170 confirmed=True holding=False
[INFO] [1788860944.573689956] [tracking_pick_node]: class=pet_labeled conf=0.97 anchor=(275.0,623.9) kf_x=267.3 kf_vx=0.00 pending=171 confirmed=True holding=False
[INFO] [1788860944.701164038] [tracking_pick_node]: class=pet_labeled conf=0.97 anchor=(274.9,624.0) kf_x=267.3 kf_vx=0.00 pending=172 confirmed=True holding=False
[INFO] [1788860944.832702178] [tracking_pick_node]: class=pet_labeled conf=0.97 anchor=(274.9,623.9) kf_x=267.3 kf_vx=0.00 pending=173 confirmed=True holding=False
[INFO] [1788860944.968198622] [tracking_pick_node]: class=pet_labeled conf=0.97 anchor=(274.9,624.1) kf_x=267.3 kf_vx=-0.00 pending=174 confirmed=True holding=False
[INFO] [1788860945.100700511] [tracking_pick_node]: class=pet_labeled conf=0.97 anchor=(275.0,624.1) kf_x=267.3 kf_vx=0.00 pending=175 confirmed=True holding=False
[INFO] [1788860945.233485320] [tracking_pick_node]: class=pet_labeled conf=0.97 anchor=(275.1,624.1) kf_x=267.3 kf_vx=0.00 pending=176 confirmed=True holding=False
[INFO] [1788860945.368020831] [tracking_pick_node]: class=pet_labeled conf=0.97 anchor=(275.0,623.9) kf_x=267.3 kf_vx=0.00 pending=177 confirmed=True holding=False
[INFO] [1788860945.502265528] [tracking_pick_node]: class=pet_labeled conf=0.97 anchor=(274.9,624.0) kf_x=267.3 kf_vx=-0.00 pending=178 confirmed=True holding=False
[INFO] [1788860945.631978374] [tracking_pick_node]: class=pet_labeled conf=0.97 anchor=(275.0,624.0) kf_x=267.3 kf_vx=0.00 pending=179 confirmed=True holding=False
[INFO] [1788860945.771406935] [tracking_pick_node]: class=pet_labeled conf=0.97 anchor=(274.9,624.0) kf_x=267.3 kf_vx=-0.00 pending=180 confirmed=True holding=False
[INFO] [1788860945.900476397] [tracking_pick_node]: class=pet_labeled conf=0.97 anchor=(275.0,624.0) kf_x=267.3 kf_vx=0.00 pending=181 confirmed=True holding=False
[INFO] [1788860946.035267604] [tracking_pick_node]: class=pet_labeled conf=0.97 anchor=(274.9,624.0) kf_x=267.3 kf_vx=-0.00 pending=182 confirmed=True holding=False
[INFO] [1788860946.164504457] [tracking_pick_node]: class=pet_labeled conf=0.97 anchor=(275.0,624.1) kf_x=267.3 kf_vx=0.00 pending=183 confirmed=True holding=False
[INFO] [1788860946.303626830] [tracking_pick_node]: class=pet_labeled conf=0.97 anchor=(275.0,624.1) kf_x=267.3 kf_vx=0.00 pending=184 confirmed=True holding=False
[INFO] [1788860946.432183064] [tracking_pick_node]: class=pet_labeled conf=0.97 anchor=(275.0,624.0) kf_x=267.3 kf_vx=-0.00 pending=185 confirmed=True holding=False
[INFO] [1788860946.566477033] [tracking_pick_node]: class=pet_labeled conf=0.97 anchor=(274.9,624.1) kf_x=267.2 kf_vx=-0.00 pending=186 confirmed=True holding=False
[INFO] [1788860946.704574928] [tracking_pick_node]: class=pet_labeled conf=0.97 anchor=(274.9,624.1) kf_x=267.2 kf_vx=-0.00 pending=187 confirmed=True holding=False
[INFO] [1788860946.836180494] [tracking_pick_node]: class=pet_labeled conf=0.97 anchor=(274.8,624.0) kf_x=267.2 kf_vx=-0.00 pending=188 confirmed=True holding=False
[INFO] [1788860946.964766112] [tracking_pick_node]: class=pet_labeled conf=0.97 anchor=(275.0,624.0) kf_x=267.2 kf_vx=-0.00 pending=189 confirmed=True holding=False
[INFO] [1788860947.103104713] [tracking_pick_node]: class=pet_labeled conf=0.97 anchor=(275.0,624.0) kf_x=267.2 kf_vx=-0.00 pending=190 confirmed=True holding=False
[INFO] [1788860947.233393731] [tracking_pick_node]: class=pet_labeled conf=0.97 anchor=(274.9,624.0) kf_x=267.2 kf_vx=-0.00 pending=191 confirmed=True holding=False
[INFO] [1788860947.365226067] [tracking_pick_node]: class=pet_labeled conf=0.97 anchor=(274.9,624.0) kf_x=267.2 kf_vx=-0.00 pending=192 confirmed=True holding=False
[INFO] [1788860947.502584756] [tracking_pick_node]: class=pet_labeled conf=0.97 anchor=(275.0,624.0) kf_x=267.2 kf_vx=-0.00 pending=193 confirmed=True holding=False
[INFO] [1788860947.634153053] [tracking_pick_node]: class=pet_labeled conf=0.97 anchor=(275.1,624.1) kf_x=267.2 kf_vx=-0.00 pending=194 confirmed=True holding=False
[INFO] [1788860947.764911990] [tracking_pick_node]: class=pet_labeled conf=0.97 anchor=(275.0,624.1) kf_x=267.2 kf_vx=-0.00 pending=195 confirmed=True holding=False
[INFO] [1788860947.901581086] [tracking_pick_node]: class=pet_labeled conf=0.97 anchor=(274.9,623.9) kf_x=267.2 kf_vx=-0.00 pending=196 confirmed=True holding=False
[INFO] [1788860948.036314774] [tracking_pick_node]: class=pet_labeled conf=0.97 anchor=(274.9,623.9) kf_x=267.2 kf_vx=-0.00 pending=197 confirmed=True holding=False
[INFO] [1788860948.167292097] [tracking_pick_node]: class=pet_labeled conf=0.97 anchor=(275.1,623.9) kf_x=267.2 kf_vx=-0.00 pending=198 confirmed=True holding=False
[INFO] [1788860948.302904609] [tracking_pick_node]: class=pet_labeled conf=0.97 anchor=(275.0,624.0) kf_x=267.2 kf_vx=-0.00 pending=199 confirmed=True holding=False
[INFO] [1788860948.434657133] [tracking_pick_node]: class=pet_labeled conf=0.97 anchor=(275.1,624.0) kf_x=267.3 kf_vx=0.00 pending=200 confirmed=True holding=False
[INFO] [1788860948.565717486] [tracking_pick_node]: class=pet_labeled conf=0.97 anchor=(275.0,623.9) kf_x=267.3 kf_vx=0.00 pending=201 confirmed=True holding=False
[INFO] [1788860948.704791095] [tracking_pick_node]: class=pet_labeled conf=0.97 anchor=(274.9,624.0) kf_x=267.2 kf_vx=0.00 pending=202 confirmed=True holding=False
[INFO] [1788860948.840646625] [tracking_pick_node]: class=pet_labeled conf=0.97 anchor=(275.0,624.1) kf_x=267.2 kf_vx=0.00 pending=203 confirmed=True holding=False
[INFO] [1788860948.964958889] [tracking_pick_node]: class=pet_labeled conf=0.97 anchor=(274.9,624.1) kf_x=267.2 kf_vx=-0.00 pending=204 confirmed=True holding=False
[INFO] [1788860949.100160269] [tracking_pick_node]: class=pet_labeled conf=0.97 anchor=(274.9,624.0) kf_x=267.2 kf_vx=-0.00 pending=205 confirmed=True holding=False
[INFO] [1788860949.234821359] [tracking_pick_node]: class=pet_labeled conf=0.97 anchor=(275.0,624.0) kf_x=267.2 kf_vx=-0.00 pending=206 confirmed=True holding=False
[INFO] [1788860949.364916256] [tracking_pick_node]: class=pet_labeled conf=0.97 anchor=(274.9,624.0) kf_x=267.2 kf_vx=-0.00 pending=207 confirmed=True holding=False
[INFO] [1788860949.502164679] [tracking_pick_node]: class=pet_labeled conf=0.97 anchor=(275.0,624.0) kf_x=267.2 kf_vx=-0.00 pending=208 confirmed=True holding=False
[INFO] [1788860949.632891580] [tracking_pick_node]: class=pet_labeled conf=0.97 anchor=(274.9,624.1) kf_x=267.2 kf_vx=-0.00 pending=209 confirmed=True holding=False
[INFO] [1788860949.765425678] [tracking_pick_node]: class=pet_labeled conf=0.97 anchor=(275.0,624.0) kf_x=267.2 kf_vx=-0.00 pending=210 confirmed=True holding=False
[INFO] [1788860949.900061278] [tracking_pick_node]: class=pet_labeled conf=0.97 anchor=(274.9,624.0) kf_x=267.2 kf_vx=-0.00 pending=211 confirmed=True holding=False
[INFO] [1788860950.032052053] [tracking_pick_node]: class=pet_labeled conf=0.97 anchor=(274.9,624.0) kf_x=267.2 kf_vx=-0.00 pending=212 confirmed=True holding=False
[INFO] [1788860950.164194513] [tracking_pick_node]: class=pet_labeled conf=0.97 anchor=(274.9,624.0) kf_x=267.2 kf_vx=-0.00 pending=213 confirmed=True holding=False
[INFO] [1788860950.305997016] [tracking_pick_node]: class=pet_labeled conf=0.97 anchor=(275.0,624.0) kf_x=267.2 kf_vx=-0.00 pending=214 confirmed=True holding=False
[INFO] [1788860950.432887444] [tracking_pick_node]: class=pet_labeled conf=0.97 anchor=(275.0,624.0) kf_x=267.2 kf_vx=-0.00 pending=215 confirmed=True holding=False
[INFO] [1788860950.565682191] [tracking_pick_node]: class=pet_labeled conf=0.97 anchor=(275.0,624.0) kf_x=267.2 kf_vx=-0.00 pending=216 confirmed=True holding=False
[INFO] [1788860950.700268841] [tracking_pick_node]: class=pet_labeled conf=0.97 anchor=(274.9,624.0) kf_x=267.2 kf_vx=-0.00 pending=217 confirmed=True holding=False
[INFO] [1788860950.832369585] [tracking_pick_node]: class=pet_labeled conf=0.97 anchor=(274.9,623.9) kf_x=267.2 kf_vx=-0.00 pending=218 confirmed=True holding=False
[INFO] [1788860950.963850906] [tracking_pick_node]: class=pet_labeled conf=0.97 anchor=(275.0,624.0) kf_x=267.2 kf_vx=-0.00 pending=219 confirmed=True holding=False
[INFO] [1788860951.103103202] [tracking_pick_node]: class=pet_labeled conf=0.97 anchor=(275.0,624.0) kf_x=267.2 kf_vx=-0.00 pending=220 confirmed=True holding=False
[INFO] [1788860951.232944890] [tracking_pick_node]: class=pet_labeled conf=0.97 anchor=(275.0,623.9) kf_x=267.2 kf_vx=-0.00 pending=221 confirmed=True holding=False
[INFO] [1788860951.368327428] [tracking_pick_node]: class=pet_labeled conf=0.97 anchor=(275.0,624.1) kf_x=267.2 kf_vx=-0.00 pending=222 confirmed=True holding=False
[INFO] [1788860951.501911276] [tracking_pick_node]: class=pet_labeled conf=0.97 anchor=(274.9,624.0) kf_x=267.2 kf_vx=-0.00 pending=223 confirmed=True holding=False
[INFO] [1788860951.637434453] [tracking_pick_node]: class=pet_labeled conf=0.97 anchor=(275.0,624.0) kf_x=267.2 kf_vx=-0.00 pending=224 confirmed=True holding=False
[INFO] [1788860951.765481683] [tracking_pick_node]: class=pet_labeled conf=0.97 anchor=(275.0,624.0) kf_x=267.2 kf_vx=-0.00 pending=225 confirmed=True holding=False
[INFO] [1788860951.904675003] [tracking_pick_node]: class=pet_labeled conf=0.97 anchor=(275.0,623.9) kf_x=267.2 kf_vx=-0.00 pending=226 confirmed=True holding=False
[INFO] [1788860952.032804863] [tracking_pick_node]: class=pet_labeled conf=0.97 anchor=(274.9,624.0) kf_x=267.2 kf_vx=-0.00 pending=227 confirmed=True holding=False
[INFO] [1788860952.165006044] [tracking_pick_node]: class=pet_labeled conf=0.97 anchor=(275.0,624.0) kf_x=267.2 kf_vx=-0.00 pending=228 confirmed=True holding=False
[INFO] [1788860952.302961229] [tracking_pick_node]: class=pet_labeled conf=0.97 anchor=(275.0,624.0) kf_x=267.2 kf_vx=0.00 pending=229 confirmed=True holding=False
[INFO] [1788860952.438400488] [tracking_pick_node]: class=pet_labeled conf=0.97 anchor=(275.0,624.0) kf_x=267.2 kf_vx=0.00 pending=230 confirmed=True holding=False
[INFO] [1788860952.564322131] [tracking_pick_node]: class=pet_labeled conf=0.97 anchor=(275.0,624.0) kf_x=267.2 kf_vx=0.00 pending=231 confirmed=True holding=False
[INFO] [1788860952.700458041] [tracking_pick_node]: class=pet_labeled conf=0.97 anchor=(275.0,624.0) kf_x=267.2 kf_vx=0.00 pending=232 confirmed=True holding=False
[INFO] [1788860952.834004882] [tracking_pick_node]: class=pet_labeled conf=0.97 anchor=(274.9,624.1) kf_x=267.2 kf_vx=0.00 pending=233 confirmed=True holding=False
[INFO] [1788860952.964213607] [tracking_pick_node]: class=pet_labeled conf=0.97 anchor=(274.9,624.0) kf_x=267.2 kf_vx=0.00 pending=234 confirmed=True holding=False
[INFO] [1788860953.101300563] [tracking_pick_node]: class=pet_labeled conf=0.97 anchor=(274.9,623.9) kf_x=267.2 kf_vx=-0.00 pending=235 confirmed=True holding=False
[INFO] [1788860953.233045831] [tracking_pick_node]: class=pet_labeled conf=0.97 anchor=(275.0,624.0) kf_x=267.2 kf_vx=-0.00 pending=236 confirmed=True holding=False
[INFO] [1788860953.365287967] [tracking_pick_node]: class=pet_labeled conf=0.97 anchor=(275.0,624.0) kf_x=267.2 kf_vx=0.00 pending=237 confirmed=True holding=False
[INFO] [1788860953.502028052] [tracking_pick_node]: class=pet_labeled conf=0.97 anchor=(274.9,624.1) kf_x=267.2 kf_vx=0.00 pending=238 confirmed=True holding=False
[INFO] [1788860953.639957000] [tracking_pick_node]: class=pet_labeled conf=0.97 anchor=(275.0,624.0) kf_x=267.2 kf_vx=0.00 pending=239 confirmed=True holding=False
[INFO] [1788860953.765497464] [tracking_pick_node]: class=pet_labeled conf=0.97 anchor=(274.9,624.0) kf_x=267.2 kf_vx=0.00 pending=240 confirmed=True holding=False
[INFO] [1788860953.903426836] [tracking_pick_node]: class=pet_labeled conf=0.97 anchor=(275.0,623.9) kf_x=267.2 kf_vx=0.00 pending=241 confirmed=True holding=False
[INFO] [1788860954.033760860] [tracking_pick_node]: class=pet_labeled conf=0.97 anchor=(275.0,624.1) kf_x=267.2 kf_vx=0.00 pending=242 confirmed=True holding=False
[INFO] [1788860954.164497241] [tracking_pick_node]: class=pet_labeled conf=0.97 anchor=(274.9,624.0) kf_x=267.2 kf_vx=0.00 pending=243 confirmed=True holding=False
[INFO] [1788860954.300908781] [tracking_pick_node]: class=pet_labeled conf=0.97 anchor=(275.0,624.0) kf_x=267.2 kf_vx=0.00 pending=244 confirmed=True holding=False
[INFO] [1788860954.433406359] [tracking_pick_node]: class=pet_labeled conf=0.97 anchor=(275.0,624.0) kf_x=267.2 kf_vx=0.00 pending=245 confirmed=True holding=False
[INFO] [1788860954.565120008] [tracking_pick_node]: class=pet_labeled conf=0.97 anchor=(275.0,624.0) kf_x=267.2 kf_vx=0.00 pending=246 confirmed=True holding=False
[INFO] [1788860954.700850928] [tracking_pick_node]: class=pet_labeled conf=0.97 anchor=(274.9,624.0) kf_x=267.2 kf_vx=0.00 pending=247 confirmed=True holding=False
[INFO] [1788860954.832634190] [tracking_pick_node]: class=pet_labeled conf=0.97 anchor=(275.0,623.9) kf_x=267.2 kf_vx=0.00 pending=248 confirmed=True holding=False
[INFO] [1788860954.964252353] [tracking_pick_node]: class=pet_labeled conf=0.97 anchor=(274.9,623.9) kf_x=267.2 kf_vx=0.00 pending=249 confirmed=True holding=False
[INFO] [1788860955.100640952] [tracking_pick_node]: class=pet_labeled conf=0.97 anchor=(275.0,624.0) kf_x=267.3 kf_vx=0.00 pending=250 confirmed=True holding=False
[INFO] [1788860955.233610473] [tracking_pick_node]: class=pet_labeled conf=0.97 anchor=(274.9,624.0) kf_x=267.2 kf_vx=0.00 pending=251 confirmed=True holding=False
[INFO] [1788860955.364554961] [tracking_pick_node]: class=pet_labeled conf=0.97 anchor=(275.0,623.9) kf_x=267.2 kf_vx=0.00 pending=252 confirmed=True holding=False
[INFO] [1788860955.505787020] [tracking_pick_node]: class=pet_labeled conf=0.97 anchor=(275.0,623.9) kf_x=267.3 kf_vx=0.00 pending=253 confirmed=True holding=False
[INFO] [1788860955.632622288] [tracking_pick_node]: class=pet_labeled conf=0.97 anchor=(275.0,624.0) kf_x=267.3 kf_vx=0.00 pending=254 confirmed=True holding=False
[INFO] [1788860955.764709931] [tracking_pick_node]: class=pet_labeled conf=0.97 anchor=(274.9,623.9) kf_x=267.2 kf_vx=0.00 pending=255 confirmed=True holding=False
[INFO] [1788860955.900424971] [tracking_pick_node]: class=pet_labeled conf=0.97 anchor=(274.9,624.0) kf_x=267.2 kf_vx=0.00 pending=256 confirmed=True holding=False
[INFO] [1788860956.034162141] [tracking_pick_node]: class=pet_labeled conf=0.97 anchor=(275.0,624.0) kf_x=267.3 kf_vx=0.00 pending=257 confirmed=True holding=False
[INFO] [1788860956.164845020] [tracking_pick_node]: class=pet_labeled conf=0.97 anchor=(275.0,624.0) kf_x=267.3 kf_vx=0.00 pending=258 confirmed=True holding=False
[INFO] [1788860956.301225419] [tracking_pick_node]: class=pet_labeled conf=0.97 anchor=(274.9,624.0) kf_x=267.2 kf_vx=0.00 pending=259 confirmed=True holding=False
[INFO] [1788860956.432781295] [tracking_pick_node]: class=pet_labeled conf=0.97 anchor=(274.9,623.9) kf_x=267.2 kf_vx=-0.00 pending=260 confirmed=True holding=False
[INFO] [1788860956.565214050] [tracking_pick_node]: class=pet_labeled conf=0.97 anchor=(274.9,624.0) kf_x=267.2 kf_vx=-0.00 pending=261 confirmed=True holding=False
[INFO] [1788860956.704408115] [tracking_pick_node]: class=pet_labeled conf=0.97 anchor=(274.9,624.0) kf_x=267.2 kf_vx=-0.00 pending=262 confirmed=True holding=False
[INFO] [1788860956.832854540] [tracking_pick_node]: class=pet_labeled conf=0.97 anchor=(275.0,624.0) kf_x=267.2 kf_vx=-0.00 pending=263 confirmed=True holding=False
[INFO] [1788860956.964687098] [tracking_pick_node]: class=pet_labeled conf=0.97 anchor=(274.9,624.0) kf_x=267.2 kf_vx=-0.00 pending=264 confirmed=True holding=False
[INFO] [1788860957.100844492] [tracking_pick_node]: class=pet_labeled conf=0.97 anchor=(274.9,624.1) kf_x=267.2 kf_vx=-0.00 pending=265 confirmed=True holding=False
[INFO] [1788860957.232838111] [tracking_pick_node]: class=pet_labeled conf=0.97 anchor=(274.9,624.0) kf_x=267.2 kf_vx=-0.00 pending=266 confirmed=True holding=False
[INFO] [1788860957.364310211] [tracking_pick_node]: class=pet_labeled conf=0.97 anchor=(275.0,624.0) kf_x=267.2 kf_vx=-0.00 pending=267 confirmed=True holding=False
[INFO] [1788860957.500831460] [tracking_pick_node]: class=pet_labeled conf=0.97 anchor=(274.9,624.0) kf_x=267.2 kf_vx=-0.00 pending=268 confirmed=True holding=False
[INFO] [1788860957.633551503] [tracking_pick_node]: class=pet_labeled conf=0.97 anchor=(274.9,623.9) kf_x=267.2 kf_vx=-0.00 pending=269 confirmed=True holding=False
[INFO] [1788860957.764793052] [tracking_pick_node]: class=pet_labeled conf=0.97 anchor=(274.9,624.0) kf_x=267.2 kf_vx=-0.01 pending=270 confirmed=True holding=False
[INFO] [1788860957.901213124] [tracking_pick_node]: class=pet_labeled conf=0.97 anchor=(275.0,623.9) kf_x=267.2 kf_vx=-0.00 pending=271 confirmed=True holding=False
[INFO] [1788860958.032831916] [tracking_pick_node]: class=pet_labeled conf=0.97 anchor=(275.0,624.0) kf_x=267.2 kf_vx=-0.00 pending=272 confirmed=True holding=False
[INFO] [1788860958.166092302] [tracking_pick_node]: class=pet_labeled conf=0.97 anchor=(275.1,623.9) kf_x=267.2 kf_vx=-0.00 pending=273 confirmed=True holding=False
[INFO] [1788860958.303451448] [tracking_pick_node]: class=pet_labeled conf=0.97 anchor=(275.1,624.0) kf_x=267.2 kf_vx=0.00 pending=274 confirmed=True holding=False
[INFO] [1788860958.434024318] [tracking_pick_node]: class=pet_labeled conf=0.97 anchor=(274.8,624.0) kf_x=267.2 kf_vx=-0.00 pending=275 confirmed=True holding=False
[INFO] [1788860958.565479598] [tracking_pick_node]: class=pet_labeled conf=0.97 anchor=(274.9,624.0) kf_x=267.2 kf_vx=-0.00 pending=276 confirmed=True holding=False
[INFO] [1788860958.700635568] [tracking_pick_node]: class=pet_labeled conf=0.97 anchor=(275.0,624.0) kf_x=267.2 kf_vx=-0.00 pending=277 confirmed=True holding=False
[INFO] [1788860958.833318213] [tracking_pick_node]: class=pet_labeled conf=0.97 anchor=(275.0,624.1) kf_x=267.2 kf_vx=-0.00 pending=278 confirmed=True holding=False
[INFO] [1788860958.966711863] [tracking_pick_node]: class=pet_labeled conf=0.97 anchor=(274.9,624.0) kf_x=267.2 kf_vx=-0.00 pending=279 confirmed=True holding=False
[INFO] [1788860959.103655484] [tracking_pick_node]: class=pet_labeled conf=0.97 anchor=(275.0,624.0) kf_x=267.2 kf_vx=-0.00 pending=280 confirmed=True holding=False
[INFO] [1788860959.232628486] [tracking_pick_node]: class=pet_labeled conf=0.97 anchor=(275.0,624.1) kf_x=267.2 kf_vx=0.00 pending=281 confirmed=True holding=False
[INFO] [1788860959.368337150] [tracking_pick_node]: class=pet_labeled conf=0.97 anchor=(274.9,624.0) kf_x=267.2 kf_vx=0.00 pending=282 confirmed=True holding=False
[INFO] [1788860959.496262050] [tracking_pick_node]: class=pet_labeled conf=0.97 anchor=(274.9,624.0) kf_x=267.2 kf_vx=0.00 pending=283 confirmed=True holding=False
[INFO] [1788860959.634904019] [tracking_pick_node]: class=pet_labeled conf=0.97 anchor=(275.0,623.9) kf_x=267.2 kf_vx=0.00 pending=284 confirmed=True holding=False
[INFO] [1788860959.765067115] [tracking_pick_node]: class=pet_labeled conf=0.97 anchor=(275.0,624.1) kf_x=267.2 kf_vx=0.00 pending=285 confirmed=True holding=False
[INFO] [1788860959.899208132] [tracking_pick_node]: class=pet_labeled conf=0.97 anchor=(274.9,624.1) kf_x=267.2 kf_vx=0.00 pending=286 confirmed=True holding=False
[INFO] [1788860960.041850070] [tracking_pick_node]: class=pet_labeled conf=0.97 anchor=(275.0,624.0) kf_x=267.2 kf_vx=0.00 pending=287 confirmed=True holding=False
[INFO] [1788860960.164189246] [tracking_pick_node]: class=pet_labeled conf=0.97 anchor=(275.1,624.0) kf_x=267.2 kf_vx=0.00 pending=288 confirmed=True holding=False
[INFO] [1788860960.297952323] [tracking_pick_node]: class=pet_labeled conf=0.97 anchor=(274.9,624.0) kf_x=267.2 kf_vx=0.00 pending=289 confirmed=True holding=False
[INFO] [1788860960.434331078] [tracking_pick_node]: class=pet_labeled conf=0.97 anchor=(274.9,624.0) kf_x=267.2 kf_vx=0.00 pending=290 confirmed=True holding=False
[INFO] [1788860960.564449700] [tracking_pick_node]: class=pet_labeled conf=0.97 anchor=(275.0,624.0) kf_x=267.2 kf_vx=0.00 pending=291 confirmed=True holding=False
[INFO] [1788860960.696986088] [tracking_pick_node]: class=pet_labeled conf=0.97 anchor=(275.0,624.1) kf_x=267.2 kf_vx=0.00 pending=292 confirmed=True holding=False
[INFO] [1788860960.833605745] [tracking_pick_node]: class=pet_labeled conf=0.97 anchor=(275.0,624.0) kf_x=267.3 kf_vx=0.00 pending=293 confirmed=True holding=False
[INFO] [1788860960.964346768] [tracking_pick_node]: class=pet_labeled conf=0.97 anchor=(274.9,624.0) kf_x=267.2 kf_vx=0.00 pending=294 confirmed=True holding=False
[INFO] [1788860961.096401205] [tracking_pick_node]: class=pet_labeled conf=0.97 anchor=(275.0,624.0) kf_x=267.2 kf_vx=0.00 pending=295 confirmed=True holding=False
[INFO] [1788860961.233549155] [tracking_pick_node]: class=pet_labeled conf=0.97 anchor=(274.9,624.0) kf_x=267.2 kf_vx=0.00 pending=296 confirmed=True holding=False
[INFO] [1788860961.364766945] [tracking_pick_node]: class=pet_labeled conf=0.97 anchor=(275.0,624.1) kf_x=267.2 kf_vx=0.00 pending=297 confirmed=True holding=False
[INFO] [1788860961.497474129] [tracking_pick_node]: class=pet_labeled conf=0.97 anchor=(274.8,623.8) kf_x=267.2 kf_vx=-0.00 pending=298 confirmed=True holding=False
[INFO] [1788860961.633282627] [tracking_pick_node]: class=pet_labeled conf=0.97 anchor=(275.0,624.0) kf_x=267.2 kf_vx=0.00 pending=299 confirmed=True holding=False
[INFO] [1788860961.766058012] [tracking_pick_node]: class=pet_labeled conf=0.97 anchor=(275.0,623.9) kf_x=267.2 kf_vx=0.00 pending=300 confirmed=True holding=False
[INFO] [1788860961.898624563] [tracking_pick_node]: class=pet_labeled conf=0.97 anchor=(275.0,624.0) kf_x=267.2 kf_vx=0.00 pending=301 confirmed=True holding=False
[INFO] [1788860962.033540989] [tracking_pick_node]: class=pet_labeled conf=0.97 anchor=(275.0,624.0) kf_x=267.3 kf_vx=0.00 pending=302 confirmed=True holding=False
[INFO] [1788860962.164808344] [tracking_pick_node]: class=pet_labeled conf=0.97 anchor=(275.0,623.9) kf_x=267.3 kf_vx=0.00 pending=303 confirmed=True holding=False
[INFO] [1788860962.300256036] [tracking_pick_node]: class=pet_labeled conf=0.97 anchor=(274.9,624.0) kf_x=267.2 kf_vx=0.00 pending=304 confirmed=True holding=False
[INFO] [1788860962.432991364] [tracking_pick_node]: class=pet_labeled conf=0.97 anchor=(275.0,624.0) kf_x=267.2 kf_vx=0.00 pending=305 confirmed=True holding=False
[INFO] [1788860962.566173249] [tracking_pick_node]: class=pet_labeled conf=0.97 anchor=(274.9,624.1) kf_x=267.2 kf_vx=0.00 pending=306 confirmed=True holding=False
[INFO] [1788860962.697327775] [tracking_pick_node]: class=pet_labeled conf=0.97 anchor=(275.0,624.0) kf_x=267.2 kf_vx=0.00 pending=307 confirmed=True holding=False
[INFO] [1788860962.832470737] [tracking_pick_node]: class=pet_labeled conf=0.97 anchor=(275.0,623.9) kf_x=267.2 kf_vx=0.00 pending=308 confirmed=True holding=False
[INFO] [1788860962.971988172] [tracking_pick_node]: class=pet_labeled conf=0.97 anchor=(275.0,624.0) kf_x=267.2 kf_vx=0.00 pending=309 confirmed=True holding=False
[INFO] [1788860963.099157269] [tracking_pick_node]: class=pet_labeled conf=0.97 anchor=(275.0,624.0) kf_x=267.2 kf_vx=0.00 pending=310 confirmed=True holding=False
[INFO] [1788860963.234016975] [tracking_pick_node]: class=pet_labeled conf=0.97 anchor=(275.0,624.0) kf_x=267.2 kf_vx=0.00 pending=311 confirmed=True holding=False
[INFO] [1788860963.364778300] [tracking_pick_node]: class=pet_labeled conf=0.97 anchor=(275.0,623.9) kf_x=267.3 kf_vx=0.00 pending=312 confirmed=True holding=False
[INFO] [1788860963.497694011] [tracking_pick_node]: class=pet_labeled conf=0.97 anchor=(274.9,624.0) kf_x=267.2 kf_vx=0.00 pending=313 confirmed=True holding=False
[INFO] [1788860963.633524564] [tracking_pick_node]: class=pet_labeled conf=0.97 anchor=(274.9,623.9) kf_x=267.2 kf_vx=0.00 pending=314 confirmed=True holding=False
[INFO] [1788860963.770617017] [tracking_pick_node]: class=pet_labeled conf=0.97 anchor=(275.0,623.9) kf_x=267.2 kf_vx=0.00 pending=315 confirmed=True holding=False
[INFO] [1788860963.898598056] [tracking_pick_node]: class=pet_labeled conf=0.97 anchor=(275.1,623.9) kf_x=267.3 kf_vx=0.00 pending=316 confirmed=True holding=False
[INFO] [1788860964.034253109] [tracking_pick_node]: class=pet_labeled conf=0.97 anchor=(275.0,624.0) kf_x=267.3 kf_vx=0.00 pending=317 confirmed=True holding=False
[INFO] [1788860964.164184153] [tracking_pick_node]: class=pet_labeled conf=0.97 anchor=(274.9,623.9) kf_x=267.2 kf_vx=0.00 pending=318 confirmed=True holding=False
[INFO] [1788860964.305638435] [tracking_pick_node]: class=pet_labeled conf=0.97 anchor=(275.0,624.0) kf_x=267.2 kf_vx=0.00 pending=319 confirmed=True holding=False
[INFO] [1788860964.432240461] [tracking_pick_node]: class=pet_labeled conf=0.97 anchor=(275.0,624.0) kf_x=267.2 kf_vx=0.00 pending=320 confirmed=True holding=False
[INFO] [1788860964.564363301] [tracking_pick_node]: class=pet_labeled conf=0.97 anchor=(275.0,623.9) kf_x=267.2 kf_vx=0.00 pending=321 confirmed=True holding=False
[INFO] [1788860964.698830974] [tracking_pick_node]: class=pet_labeled conf=0.97 anchor=(275.0,624.0) kf_x=267.2 kf_vx=0.00 pending=322 confirmed=True holding=False
[INFO] [1788860964.833827160] [tracking_pick_node]: class=pet_labeled conf=0.97 anchor=(275.0,624.0) kf_x=267.2 kf_vx=0.00 pending=323 confirmed=True holding=False
[INFO] [1788860964.967340057] [tracking_pick_node]: class=pet_labeled conf=0.97 anchor=(275.0,624.1) kf_x=267.3 kf_vx=0.00 pending=324 confirmed=True holding=False
[INFO] [1788860965.096630457] [tracking_pick_node]: class=pet_labeled conf=0.97 anchor=(275.1,624.0) kf_x=267.3 kf_vx=0.00 pending=325 confirmed=True holding=False
[INFO] [1788860965.233080868] [tracking_pick_node]: class=pet_labeled conf=0.97 anchor=(275.0,624.1) kf_x=267.3 kf_vx=0.00 pending=326 confirmed=True holding=False
[INFO] [1788860965.366708862] [tracking_pick_node]: class=pet_labeled conf=0.97 anchor=(275.0,623.9) kf_x=267.3 kf_vx=0.00 pending=327 confirmed=True holding=False
[INFO] [1788860965.501461220] [tracking_pick_node]: class=pet_labeled conf=0.97 anchor=(275.1,623.9) kf_x=267.3 kf_vx=0.00 pending=328 confirmed=True holding=False
[INFO] [1788860965.633874330] [tracking_pick_node]: class=pet_labeled conf=0.97 anchor=(274.9,624.0) kf_x=267.3 kf_vx=0.00 pending=329 confirmed=True holding=False
[INFO] [1788860965.765034206] [tracking_pick_node]: class=pet_labeled conf=0.97 anchor=(274.9,624.1) kf_x=267.3 kf_vx=0.00 pending=330 confirmed=True holding=False
[INFO] [1788860965.896970459] [tracking_pick_node]: class=pet_labeled conf=0.97 anchor=(274.9,624.0) kf_x=267.3 kf_vx=0.00 pending=331 confirmed=True holding=False
[INFO] [1788860966.033074036] [tracking_pick_node]: class=pet_labeled conf=0.97 anchor=(275.0,624.1) kf_x=267.3 kf_vx=0.00 pending=332 confirmed=True holding=False
[INFO] [1788860966.164444030] [tracking_pick_node]: class=pet_labeled conf=0.97 anchor=(275.1,624.0) kf_x=267.3 kf_vx=0.00 pending=333 confirmed=True holding=False
[INFO] [1788860966.298682015] [tracking_pick_node]: class=pet_labeled conf=0.97 anchor=(274.9,624.0) kf_x=267.3 kf_vx=0.00 pending=334 confirmed=True holding=False
[INFO] [1788860966.433154554] [tracking_pick_node]: class=pet_labeled conf=0.97 anchor=(275.0,624.0) kf_x=267.3 kf_vx=0.00 pending=335 confirmed=True holding=False
[INFO] [1788860966.565753302] [tracking_pick_node]: class=pet_labeled conf=0.97 anchor=(275.0,624.1) kf_x=267.3 kf_vx=0.00 pending=336 confirmed=True holding=False
[INFO] [1788860966.698379248] [tracking_pick_node]: class=pet_labeled conf=0.97 anchor=(275.0,624.0) kf_x=267.3 kf_vx=0.00 pending=337 confirmed=True holding=False
[INFO] [1788860966.833327605] [tracking_pick_node]: class=pet_labeled conf=0.97 anchor=(274.9,623.9) kf_x=267.3 kf_vx=0.00 pending=338 confirmed=True holding=False
[INFO] [1788860966.964697304] [tracking_pick_node]: class=pet_labeled conf=0.97 anchor=(274.9,624.0) kf_x=267.3 kf_vx=0.00 pending=339 confirmed=True holding=False
[INFO] [1788860967.097669059] [tracking_pick_node]: class=pet_labeled conf=0.97 anchor=(275.0,624.0) kf_x=267.3 kf_vx=0.00 pending=340 confirmed=True holding=False
[INFO] [1788860967.235607476] [tracking_pick_node]: class=pet_labeled conf=0.97 anchor=(274.9,624.0) kf_x=267.2 kf_vx=-0.00 pending=341 confirmed=True holding=False
[INFO] [1788860967.365904611] [tracking_pick_node]: class=pet_labeled conf=0.97 anchor=(275.0,623.9) kf_x=267.2 kf_vx=-0.00 pending=342 confirmed=True holding=False
[INFO] [1788860967.499818253] [tracking_pick_node]: class=pet_labeled conf=0.97 anchor=(275.0,623.9) kf_x=267.2 kf_vx=-0.00 pending=343 confirmed=True holding=False
[INFO] [1788860967.634377961] [tracking_pick_node]: class=pet_labeled conf=0.97 anchor=(275.0,624.1) kf_x=267.3 kf_vx=0.00 pending=344 confirmed=True holding=False
[INFO] [1788860967.765503400] [tracking_pick_node]: class=pet_labeled conf=0.97 anchor=(274.9,624.0) kf_x=267.2 kf_vx=-0.00 pending=345 confirmed=True holding=False
[INFO] [1788860967.896821705] [tracking_pick_node]: class=pet_labeled conf=0.97 anchor=(275.0,624.0) kf_x=267.2 kf_vx=-0.00 pending=346 confirmed=True holding=False
[INFO] [1788860968.036351208] [tracking_pick_node]: class=pet_labeled conf=0.97 anchor=(275.0,624.0) kf_x=267.2 kf_vx=-0.00 pending=347 confirmed=True holding=False
[INFO] [1788860968.167013556] [tracking_pick_node]: class=pet_labeled conf=0.97 anchor=(274.9,624.0) kf_x=267.2 kf_vx=-0.00 pending=348 confirmed=True holding=False
[INFO] [1788860968.298569743] [tracking_pick_node]: class=pet_labeled conf=0.97 anchor=(274.9,624.0) kf_x=267.2 kf_vx=-0.00 pending=349 confirmed=True holding=False
[INFO] [1788860968.433614276] [tracking_pick_node]: class=pet_labeled conf=0.97 anchor=(274.9,624.0) kf_x=267.2 kf_vx=-0.00 pending=350 confirmed=True holding=False
[INFO] [1788860968.568416010] [tracking_pick_node]: class=pet_labeled conf=0.97 anchor=(274.9,624.0) kf_x=267.2 kf_vx=-0.00 pending=351 confirmed=True holding=False
[INFO] [1788860968.696978510] [tracking_pick_node]: class=pet_labeled conf=0.97 anchor=(274.9,624.0) kf_x=267.2 kf_vx=-0.00 pending=352 confirmed=True holding=False
[INFO] [1788860968.832523106] [tracking_pick_node]: class=pet_labeled conf=0.97 anchor=(275.0,624.0) kf_x=267.2 kf_vx=-0.00 pending=353 confirmed=True holding=False
[INFO] [1788860968.967200837] [tracking_pick_node]: class=pet_labeled conf=0.97 anchor=(274.9,624.0) kf_x=267.2 kf_vx=-0.00 pending=354 confirmed=True holding=False
[INFO] [1788860969.096730705] [tracking_pick_node]: class=pet_labeled conf=0.97 anchor=(274.9,624.0) kf_x=267.2 kf_vx=-0.01 pending=355 confirmed=True holding=False
[INFO] [1788860969.237812995] [tracking_pick_node]: class=pet_labeled conf=0.97 anchor=(275.0,624.0) kf_x=267.2 kf_vx=-0.00 pending=356 confirmed=True holding=False
[INFO] [1788860969.365213318] [tracking_pick_node]: class=pet_labeled conf=0.97 anchor=(274.9,624.0) kf_x=267.2 kf_vx=-0.00 pending=357 confirmed=True holding=False
[INFO] [1788860969.498935935] [tracking_pick_node]: class=pet_labeled conf=0.97 anchor=(275.0,624.1) kf_x=267.2 kf_vx=-0.00 pending=358 confirmed=True holding=False
[INFO] [1788860969.635204479] [tracking_pick_node]: class=pet_labeled conf=0.97 anchor=(275.0,624.0) kf_x=267.2 kf_vx=-0.00 pending=359 confirmed=True holding=False
[INFO] [1788860969.765362147] [tracking_pick_node]: class=pet_labeled conf=0.97 anchor=(275.0,624.0) kf_x=267.2 kf_vx=-0.00 pending=360 confirmed=True holding=False
[INFO] [1788860969.896926885] [tracking_pick_node]: class=pet_labeled conf=0.97 anchor=(275.0,624.0) kf_x=267.2 kf_vx=-0.00 pending=361 confirmed=True holding=False
[INFO] [1788860970.033327395] [tracking_pick_node]: class=pet_labeled conf=0.97 anchor=(274.9,624.0) kf_x=267.2 kf_vx=-0.00 pending=362 confirmed=True holding=False
[INFO] [1788860970.170164413] [tracking_pick_node]: class=pet_labeled conf=0.97 anchor=(275.0,624.0) kf_x=267.2 kf_vx=-0.00 pending=363 confirmed=True holding=False
[INFO] [1788860970.297532838] [tracking_pick_node]: class=pet_labeled conf=0.97 anchor=(274.9,624.0) kf_x=267.2 kf_vx=-0.00 pending=364 confirmed=True holding=False
[INFO] [1788860970.433490681] [tracking_pick_node]: class=pet_labeled conf=0.97 anchor=(274.9,624.0) kf_x=267.2 kf_vx=-0.00 pending=365 confirmed=True holding=False
[INFO] [1788860970.563982109] [tracking_pick_node]: class=pet_labeled conf=0.97 anchor=(275.0,624.0) kf_x=267.2 kf_vx=-0.00 pending=366 confirmed=True holding=False
[INFO] [1788860970.697713334] [tracking_pick_node]: class=pet_labeled conf=0.97 anchor=(275.0,624.1) kf_x=267.2 kf_vx=-0.00 pending=367 confirmed=True holding=False
[INFO] [1788860970.835003624] [tracking_pick_node]: class=pet_labeled conf=0.97 anchor=(274.9,623.9) kf_x=267.2 kf_vx=-0.00 pending=368 confirmed=True holding=False
[INFO] [1788860970.965661891] [tracking_pick_node]: class=pet_labeled conf=0.97 anchor=(274.9,623.9) kf_x=267.2 kf_vx=-0.00 pending=369 confirmed=True holding=False
[INFO] [1788860971.098596675] [tracking_pick_node]: class=pet_labeled conf=0.97 anchor=(275.0,624.1) kf_x=267.2 kf_vx=-0.00 pending=370 confirmed=True holding=False
[INFO] [1788860971.235619373] [tracking_pick_node]: class=pet_labeled conf=0.97 anchor=(275.0,624.0) kf_x=267.2 kf_vx=-0.00 pending=371 confirmed=True holding=False
[INFO] [1788860971.364668698] [tracking_pick_node]: class=pet_labeled conf=0.97 anchor=(275.2,623.9) kf_x=267.2 kf_vx=0.00 pending=372 confirmed=True holding=False
[INFO] [1788860971.497274566] [tracking_pick_node]: class=pet_labeled conf=0.97 anchor=(275.0,624.0) kf_x=267.3 kf_vx=0.00 pending=373 confirmed=True holding=False
[INFO] [1788860971.636089887] [tracking_pick_node]: class=pet_labeled conf=0.97 anchor=(274.9,624.0) kf_x=267.2 kf_vx=0.00 pending=374 confirmed=True holding=False
[INFO] [1788860971.765083448] [tracking_pick_node]: class=pet_labeled conf=0.97 anchor=(275.0,624.0) kf_x=267.3 kf_vx=0.00 pending=375 confirmed=True holding=False
[INFO] [1788860971.897353441] [tracking_pick_node]: class=pet_labeled conf=0.97 anchor=(275.0,624.0) kf_x=267.3 kf_vx=0.00 pending=376 confirmed=True holding=False
[INFO] [1788860972.033184216] [tracking_pick_node]: class=pet_labeled conf=0.97 anchor=(274.9,623.9) kf_x=267.2 kf_vx=0.00 pending=377 confirmed=True holding=False
[INFO] [1788860972.164387871] [tracking_pick_node]: class=pet_labeled conf=0.97 anchor=(274.9,624.1) kf_x=267.2 kf_vx=0.00 pending=378 confirmed=True holding=False
[INFO] [1788860972.297417930] [tracking_pick_node]: class=pet_labeled conf=0.97 anchor=(274.9,624.0) kf_x=267.2 kf_vx=0.00 pending=379 confirmed=True holding=False
[INFO] [1788860972.432766481] [tracking_pick_node]: class=pet_labeled conf=0.97 anchor=(274.9,624.0) kf_x=267.2 kf_vx=-0.00 pending=380 confirmed=True holding=False
[INFO] [1788860972.565408763] [tracking_pick_node]: class=pet_labeled conf=0.97 anchor=(274.8,624.0) kf_x=267.2 kf_vx=-0.00 pending=381 confirmed=True holding=False
[INFO] [1788860972.698486080] [tracking_pick_node]: class=pet_labeled conf=0.97 anchor=(275.0,624.1) kf_x=267.2 kf_vx=-0.00 pending=382 confirmed=True holding=False
[INFO] [1788860972.828673903] [tracking_pick_node]: class=pet_labeled conf=0.97 anchor=(275.0,623.9) kf_x=267.2 kf_vx=-0.00 pending=383 confirmed=True holding=False
[INFO] [1788860972.964422806] [tracking_pick_node]: class=pet_labeled conf=0.97 anchor=(274.9,624.0) kf_x=267.2 kf_vx=-0.00 pending=384 confirmed=True holding=False
[INFO] [1788860973.098241137] [tracking_pick_node]: class=pet_labeled conf=0.97 anchor=(275.0,624.1) kf_x=267.2 kf_vx=-0.00 pending=385 confirmed=True holding=False
[INFO] [1788860973.228866692] [tracking_pick_node]: class=pet_labeled conf=0.97 anchor=(275.0,623.9) kf_x=267.2 kf_vx=-0.00 pending=386 confirmed=True holding=False
[INFO] [1788860973.364748788] [tracking_pick_node]: class=pet_labeled conf=0.97 anchor=(275.0,623.9) kf_x=267.2 kf_vx=0.00 pending=387 confirmed=True holding=False
[INFO] [1788860973.499738677] [tracking_pick_node]: class=pet_labeled conf=0.97 anchor=(275.0,624.1) kf_x=267.2 kf_vx=0.00 pending=388 confirmed=True holding=False
[INFO] [1788860973.628238421] [tracking_pick_node]: class=pet_labeled conf=0.97 anchor=(275.1,624.0) kf_x=267.3 kf_vx=0.00 pending=389 confirmed=True holding=False
[INFO] [1788860973.764592583] [tracking_pick_node]: class=pet_labeled conf=0.97 anchor=(274.9,624.1) kf_x=267.3 kf_vx=0.00 pending=390 confirmed=True holding=False
[INFO] [1788860973.898369483] [tracking_pick_node]: class=pet_labeled conf=0.97 anchor=(274.9,624.0) kf_x=267.3 kf_vx=0.00 pending=391 confirmed=True holding=False
[INFO] [1788860974.032112802] [tracking_pick_node]: class=pet_labeled conf=0.97 anchor=(274.9,624.0) kf_x=267.2 kf_vx=0.00 pending=392 confirmed=True holding=False
[INFO] [1788860974.164800439] [tracking_pick_node]: class=pet_labeled conf=0.97 anchor=(274.9,624.0) kf_x=267.2 kf_vx=0.00 pending=393 confirmed=True holding=False
[INFO] [1788860974.297355466] [tracking_pick_node]: class=pet_labeled conf=0.97 anchor=(275.0,624.0) kf_x=267.2 kf_vx=0.00 pending=394 confirmed=True holding=False
[INFO] [1788860974.428891849] [tracking_pick_node]: class=pet_labeled conf=0.97 anchor=(275.0,624.1) kf_x=267.3 kf_vx=0.00 pending=395 confirmed=True holding=False
[INFO] [1788860974.565076620] [tracking_pick_node]: class=pet_labeled conf=0.97 anchor=(275.0,624.0) kf_x=267.3 kf_vx=0.00 pending=396 confirmed=True holding=False
[INFO] [1788860974.698744952] [tracking_pick_node]: class=pet_labeled conf=0.97 anchor=(274.9,624.1) kf_x=267.3 kf_vx=0.00 pending=397 confirmed=True holding=False
[INFO] [1788860974.833127462] [tracking_pick_node]: class=pet_labeled conf=0.97 anchor=(275.0,623.9) kf_x=267.3 kf_vx=0.00 pending=398 confirmed=True holding=False
[INFO] [1788860974.964700311] [tracking_pick_node]: class=pet_labeled conf=0.97 anchor=(275.0,624.1) kf_x=267.3 kf_vx=0.00 pending=399 confirmed=True holding=False
[INFO] [1788860975.098201975] [tracking_pick_node]: class=pet_labeled conf=0.97 anchor=(275.0,624.0) kf_x=267.3 kf_vx=0.00 pending=400 confirmed=True holding=False
[INFO] [1788860975.229638888] [tracking_pick_node]: class=pet_labeled conf=0.97 anchor=(275.0,624.0) kf_x=267.3 kf_vx=0.00 pending=401 confirmed=True holding=False
[INFO] [1788860975.366422899] [tracking_pick_node]: class=pet_labeled conf=0.97 anchor=(275.0,624.0) kf_x=267.3 kf_vx=0.00 pending=402 confirmed=True holding=False
[INFO] [1788860975.497342464] [tracking_pick_node]: class=pet_labeled conf=0.97 anchor=(274.9,624.0) kf_x=267.3 kf_vx=0.00 pending=403 confirmed=True holding=False
[INFO] [1788860975.628797022] [tracking_pick_node]: class=pet_labeled conf=0.97 anchor=(275.0,624.1) kf_x=267.3 kf_vx=0.00 pending=404 confirmed=True holding=False
[INFO] [1788860975.766291427] [tracking_pick_node]: class=pet_labeled conf=0.97 anchor=(275.0,624.1) kf_x=267.3 kf_vx=0.00 pending=405 confirmed=True holding=False
[INFO] [1788860975.899303343] [tracking_pick_node]: class=pet_labeled conf=0.97 anchor=(274.9,624.0) kf_x=267.3 kf_vx=0.00 pending=406 confirmed=True holding=False
[INFO] [1788860976.029039471] [tracking_pick_node]: class=pet_labeled conf=0.97 anchor=(275.0,623.9) kf_x=267.3 kf_vx=0.00 pending=407 confirmed=True holding=False
[INFO] [1788860976.165558348] [tracking_pick_node]: class=pet_labeled conf=0.97 anchor=(274.9,623.9) kf_x=267.2 kf_vx=0.00 pending=408 confirmed=True holding=False
[INFO] [1788860976.297477841] [tracking_pick_node]: class=pet_labeled conf=0.97 anchor=(275.0,624.1) kf_x=267.3 kf_vx=0.00 pending=409 confirmed=True holding=False
[INFO] [1788860976.429722751] [tracking_pick_node]: class=pet_labeled conf=0.97 anchor=(274.9,624.0) kf_x=267.3 kf_vx=0.00 pending=410 confirmed=True holding=False
[INFO] [1788860976.565884980] [tracking_pick_node]: class=pet_labeled conf=0.97 anchor=(275.0,624.1) kf_x=267.3 kf_vx=0.00 pending=411 confirmed=True holding=False
[INFO] [1788860976.696848627] [tracking_pick_node]: class=pet_labeled conf=0.97 anchor=(275.0,624.0) kf_x=267.3 kf_vx=0.00 pending=412 confirmed=True holding=False
[INFO] [1788860976.830146063] [tracking_pick_node]: class=pet_labeled conf=0.97 anchor=(275.0,624.0) kf_x=267.3 kf_vx=0.00 pending=413 confirmed=True holding=False
[INFO] [1788860976.964771557] [tracking_pick_node]: class=pet_labeled conf=0.97 anchor=(275.1,624.0) kf_x=267.3 kf_vx=0.00 pending=414 confirmed=True holding=False
[INFO] [1788860977.098492409] [tracking_pick_node]: class=pet_labeled conf=0.97 anchor=(274.9,623.9) kf_x=267.3 kf_vx=0.00 pending=415 confirmed=True holding=False
[INFO] [1788860977.229563520] [tracking_pick_node]: class=pet_labeled conf=0.97 anchor=(275.0,624.0) kf_x=267.3 kf_vx=0.00 pending=416 confirmed=True holding=False
[INFO] [1788860977.364830072] [tracking_pick_node]: class=pet_labeled conf=0.97 anchor=(274.9,624.0) kf_x=267.2 kf_vx=-0.00 pending=417 confirmed=True holding=False
[INFO] [1788860977.497321981] [tracking_pick_node]: class=pet_labeled conf=0.97 anchor=(275.0,623.9) kf_x=267.2 kf_vx=-0.00 pending=418 confirmed=True holding=False
[INFO] [1788860977.629767901] [tracking_pick_node]: class=pet_labeled conf=0.97 anchor=(275.0,624.0) kf_x=267.3 kf_vx=0.00 pending=419 confirmed=True holding=False
[INFO] [1788860977.773644809] [tracking_pick_node]: class=pet_labeled conf=0.97 anchor=(275.0,623.9) kf_x=267.3 kf_vx=0.00 pending=420 confirmed=True holding=False
[INFO] [1788860977.898020228] [tracking_pick_node]: class=pet_labeled conf=0.97 anchor=(274.9,623.9) kf_x=267.2 kf_vx=-0.00 pending=421 confirmed=True holding=False
[INFO] [1788860978.030795626] [tracking_pick_node]: class=pet_labeled conf=0.97 anchor=(274.9,624.0) kf_x=267.2 kf_vx=-0.00 pending=422 confirmed=True holding=False
[INFO] [1788860978.165841606] [tracking_pick_node]: class=pet_labeled conf=0.97 anchor=(275.0,623.9) kf_x=267.2 kf_vx=-0.00 pending=423 confirmed=True holding=False
[INFO] [1788860978.296980036] [tracking_pick_node]: class=pet_labeled conf=0.97 anchor=(275.0,624.1) kf_x=267.2 kf_vx=-0.00 pending=424 confirmed=True holding=False
[INFO] [1788860978.428653401] [tracking_pick_node]: class=pet_labeled conf=0.97 anchor=(275.0,624.0) kf_x=267.2 kf_vx=-0.00 pending=425 confirmed=True holding=False
[INFO] [1788860978.565669365] [tracking_pick_node]: class=pet_labeled conf=0.97 anchor=(274.9,624.0) kf_x=267.2 kf_vx=-0.00 pending=426 confirmed=True holding=False
[INFO] [1788860978.699390820] [tracking_pick_node]: class=pet_labeled conf=0.97 anchor=(275.1,623.9) kf_x=267.2 kf_vx=-0.00 pending=427 confirmed=True holding=False
[INFO] [1788860978.836522574] [tracking_pick_node]: class=pet_labeled conf=0.97 anchor=(274.9,624.0) kf_x=267.2 kf_vx=-0.00 pending=428 confirmed=True holding=False
[INFO] [1788860978.966740582] [tracking_pick_node]: class=pet_labeled conf=0.97 anchor=(275.0,624.0) kf_x=267.2 kf_vx=-0.00 pending=429 confirmed=True holding=False
[INFO] [1788860979.100330391] [tracking_pick_node]: class=pet_labeled conf=0.97 anchor=(275.0,624.0) kf_x=267.2 kf_vx=-0.00 pending=430 confirmed=True holding=False
[INFO] [1788860979.228783527] [tracking_pick_node]: class=pet_labeled conf=0.97 anchor=(275.0,624.0) kf_x=267.2 kf_vx=0.00 pending=431 confirmed=True holding=False
[INFO] [1788860979.364780057] [tracking_pick_node]: class=pet_labeled conf=0.97 anchor=(275.1,624.1) kf_x=267.3 kf_vx=0.00 pending=432 confirmed=True holding=False
[INFO] [1788860979.497024695] [tracking_pick_node]: class=pet_labeled conf=0.97 anchor=(275.0,624.0) kf_x=267.3 kf_vx=0.00 pending=433 confirmed=True holding=False
[INFO] [1788860979.629202501] [tracking_pick_node]: class=pet_labeled conf=0.97 anchor=(275.0,624.0) kf_x=267.3 kf_vx=0.00 pending=434 confirmed=True holding=False
[INFO] [1788860979.773733228] [tracking_pick_node]: class=pet_labeled conf=0.97 anchor=(274.9,624.0) kf_x=267.3 kf_vx=0.00 pending=435 confirmed=True holding=False
[INFO] [1788860979.902192434] [tracking_pick_node]: class=pet_labeled conf=0.97 anchor=(274.9,623.9) kf_x=267.3 kf_vx=0.00 pending=436 confirmed=True holding=False
[INFO] [1788860980.029214150] [tracking_pick_node]: class=pet_labeled conf=0.97 anchor=(275.0,623.9) kf_x=267.3 kf_vx=0.00 pending=437 confirmed=True holding=False
[INFO] [1788860980.167321216] [tracking_pick_node]: class=pet_labeled conf=0.97 anchor=(275.0,624.0) kf_x=267.3 kf_vx=0.00 pending=438 confirmed=True holding=False
[INFO] [1788860980.297580397] [tracking_pick_node]: class=pet_labeled conf=0.97 anchor=(275.0,624.0) kf_x=267.3 kf_vx=0.00 pending=439 confirmed=True holding=False
[INFO] [1788860980.428869566] [tracking_pick_node]: class=pet_labeled conf=0.97 anchor=(275.0,624.0) kf_x=267.3 kf_vx=0.00 pending=440 confirmed=True holding=False
[INFO] [1788860980.565775589] [tracking_pick_node]: class=pet_labeled conf=0.97 anchor=(274.9,624.1) kf_x=267.2 kf_vx=-0.00 pending=441 confirmed=True holding=False
[INFO] [1788860980.697847445] [tracking_pick_node]: class=pet_labeled conf=0.97 anchor=(275.0,623.8) kf_x=267.2 kf_vx=-0.00 pending=442 confirmed=True holding=False
[INFO] [1788860980.829507650] [tracking_pick_node]: class=pet_labeled conf=0.97 anchor=(274.9,624.0) kf_x=267.2 kf_vx=-0.00 pending=443 confirmed=True holding=False
[INFO] [1788860980.966809607] [tracking_pick_node]: class=pet_labeled conf=0.97 anchor=(274.9,624.0) kf_x=267.2 kf_vx=-0.00 pending=444 confirmed=True holding=False
[INFO] [1788860981.096830096] [tracking_pick_node]: class=pet_labeled conf=0.97 anchor=(274.9,623.9) kf_x=267.2 kf_vx=-0.00 pending=445 confirmed=True holding=False
[INFO] [1788860981.233293689] [tracking_pick_node]: class=pet_labeled conf=0.97 anchor=(274.9,623.9) kf_x=267.2 kf_vx=-0.00 pending=446 confirmed=True holding=False
[INFO] [1788860981.371842317] [tracking_pick_node]: class=pet_labeled conf=0.97 anchor=(275.0,624.0) kf_x=267.2 kf_vx=-0.00 pending=447 confirmed=True holding=False
[INFO] [1788860981.496669020] [tracking_pick_node]: class=pet_labeled conf=0.97 anchor=(275.1,624.1) kf_x=267.2 kf_vx=-0.00 pending=448 confirmed=True holding=False
[INFO] [1788860981.631627735] [tracking_pick_node]: class=pet_labeled conf=0.97 anchor=(275.0,624.0) kf_x=267.2 kf_vx=-0.00 pending=449 confirmed=True holding=False
[INFO] [1788860981.765753098] [tracking_pick_node]: class=pet_labeled conf=0.97 anchor=(274.9,624.0) kf_x=267.2 kf_vx=-0.00 pending=450 confirmed=True holding=False
[INFO] [1788860981.897010880] [tracking_pick_node]: class=pet_labeled conf=0.97 anchor=(274.9,624.0) kf_x=267.2 kf_vx=-0.00 pending=451 confirmed=True holding=False
[INFO] [1788860982.029086770] [tracking_pick_node]: class=pet_labeled conf=0.97 anchor=(274.9,623.9) kf_x=267.2 kf_vx=-0.00 pending=452 confirmed=True holding=False
[INFO] [1788860982.164679566] [tracking_pick_node]: class=pet_labeled conf=0.97 anchor=(274.9,624.0) kf_x=267.2 kf_vx=-0.00 pending=453 confirmed=True holding=False
[INFO] [1788860982.297504374] [tracking_pick_node]: class=pet_labeled conf=0.97 anchor=(274.9,624.0) kf_x=267.2 kf_vx=-0.00 pending=454 confirmed=True holding=False
[INFO] [1788860982.431725284] [tracking_pick_node]: class=pet_labeled conf=0.97 anchor=(274.9,623.9) kf_x=267.2 kf_vx=-0.00 pending=455 confirmed=True holding=False
[INFO] [1788860982.565107767] [tracking_pick_node]: class=pet_labeled conf=0.97 anchor=(274.9,623.9) kf_x=267.2 kf_vx=-0.01 pending=456 confirmed=True holding=False
[INFO] [1788860982.698457769] [tracking_pick_node]: class=pet_labeled conf=0.97 anchor=(274.9,624.1) kf_x=267.2 kf_vx=-0.01 pending=457 confirmed=True holding=False
[INFO] [1788860982.832036015] [tracking_pick_node]: class=pet_labeled conf=0.97 anchor=(275.0,624.0) kf_x=267.2 kf_vx=-0.00 pending=458 confirmed=True holding=False
[INFO] [1788860982.967115578] [tracking_pick_node]: class=pet_labeled conf=0.97 anchor=(275.0,624.0) kf_x=267.2 kf_vx=-0.00 pending=459 confirmed=True holding=False
[INFO] [1788860983.102116073] [tracking_pick_node]: class=pet_labeled conf=0.97 anchor=(274.9,623.9) kf_x=267.2 kf_vx=-0.01 pending=460 confirmed=True holding=False
[INFO] [1788860983.231258727] [tracking_pick_node]: class=pet_labeled conf=0.97 anchor=(274.9,624.1) kf_x=267.2 kf_vx=-0.00 pending=461 confirmed=True holding=False
[INFO] [1788860983.364332611] [tracking_pick_node]: class=pet_labeled conf=0.97 anchor=(275.0,623.9) kf_x=267.2 kf_vx=-0.00 pending=462 confirmed=True holding=False
[INFO] [1788860983.499011413] [tracking_pick_node]: class=pet_labeled conf=0.97 anchor=(275.0,624.1) kf_x=267.2 kf_vx=-0.00 pending=463 confirmed=True holding=False
[INFO] [1788860983.630030728] [tracking_pick_node]: class=pet_labeled conf=0.97 anchor=(274.9,623.9) kf_x=267.2 kf_vx=-0.00 pending=464 confirmed=True holding=False
[INFO] [1788860983.766595039] [tracking_pick_node]: class=pet_labeled conf=0.97 anchor=(274.9,624.1) kf_x=267.2 kf_vx=-0.00 pending=465 confirmed=True holding=False
[INFO] [1788860983.896880648] [tracking_pick_node]: class=pet_labeled conf=0.97 anchor=(274.9,624.0) kf_x=267.2 kf_vx=-0.00 pending=466 confirmed=True holding=False
[INFO] [1788860984.036463491] [tracking_pick_node]: class=pet_labeled conf=0.97 anchor=(275.0,623.9) kf_x=267.2 kf_vx=-0.00 pending=467 confirmed=True holding=False
[INFO] [1788860984.169603576] [tracking_pick_node]: class=pet_labeled conf=0.97 anchor=(275.0,624.0) kf_x=267.2 kf_vx=-0.00 pending=468 confirmed=True holding=False
[INFO] [1788860984.297688935] [tracking_pick_node]: class=pet_labeled conf=0.97 anchor=(275.0,624.1) kf_x=267.2 kf_vx=-0.00 pending=469 confirmed=True holding=False
[INFO] [1788860984.429037571] [tracking_pick_node]: class=pet_labeled conf=0.97 anchor=(275.1,624.1) kf_x=267.2 kf_vx=-0.00 pending=470 confirmed=True holding=False
[INFO] [1788860984.566758455] [tracking_pick_node]: class=pet_labeled conf=0.97 anchor=(274.9,624.0) kf_x=267.2 kf_vx=-0.00 pending=471 confirmed=True holding=False
[INFO] [1788860984.697812179] [tracking_pick_node]: class=pet_labeled conf=0.97 anchor=(275.0,624.0) kf_x=267.2 kf_vx=-0.00 pending=472 confirmed=True holding=False
[INFO] [1788860984.830884995] [tracking_pick_node]: class=pet_labeled conf=0.97 anchor=(275.1,623.9) kf_x=267.2 kf_vx=-0.00 pending=473 confirmed=True holding=False
[INFO] [1788860984.966412085] [tracking_pick_node]: class=pet_labeled conf=0.97 anchor=(274.9,624.0) kf_x=267.2 kf_vx=-0.00 pending=474 confirmed=True holding=False
[INFO] [1788860985.096969592] [tracking_pick_node]: class=pet_labeled conf=0.97 anchor=(274.9,624.0) kf_x=267.2 kf_vx=-0.00 pending=475 confirmed=True holding=False
[INFO] [1788860985.230759648] [tracking_pick_node]: class=pet_labeled conf=0.97 anchor=(274.9,624.0) kf_x=267.2 kf_vx=-0.00 pending=476 confirmed=True holding=False
[INFO] [1788860985.368521679] [tracking_pick_node]: class=pet_labeled conf=0.97 anchor=(275.0,624.0) kf_x=267.2 kf_vx=0.00 pending=477 confirmed=True holding=False
[INFO] [1788860985.499697271] [tracking_pick_node]: class=pet_labeled conf=0.97 anchor=(275.0,624.0) kf_x=267.2 kf_vx=0.00 pending=478 confirmed=True holding=False
[INFO] [1788860985.629419841] [tracking_pick_node]: class=pet_labeled conf=0.97 anchor=(275.0,624.0) kf_x=267.2 kf_vx=0.00 pending=479 confirmed=True holding=False
[INFO] [1788860985.768933890] [tracking_pick_node]: class=pet_labeled conf=0.97 anchor=(275.0,624.0) kf_x=267.2 kf_vx=0.00 pending=480 confirmed=True holding=False
[INFO] [1788860985.899510985] [tracking_pick_node]: class=pet_labeled conf=0.97 anchor=(275.0,624.0) kf_x=267.2 kf_vx=0.00 pending=481 confirmed=True holding=False
[INFO] [1788860986.028788696] [tracking_pick_node]: class=pet_labeled conf=0.97 anchor=(275.0,623.9) kf_x=267.2 kf_vx=0.00 pending=482 confirmed=True holding=False
[INFO] [1788860986.162520245] [tracking_pick_node]: class=pet_labeled conf=0.97 anchor=(275.0,624.0) kf_x=267.2 kf_vx=0.00 pending=483 confirmed=True holding=False
[INFO] [1788860986.302407613] [tracking_pick_node]: class=pet_labeled conf=0.97 anchor=(274.9,624.0) kf_x=267.2 kf_vx=0.00 pending=484 confirmed=True holding=False
[INFO] [1788860986.430697709] [tracking_pick_node]: class=pet_labeled conf=0.97 anchor=(275.0,624.1) kf_x=267.2 kf_vx=0.00 pending=485 confirmed=True holding=False
[INFO] [1788860986.563418328] [tracking_pick_node]: class=pet_labeled conf=0.97 anchor=(274.9,623.9) kf_x=267.2 kf_vx=0.00 pending=486 confirmed=True holding=False
[INFO] [1788860986.698992526] [tracking_pick_node]: class=pet_labeled conf=0.97 anchor=(275.0,624.0) kf_x=267.2 kf_vx=0.00 pending=487 confirmed=True holding=False
[INFO] [1788860986.831408234] [tracking_pick_node]: class=pet_labeled conf=0.97 anchor=(275.0,623.9) kf_x=267.2 kf_vx=0.00 pending=488 confirmed=True holding=False
[INFO] [1788860986.961820374] [tracking_pick_node]: class=pet_labeled conf=0.97 anchor=(275.0,624.0) kf_x=267.2 kf_vx=0.00 pending=489 confirmed=True holding=False
[INFO] [1788860987.096958426] [tracking_pick_node]: class=pet_labeled conf=0.97 anchor=(274.9,624.1) kf_x=267.2 kf_vx=0.00 pending=490 confirmed=True holding=False
[INFO] [1788860987.232213020] [tracking_pick_node]: class=pet_labeled conf=0.97 anchor=(275.0,624.1) kf_x=267.2 kf_vx=0.00 pending=491 confirmed=True holding=False
[INFO] [1788860987.361654974] [tracking_pick_node]: class=pet_labeled conf=0.97 anchor=(275.0,624.1) kf_x=267.2 kf_vx=0.00 pending=492 confirmed=True holding=False
[INFO] [1788860987.497306076] [tracking_pick_node]: class=pet_labeled conf=0.97 anchor=(274.9,624.1) kf_x=267.2 kf_vx=0.00 pending=493 confirmed=True holding=False
[INFO] [1788860987.629930279] [tracking_pick_node]: class=pet_labeled conf=0.97 anchor=(275.0,624.1) kf_x=267.2 kf_vx=0.00 pending=494 confirmed=True holding=False
[INFO] [1788860987.760639729] [tracking_pick_node]: class=pet_labeled conf=0.97 anchor=(274.9,623.9) kf_x=267.2 kf_vx=0.00 pending=495 confirmed=True holding=False
[INFO] [1788860987.898617634] [tracking_pick_node]: class=pet_labeled conf=0.97 anchor=(275.0,624.0) kf_x=267.2 kf_vx=0.00 pending=496 confirmed=True holding=False
[INFO] [1788860988.029727952] [tracking_pick_node]: class=pet_labeled conf=0.97 anchor=(275.0,624.1) kf_x=267.2 kf_vx=0.00 pending=497 confirmed=True holding=False
[INFO] [1788860988.162899981] [tracking_pick_node]: class=pet_labeled conf=0.97 anchor=(275.0,624.0) kf_x=267.2 kf_vx=0.00 pending=498 confirmed=True holding=False
[INFO] [1788860988.298695570] [tracking_pick_node]: class=pet_labeled conf=0.97 anchor=(275.0,624.1) kf_x=267.2 kf_vx=0.00 pending=499 confirmed=True holding=False
[INFO] [1788860988.429536985] [tracking_pick_node]: class=pet_labeled conf=0.97 anchor=(275.1,624.0) kf_x=267.3 kf_vx=0.00 pending=500 confirmed=True holding=False
[INFO] [1788860988.562682656] [tracking_pick_node]: class=pet_labeled conf=0.97 anchor=(275.0,624.0) kf_x=267.3 kf_vx=0.00 pending=501 confirmed=True holding=False
[INFO] [1788860988.699075655] [tracking_pick_node]: class=pet_labeled conf=0.97 anchor=(275.0,624.0) kf_x=267.3 kf_vx=0.00 pending=502 confirmed=True holding=False
[INFO] [1788860988.831446561] [tracking_pick_node]: class=pet_labeled conf=0.97 anchor=(275.0,624.1) kf_x=267.3 kf_vx=0.01 pending=503 confirmed=True holding=False
[INFO] [1788860988.964784118] [tracking_pick_node]: class=pet_labeled conf=0.97 anchor=(275.0,624.1) kf_x=267.3 kf_vx=0.01 pending=504 confirmed=True holding=False
[INFO] [1788860989.099350404] [tracking_pick_node]: class=pet_labeled conf=0.97 anchor=(275.0,624.0) kf_x=267.3 kf_vx=0.01 pending=505 confirmed=True holding=False
[INFO] [1788860989.230844356] [tracking_pick_node]: class=pet_labeled conf=0.97 anchor=(275.0,624.1) kf_x=267.3 kf_vx=0.01 pending=506 confirmed=True holding=False
[INFO] [1788860989.362064088] [tracking_pick_node]: class=pet_labeled conf=0.97 anchor=(274.9,624.0) kf_x=267.3 kf_vx=0.00 pending=507 confirmed=True holding=False
[INFO] [1788860989.499269393] [tracking_pick_node]: class=pet_labeled conf=0.97 anchor=(274.9,624.1) kf_x=267.3 kf_vx=0.00 pending=508 confirmed=True holding=False
[INFO] [1788860989.630838607] [tracking_pick_node]: class=pet_labeled conf=0.97 anchor=(274.9,624.0) kf_x=267.3 kf_vx=0.00 pending=509 confirmed=True holding=False
[INFO] [1788860989.762288256] [tracking_pick_node]: class=pet_labeled conf=0.97 anchor=(275.0,624.0) kf_x=267.3 kf_vx=0.00 pending=510 confirmed=True holding=False
[INFO] [1788860989.898001961] [tracking_pick_node]: class=pet_labeled conf=0.97 anchor=(274.9,624.0) kf_x=267.3 kf_vx=0.00 pending=511 confirmed=True holding=False
[INFO] [1788860990.032275970] [tracking_pick_node]: class=pet_labeled conf=0.97 anchor=(275.0,624.0) kf_x=267.3 kf_vx=0.00 pending=512 confirmed=True holding=False
[INFO] [1788860990.161853584] [tracking_pick_node]: class=pet_labeled conf=0.97 anchor=(274.9,624.0) kf_x=267.3 kf_vx=0.00 pending=513 confirmed=True holding=False
[INFO] [1788860990.300790578] [tracking_pick_node]: class=pet_labeled conf=0.97 anchor=(275.0,624.0) kf_x=267.3 kf_vx=0.00 pending=514 confirmed=True holding=False
[INFO] [1788860990.429252392] [tracking_pick_node]: class=pet_labeled conf=0.97 anchor=(274.9,624.0) kf_x=267.3 kf_vx=0.00 pending=515 confirmed=True holding=False
[INFO] [1788860990.561773731] [tracking_pick_node]: class=pet_labeled conf=0.97 anchor=(275.0,624.0) kf_x=267.3 kf_vx=0.00 pending=516 confirmed=True holding=False
[INFO] [1788860990.697630669] [tracking_pick_node]: class=pet_labeled conf=0.97 anchor=(275.0,624.0) kf_x=267.3 kf_vx=0.00 pending=517 confirmed=True holding=False
[INFO] [1788860990.828838754] [tracking_pick_node]: class=pet_labeled conf=0.97 anchor=(274.9,623.9) kf_x=267.2 kf_vx=-0.00 pending=518 confirmed=True holding=False
[INFO] [1788860990.961608670] [tracking_pick_node]: class=pet_labeled conf=0.97 anchor=(275.0,624.2) kf_x=267.3 kf_vx=0.00 pending=519 confirmed=True holding=False
[INFO] [1788860991.101320336] [tracking_pick_node]: class=pet_labeled conf=0.97 anchor=(275.1,624.0) kf_x=267.3 kf_vx=0.00 pending=520 confirmed=True holding=False
[INFO] [1788860991.238810568] [tracking_pick_node]: class=pet_labeled conf=0.97 anchor=(274.9,624.0) kf_x=267.3 kf_vx=0.00 pending=521 confirmed=True holding=False
[INFO] [1788860991.362768436] [tracking_pick_node]: class=pet_labeled conf=0.97 anchor=(274.9,624.0) kf_x=267.3 kf_vx=-0.00 pending=522 confirmed=True holding=False
[INFO] [1788860991.500232459] [tracking_pick_node]: class=pet_labeled conf=0.97 anchor=(275.0,624.0) kf_x=267.2 kf_vx=-0.00 pending=523 confirmed=True holding=False
[INFO] [1788860991.629779978] [tracking_pick_node]: class=pet_labeled conf=0.97 anchor=(275.0,624.0) kf_x=267.3 kf_vx=0.00 pending=524 confirmed=True holding=False
[INFO] [1788860991.760728795] [tracking_pick_node]: class=pet_labeled conf=0.97 anchor=(275.0,624.1) kf_x=267.3 kf_vx=0.00 pending=525 confirmed=True holding=False
[INFO] [1788860991.896837428] [tracking_pick_node]: class=pet_labeled conf=0.97 anchor=(275.0,624.2) kf_x=267.3 kf_vx=0.00 pending=526 confirmed=True holding=False
[INFO] [1788860992.034754656] [tracking_pick_node]: class=pet_labeled conf=0.97 anchor=(275.0,624.1) kf_x=267.3 kf_vx=0.00 pending=527 confirmed=True holding=False
[INFO] [1788860992.161496364] [tracking_pick_node]: class=pet_labeled conf=0.97 anchor=(275.0,624.1) kf_x=267.3 kf_vx=0.00 pending=528 confirmed=True holding=False
[INFO] [1788860992.299462816] [tracking_pick_node]: class=pet_labeled conf=0.97 anchor=(275.1,624.0) kf_x=267.3 kf_vx=0.00 pending=529 confirmed=True holding=False
[INFO] [1788860992.429862436] [tracking_pick_node]: class=pet_labeled conf=0.97 anchor=(275.0,624.0) kf_x=267.3 kf_vx=0.00 pending=530 confirmed=True holding=False
[INFO] [1788860992.562110598] [tracking_pick_node]: class=pet_labeled conf=0.97 anchor=(275.0,624.1) kf_x=267.3 kf_vx=0.00 pending=531 confirmed=True holding=False
[INFO] [1788860992.697617861] [tracking_pick_node]: class=pet_labeled conf=0.97 anchor=(274.9,624.1) kf_x=267.3 kf_vx=0.00 pending=532 confirmed=True holding=False
[INFO] [1788860992.830569133] [tracking_pick_node]: class=pet_labeled conf=0.97 anchor=(275.0,624.0) kf_x=267.3 kf_vx=0.00 pending=533 confirmed=True holding=False
[INFO] [1788860992.965100960] [tracking_pick_node]: class=pet_labeled conf=0.97 anchor=(275.0,624.0) kf_x=267.3 kf_vx=0.00 pending=534 confirmed=True holding=False
[INFO] [1788860993.098342520] [tracking_pick_node]: class=pet_labeled conf=0.97 anchor=(275.0,624.0) kf_x=267.3 kf_vx=0.00 pending=535 confirmed=True holding=False
[INFO] [1788860993.230797618] [tracking_pick_node]: class=pet_labeled conf=0.97 anchor=(275.0,624.0) kf_x=267.3 kf_vx=0.00 pending=536 confirmed=True holding=False
[INFO] [1788860993.362715146] [tracking_pick_node]: class=pet_labeled conf=0.97 anchor=(275.1,624.1) kf_x=267.3 kf_vx=0.00 pending=537 confirmed=True holding=False
[INFO] [1788860993.497574887] [tracking_pick_node]: class=pet_labeled conf=0.97 anchor=(274.9,624.0) kf_x=267.3 kf_vx=0.00 pending=538 confirmed=True holding=False
[INFO] [1788860993.632359599] [tracking_pick_node]: class=pet_labeled conf=0.97 anchor=(275.0,624.0) kf_x=267.3 kf_vx=0.00 pending=539 confirmed=True holding=False
[INFO] [1788860993.761680976] [tracking_pick_node]: class=pet_labeled conf=0.97 anchor=(275.0,624.1) kf_x=267.3 kf_vx=0.00 pending=540 confirmed=True holding=False
[INFO] [1788860993.901617031] [tracking_pick_node]: class=pet_labeled conf=0.97 anchor=(274.9,624.1) kf_x=267.3 kf_vx=0.00 pending=541 confirmed=True holding=False
[INFO] [1788860994.029440437] [tracking_pick_node]: class=pet_labeled conf=0.97 anchor=(275.0,624.1) kf_x=267.3 kf_vx=0.00 pending=542 confirmed=True holding=False
[INFO] [1788860994.163217577] [tracking_pick_node]: class=pet_labeled conf=0.97 anchor=(275.0,624.0) kf_x=267.3 kf_vx=0.00 pending=543 confirmed=True holding=False
[INFO] [1788860994.298535062] [tracking_pick_node]: class=pet_labeled conf=0.97 anchor=(274.9,624.1) kf_x=267.3 kf_vx=0.00 pending=544 confirmed=True holding=False
[INFO] [1788860994.428735197] [tracking_pick_node]: class=pet_labeled conf=0.97 anchor=(275.0,624.0) kf_x=267.3 kf_vx=0.00 pending=545 confirmed=True holding=False
[INFO] [1788860994.561107994] [tracking_pick_node]: class=pet_labeled conf=0.97 anchor=(275.0,624.2) kf_x=267.3 kf_vx=0.00 pending=546 confirmed=True holding=False
[INFO] [1788860994.699126208] [tracking_pick_node]: class=pet_labeled conf=0.97 anchor=(275.0,624.2) kf_x=267.3 kf_vx=0.00 pending=547 confirmed=True holding=False
[INFO] [1788860994.829563722] [tracking_pick_node]: class=pet_labeled conf=0.97 anchor=(275.0,624.0) kf_x=267.3 kf_vx=0.00 pending=548 confirmed=True holding=False
[INFO] [1788860994.963346816] [tracking_pick_node]: class=pet_labeled conf=0.97 anchor=(274.9,624.1) kf_x=267.3 kf_vx=0.00 pending=549 confirmed=True holding=False
[INFO] [1788860995.100244872] [tracking_pick_node]: class=pet_labeled conf=0.97 anchor=(275.0,624.1) kf_x=267.3 kf_vx=0.00 pending=550 confirmed=True holding=False
[INFO] [1788860995.231237660] [tracking_pick_node]: class=pet_labeled conf=0.97 anchor=(275.0,624.0) kf_x=267.3 kf_vx=0.00 pending=551 confirmed=True holding=False
[INFO] [1788860995.363334695] [tracking_pick_node]: class=pet_labeled conf=0.97 anchor=(275.1,624.1) kf_x=267.3 kf_vx=0.00 pending=552 confirmed=True holding=False
[INFO] [1788860995.498632898] [tracking_pick_node]: class=pet_labeled conf=0.97 anchor=(275.0,624.0) kf_x=267.3 kf_vx=0.00 pending=553 confirmed=True holding=False
[INFO] [1788860995.630029805] [tracking_pick_node]: class=pet_labeled conf=0.97 anchor=(275.0,624.1) kf_x=267.3 kf_vx=0.00 pending=554 confirmed=True holding=False
[INFO] [1788860995.763061422] [tracking_pick_node]: class=pet_labeled conf=0.97 anchor=(275.0,624.0) kf_x=267.3 kf_vx=0.00 pending=555 confirmed=True holding=False
[INFO] [1788860995.897868248] [tracking_pick_node]: class=pet_labeled conf=0.97 anchor=(275.0,624.0) kf_x=267.3 kf_vx=0.00 pending=556 confirmed=True holding=False
[INFO] [1788860996.030358906] [tracking_pick_node]: class=pet_labeled conf=0.97 anchor=(275.0,624.1) kf_x=267.3 kf_vx=0.00 pending=557 confirmed=True holding=False
[INFO] [1788860996.162285210] [tracking_pick_node]: class=pet_labeled conf=0.97 anchor=(275.0,624.0) kf_x=267.3 kf_vx=0.00 pending=558 confirmed=True holding=False
[INFO] [1788860996.297852719] [tracking_pick_node]: class=pet_labeled conf=0.97 anchor=(275.0,624.0) kf_x=267.3 kf_vx=0.00 pending=559 confirmed=True holding=False
[INFO] [1788860996.429282235] [tracking_pick_node]: class=pet_labeled conf=0.97 anchor=(275.0,624.1) kf_x=267.3 kf_vx=0.00 pending=560 confirmed=True holding=False
[INFO] [1788860996.561603474] [tracking_pick_node]: class=pet_labeled conf=0.97 anchor=(274.9,624.1) kf_x=267.3 kf_vx=-0.00 pending=561 confirmed=True holding=False
[INFO] [1788860996.699165525] [tracking_pick_node]: class=pet_labeled conf=0.97 anchor=(274.9,624.0) kf_x=267.3 kf_vx=-0.00 pending=562 confirmed=True holding=False
[INFO] [1788860996.831165034] [tracking_pick_node]: class=pet_labeled conf=0.97 anchor=(275.0,624.0) kf_x=267.3 kf_vx=-0.00 pending=563 confirmed=True holding=False
[INFO] [1788860996.961711653] [tracking_pick_node]: class=pet_labeled conf=0.97 anchor=(274.9,624.0) kf_x=267.3 kf_vx=-0.00 pending=564 confirmed=True holding=False
[INFO] [1788860997.098726353] [tracking_pick_node]: class=pet_labeled conf=0.97 anchor=(275.0,624.0) kf_x=267.3 kf_vx=-0.00 pending=565 confirmed=True holding=False
[INFO] [1788860997.229464706] [tracking_pick_node]: class=pet_labeled conf=0.97 anchor=(275.1,624.1) kf_x=267.3 kf_vx=-0.00 pending=566 confirmed=True holding=False
[INFO] [1788860997.362089839] [tracking_pick_node]: class=pet_labeled conf=0.97 anchor=(275.0,624.1) kf_x=267.3 kf_vx=-0.00 pending=567 confirmed=True holding=False
[INFO] [1788860997.500570974] [tracking_pick_node]: class=pet_labeled conf=0.97 anchor=(275.0,624.0) kf_x=267.3 kf_vx=-0.00 pending=568 confirmed=True holding=False
[INFO] [1788860997.639158144] [tracking_pick_node]: class=pet_labeled conf=0.97 anchor=(275.0,624.2) kf_x=267.3 kf_vx=-0.00 pending=569 confirmed=True holding=False
[INFO] [1788860997.763034317] [tracking_pick_node]: class=pet_labeled conf=0.97 anchor=(275.0,624.1) kf_x=267.3 kf_vx=-0.00 pending=570 confirmed=True holding=False
[INFO] [1788860997.899609985] [tracking_pick_node]: class=pet_labeled conf=0.97 anchor=(275.0,624.0) kf_x=267.3 kf_vx=-0.00 pending=571 confirmed=True holding=False
[INFO] [1788860998.029528368] [tracking_pick_node]: class=pet_labeled conf=0.97 anchor=(274.9,624.0) kf_x=267.3 kf_vx=-0.00 pending=572 confirmed=True holding=False
[INFO] [1788860998.166784090] [tracking_pick_node]: class=pet_labeled conf=0.97 anchor=(275.0,624.0) kf_x=267.3 kf_vx=-0.00 pending=573 confirmed=True holding=False
[INFO] [1788860998.297954484] [tracking_pick_node]: class=pet_labeled conf=0.97 anchor=(275.1,624.1) kf_x=267.3 kf_vx=-0.00 pending=574 confirmed=True holding=False
[INFO] [1788860998.430333622] [tracking_pick_node]: class=pet_labeled conf=0.97 anchor=(275.0,624.0) kf_x=267.3 kf_vx=0.00 pending=575 confirmed=True holding=False
[INFO] [1788860998.561860214] [tracking_pick_node]: class=pet_labeled conf=0.97 anchor=(275.0,624.0) kf_x=267.3 kf_vx=0.00 pending=576 confirmed=True holding=False
[INFO] [1788860998.698191428] [tracking_pick_node]: class=pet_labeled conf=0.97 anchor=(275.0,624.0) kf_x=267.3 kf_vx=0.00 pending=577 confirmed=True holding=False
[INFO] [1788860998.832097219] [tracking_pick_node]: class=pet_labeled conf=0.97 anchor=(274.9,624.0) kf_x=267.3 kf_vx=-0.00 pending=578 confirmed=True holding=False
[INFO] [1788860998.962815010] [tracking_pick_node]: class=pet_labeled conf=0.97 anchor=(274.9,624.0) kf_x=267.3 kf_vx=-0.00 pending=579 confirmed=True holding=False
[INFO] [1788860999.097172895] [tracking_pick_node]: class=pet_labeled conf=0.97 anchor=(275.0,624.1) kf_x=267.3 kf_vx=-0.00 pending=580 confirmed=True holding=False
[INFO] [1788860999.229112528] [tracking_pick_node]: class=pet_labeled conf=0.97 anchor=(275.0,624.1) kf_x=267.3 kf_vx=-0.00 pending=581 confirmed=True holding=False
[INFO] [1788860999.364049496] [tracking_pick_node]: class=pet_labeled conf=0.97 anchor=(275.0,624.1) kf_x=267.3 kf_vx=-0.00 pending=582 confirmed=True holding=False
[INFO] [1788860999.501738632] [tracking_pick_node]: class=pet_labeled conf=0.97 anchor=(275.0,624.1) kf_x=267.3 kf_vx=-0.00 pending=583 confirmed=True holding=False
[INFO] [1788860999.631728632] [tracking_pick_node]: class=pet_labeled conf=0.97 anchor=(275.0,624.0) kf_x=267.3 kf_vx=-0.00 pending=584 confirmed=True holding=False
[INFO] [1788860999.762184955] [tracking_pick_node]: class=pet_labeled conf=0.97 anchor=(275.0,624.0) kf_x=267.3 kf_vx=-0.00 pending=585 confirmed=True holding=False
[INFO] [1788860999.896692890] [tracking_pick_node]: class=pet_labeled conf=0.97 anchor=(274.9,624.1) kf_x=267.3 kf_vx=-0.00 pending=586 confirmed=True holding=False
[INFO] [1788861000.038789413] [tracking_pick_node]: class=pet_labeled conf=0.97 anchor=(274.9,623.9) kf_x=267.3 kf_vx=-0.00 pending=587 confirmed=True holding=False
[INFO] [1788861000.164838922] [tracking_pick_node]: class=pet_labeled conf=0.97 anchor=(274.9,624.1) kf_x=267.2 kf_vx=-0.00 pending=588 confirmed=True holding=False
[INFO] [1788861000.295403606] [tracking_pick_node]: class=pet_labeled conf=0.97 anchor=(275.1,624.1) kf_x=267.3 kf_vx=-0.00 pending=589 confirmed=True holding=False
[INFO] [1788861000.431840223] [tracking_pick_node]: class=pet_labeled conf=0.97 anchor=(275.0,624.0) kf_x=267.3 kf_vx=-0.00 pending=590 confirmed=True holding=False
[INFO] [1788861000.562496164] [tracking_pick_node]: class=pet_labeled conf=0.97 anchor=(275.0,624.0) kf_x=267.3 kf_vx=-0.00 pending=591 confirmed=True holding=False
[INFO] [1788861000.693812480] [tracking_pick_node]: class=pet_labeled conf=0.97 anchor=(275.0,624.0) kf_x=267.3 kf_vx=-0.00 pending=592 confirmed=True holding=False
[INFO] [1788861000.829667359] [tracking_pick_node]: class=pet_labeled conf=0.97 anchor=(274.9,624.0) kf_x=267.3 kf_vx=-0.00 pending=593 confirmed=True holding=False
[INFO] [1788861000.962663593] [tracking_pick_node]: class=pet_labeled conf=0.97 anchor=(274.9,624.0) kf_x=267.2 kf_vx=-0.00 pending=594 confirmed=True holding=False
[INFO] [1788861001.093848293] [tracking_pick_node]: class=pet_labeled conf=0.97 anchor=(275.0,624.0) kf_x=267.2 kf_vx=-0.00 pending=595 confirmed=True holding=False
[INFO] [1788861001.229025175] [tracking_pick_node]: class=pet_labeled conf=0.97 anchor=(275.0,624.0) kf_x=267.2 kf_vx=-0.00 pending=596 confirmed=True holding=False
[INFO] [1788861001.360833467] [tracking_pick_node]: class=pet_labeled conf=0.97 anchor=(274.9,624.1) kf_x=267.2 kf_vx=-0.00 pending=597 confirmed=True holding=False
[INFO] [1788861001.495297677] [tracking_pick_node]: class=pet_labeled conf=0.97 anchor=(275.0,624.1) kf_x=267.2 kf_vx=-0.00 pending=598 confirmed=True holding=False
[INFO] [1788861001.629719891] [tracking_pick_node]: class=pet_labeled conf=0.97 anchor=(275.0,624.2) kf_x=267.2 kf_vx=-0.00 pending=599 confirmed=True holding=False
[INFO] [1788861001.761367458] [tracking_pick_node]: class=pet_labeled conf=0.97 anchor=(275.1,624.1) kf_x=267.3 kf_vx=-0.00 pending=600 confirmed=True holding=False
[INFO] [1788861001.894994715] [tracking_pick_node]: class=pet_labeled conf=0.97 anchor=(274.9,624.0) kf_x=267.2 kf_vx=-0.00 pending=601 confirmed=True holding=False
[INFO] [1788861002.029278867] [tracking_pick_node]: class=pet_labeled conf=0.97 anchor=(275.0,624.0) kf_x=267.2 kf_vx=-0.00 pending=602 confirmed=True holding=False
[INFO] [1788861002.163651561] [tracking_pick_node]: class=pet_labeled conf=0.97 anchor=(275.0,624.0) kf_x=267.3 kf_vx=-0.00 pending=603 confirmed=True holding=False
[INFO] [1788861002.296272623] [tracking_pick_node]: class=pet_labeled conf=0.97 anchor=(275.1,624.0) kf_x=267.3 kf_vx=0.00 pending=604 confirmed=True holding=False
[INFO] [1788861002.430720927] [tracking_pick_node]: class=pet_labeled conf=0.97 anchor=(274.9,624.0) kf_x=267.3 kf_vx=-0.00 pending=605 confirmed=True holding=False
[INFO] [1788861002.562098937] [tracking_pick_node]: class=pet_labeled conf=0.97 anchor=(275.0,624.0) kf_x=267.3 kf_vx=-0.00 pending=606 confirmed=True holding=False
[INFO] [1788861002.695004265] [tracking_pick_node]: class=pet_labeled conf=0.97 anchor=(275.0,624.0) kf_x=267.3 kf_vx=-0.00 pending=607 confirmed=True holding=False
[INFO] [1788861002.833965361] [tracking_pick_node]: class=pet_labeled conf=0.97 anchor=(275.0,624.0) kf_x=267.3 kf_vx=-0.00 pending=608 confirmed=True holding=False
[INFO] [1788861002.961594830] [tracking_pick_node]: class=pet_labeled conf=0.97 anchor=(275.0,624.0) kf_x=267.3 kf_vx=-0.00 pending=609 confirmed=True holding=False
[INFO] [1788861003.094666815] [tracking_pick_node]: class=pet_labeled conf=0.97 anchor=(275.0,624.0) kf_x=267.3 kf_vx=-0.00 pending=610 confirmed=True holding=False
[INFO] [1788861003.229514741] [tracking_pick_node]: class=pet_labeled conf=0.97 anchor=(275.0,624.0) kf_x=267.3 kf_vx=-0.00 pending=611 confirmed=True holding=False
[INFO] [1788861003.362539669] [tracking_pick_node]: class=pet_labeled conf=0.97 anchor=(275.1,624.1) kf_x=267.3 kf_vx=0.00 pending=612 confirmed=True holding=False
[INFO] [1788861003.493602487] [tracking_pick_node]: class=pet_labeled conf=0.97 anchor=(274.9,624.1) kf_x=267.3 kf_vx=0.00 pending=613 confirmed=True holding=False
[INFO] [1788861003.630488085] [tracking_pick_node]: class=pet_labeled conf=0.97 anchor=(275.0,624.0) kf_x=267.3 kf_vx=0.00 pending=614 confirmed=True holding=False
[INFO] [1788861003.764506909] [tracking_pick_node]: class=pet_labeled conf=0.97 anchor=(275.1,623.9) kf_x=267.3 kf_vx=0.00 pending=615 confirmed=True holding=False
[INFO] [1788861003.898306728] [tracking_pick_node]: class=pet_labeled conf=0.97 anchor=(275.0,623.9) kf_x=267.3 kf_vx=0.00 pending=616 confirmed=True holding=False
[INFO] [1788861004.033506276] [tracking_pick_node]: class=pet_labeled conf=0.97 anchor=(274.9,624.0) kf_x=267.3 kf_vx=-0.00 pending=617 confirmed=True holding=False
[INFO] [1788861004.161343372] [tracking_pick_node]: class=pet_labeled conf=0.97 anchor=(274.9,624.1) kf_x=267.2 kf_vx=-0.00 pending=618 confirmed=True holding=False
[INFO] [1788861004.295954095] [tracking_pick_node]: class=pet_labeled conf=0.97 anchor=(275.0,624.1) kf_x=267.3 kf_vx=-0.00 pending=619 confirmed=True holding=False
[INFO] [1788861004.430696183] [tracking_pick_node]: class=pet_labeled conf=0.97 anchor=(275.0,624.1) kf_x=267.3 kf_vx=0.00 pending=620 confirmed=True holding=False
[INFO] [1788861004.561915763] [tracking_pick_node]: class=pet_labeled conf=0.97 anchor=(275.0,624.0) kf_x=267.3 kf_vx=0.00 pending=621 confirmed=True holding=False
[INFO] [1788861004.695843527] [tracking_pick_node]: class=pet_labeled conf=0.97 anchor=(275.0,623.9) kf_x=267.3 kf_vx=-0.00 pending=622 confirmed=True holding=False
[INFO] [1788861004.830687706] [tracking_pick_node]: class=pet_labeled conf=0.97 anchor=(275.0,624.1) kf_x=267.3 kf_vx=0.00 pending=623 confirmed=True holding=False
[INFO] [1788861004.963195321] [tracking_pick_node]: class=pet_labeled conf=0.97 anchor=(275.0,624.0) kf_x=267.3 kf_vx=0.00 pending=624 confirmed=True holding=False
[INFO] [1788861005.094200986] [tracking_pick_node]: class=pet_labeled conf=0.97 anchor=(274.9,624.1) kf_x=267.3 kf_vx=0.00 pending=625 confirmed=True holding=False
[INFO] [1788861005.230288062] [tracking_pick_node]: class=pet_labeled conf=0.97 anchor=(275.1,624.0) kf_x=267.3 kf_vx=0.00 pending=626 confirmed=True holding=False
[INFO] [1788861005.364493728] [tracking_pick_node]: class=pet_labeled conf=0.97 anchor=(275.0,624.0) kf_x=267.3 kf_vx=0.00 pending=627 confirmed=True holding=False
[INFO] [1788861005.499655001] [tracking_pick_node]: class=pet_labeled conf=0.97 anchor=(274.9,624.0) kf_x=267.3 kf_vx=-0.00 pending=628 confirmed=True holding=False
[INFO] [1788861005.629889813] [tracking_pick_node]: class=pet_labeled conf=0.97 anchor=(274.9,624.0) kf_x=267.2 kf_vx=-0.00 pending=629 confirmed=True holding=False
[INFO] [1788861005.762940112] [tracking_pick_node]: class=pet_labeled conf=0.97 anchor=(275.0,624.1) kf_x=267.3 kf_vx=-0.00 pending=630 confirmed=True holding=False
[INFO] [1788861005.893110918] [tracking_pick_node]: class=pet_labeled conf=0.97 anchor=(275.0,624.0) kf_x=267.3 kf_vx=0.00 pending=631 confirmed=True holding=False
[INFO] [1788861006.030128720] [tracking_pick_node]: class=pet_labeled conf=0.97 anchor=(275.0,623.9) kf_x=267.3 kf_vx=0.00 pending=632 confirmed=True holding=False
[INFO] [1788861006.162549664] [tracking_pick_node]: class=pet_labeled conf=0.97 anchor=(275.1,624.0) kf_x=267.3 kf_vx=0.00 pending=633 confirmed=True holding=False
[INFO] [1788861006.293530502] [tracking_pick_node]: class=pet_labeled conf=0.97 anchor=(275.0,624.1) kf_x=267.3 kf_vx=0.00 pending=634 confirmed=True holding=False
[INFO] [1788861006.430778119] [tracking_pick_node]: class=pet_labeled conf=0.97 anchor=(274.9,624.0) kf_x=267.3 kf_vx=0.00 pending=635 confirmed=True holding=False
[INFO] [1788861006.563669015] [tracking_pick_node]: class=pet_labeled conf=0.97 anchor=(275.0,624.1) kf_x=267.3 kf_vx=0.00 pending=636 confirmed=True holding=False
[INFO] [1788861006.696789225] [tracking_pick_node]: class=pet_labeled conf=0.97 anchor=(274.9,623.9) kf_x=267.3 kf_vx=-0.00 pending=637 confirmed=True holding=False
[INFO] [1788861006.831175189] [tracking_pick_node]: class=pet_labeled conf=0.97 anchor=(275.0,624.0) kf_x=267.3 kf_vx=0.00 pending=638 confirmed=True holding=False
[INFO] [1788861006.963405373] [tracking_pick_node]: class=pet_labeled conf=0.97 anchor=(275.1,624.1) kf_x=267.3 kf_vx=0.00 pending=639 confirmed=True holding=False
[INFO] [1788861007.095501267] [tracking_pick_node]: class=pet_labeled conf=0.97 anchor=(275.0,623.9) kf_x=267.3 kf_vx=0.00 pending=640 confirmed=True holding=False
[INFO] [1788861007.230717224] [tracking_pick_node]: class=pet_labeled conf=0.97 anchor=(275.0,624.0) kf_x=267.3 kf_vx=0.00 pending=641 confirmed=True holding=False
[INFO] [1788861007.363802109] [tracking_pick_node]: class=pet_labeled conf=0.97 anchor=(275.0,623.9) kf_x=267.3 kf_vx=0.00 pending=642 confirmed=True holding=False
[INFO] [1788861007.496665121] [tracking_pick_node]: class=pet_labeled conf=0.97 anchor=(275.0,624.1) kf_x=267.3 kf_vx=0.00 pending=643 confirmed=True holding=False
[INFO] [1788861007.630819265] [tracking_pick_node]: class=pet_labeled conf=0.97 anchor=(275.0,623.9) kf_x=267.3 kf_vx=0.00 pending=644 confirmed=True holding=False
[INFO] [1788861007.762258134] [tracking_pick_node]: class=pet_labeled conf=0.97 anchor=(275.0,624.0) kf_x=267.3 kf_vx=0.00 pending=645 confirmed=True holding=False
[INFO] [1788861007.893967615] [tracking_pick_node]: class=pet_labeled conf=0.97 anchor=(275.0,624.1) kf_x=267.3 kf_vx=0.00 pending=646 confirmed=True holding=False
[INFO] [1788861008.029369358] [tracking_pick_node]: class=pet_labeled conf=0.97 anchor=(274.9,624.0) kf_x=267.3 kf_vx=-0.00 pending=647 confirmed=True holding=False
[INFO] [1788861008.161335095] [tracking_pick_node]: class=pet_labeled conf=0.97 anchor=(275.1,624.1) kf_x=267.3 kf_vx=0.00 pending=648 confirmed=True holding=False
[INFO] [1788861008.296559898] [tracking_pick_node]: class=pet_labeled conf=0.97 anchor=(275.1,624.1) kf_x=267.3 kf_vx=0.00 pending=649 confirmed=True holding=False
[INFO] [1788861008.432854494] [tracking_pick_node]: class=pet_labeled conf=0.97 anchor=(275.1,624.1) kf_x=267.3 kf_vx=0.00 pending=650 confirmed=True holding=False
[INFO] [1788861008.562616260] [tracking_pick_node]: class=pet_labeled conf=0.97 anchor=(275.1,624.0) kf_x=267.3 kf_vx=0.00 pending=651 confirmed=True holding=False
[INFO] [1788861008.696350025] [tracking_pick_node]: class=pet_labeled conf=0.97 anchor=(275.0,624.1) kf_x=267.3 kf_vx=0.00 pending=652 confirmed=True holding=False
[INFO] [1788861008.830368290] [tracking_pick_node]: class=pet_labeled conf=0.97 anchor=(274.9,624.0) kf_x=267.3 kf_vx=0.00 pending=653 confirmed=True holding=False
[INFO] [1788861008.962816553] [tracking_pick_node]: class=pet_labeled conf=0.97 anchor=(275.1,624.0) kf_x=267.3 kf_vx=0.00 pending=654 confirmed=True holding=False
[INFO] [1788861009.095550004] [tracking_pick_node]: class=pet_labeled conf=0.97 anchor=(275.0,624.0) kf_x=267.3 kf_vx=0.00 pending=655 confirmed=True holding=False
[INFO] [1788861009.229707898] [tracking_pick_node]: class=pet_labeled conf=0.97 anchor=(274.9,624.0) kf_x=267.3 kf_vx=0.00 pending=656 confirmed=True holding=False
[INFO] [1788861009.362551588] [tracking_pick_node]: class=pet_labeled conf=0.97 anchor=(275.0,624.1) kf_x=267.3 kf_vx=0.00 pending=657 confirmed=True holding=False
[INFO] [1788861009.495524288] [tracking_pick_node]: class=pet_labeled conf=0.97 anchor=(275.0,624.0) kf_x=267.3 kf_vx=0.00 pending=658 confirmed=True holding=False
[INFO] [1788861009.629765515] [tracking_pick_node]: class=pet_labeled conf=0.97 anchor=(275.0,624.0) kf_x=267.3 kf_vx=0.00 pending=659 confirmed=True holding=False
[INFO] [1788861009.764352623] [tracking_pick_node]: class=pet_labeled conf=0.97 anchor=(275.1,624.1) kf_x=267.3 kf_vx=0.00 pending=660 confirmed=True holding=False
[INFO] [1788861009.894201809] [tracking_pick_node]: class=pet_labeled conf=0.97 anchor=(275.0,624.0) kf_x=267.3 kf_vx=0.00 pending=661 confirmed=True holding=False
[INFO] [1788861010.029760794] [tracking_pick_node]: class=pet_labeled conf=0.97 anchor=(274.9,624.0) kf_x=267.3 kf_vx=0.00 pending=662 confirmed=True holding=False
[INFO] [1788861010.161238219] [tracking_pick_node]: class=pet_labeled conf=0.97 anchor=(274.9,624.1) kf_x=267.3 kf_vx=0.00 pending=663 confirmed=True holding=False
[INFO] [1788861010.306632827] [tracking_pick_node]: class=pet_labeled conf=0.97 anchor=(275.0,624.1) kf_x=267.3 kf_vx=0.00 pending=664 confirmed=True holding=False
[INFO] [1788861010.430606228] [tracking_pick_node]: class=pet_labeled conf=0.97 anchor=(275.0,624.1) kf_x=267.3 kf_vx=0.00 pending=665 confirmed=True holding=False
[INFO] [1788861010.563686012] [tracking_pick_node]: class=pet_labeled conf=0.97 anchor=(275.0,624.1) kf_x=267.3 kf_vx=0.00 pending=666 confirmed=True holding=False
[INFO] [1788861010.693406569] [tracking_pick_node]: class=pet_labeled conf=0.97 anchor=(275.0,624.1) kf_x=267.3 kf_vx=0.00 pending=667 confirmed=True holding=False
[INFO] [1788861010.830024933] [tracking_pick_node]: class=pet_labeled conf=0.97 anchor=(275.0,624.1) kf_x=267.3 kf_vx=0.00 pending=668 confirmed=True holding=False
[INFO] [1788861010.962202642] [tracking_pick_node]: class=pet_labeled conf=0.97 anchor=(275.0,624.0) kf_x=267.3 kf_vx=0.00 pending=669 confirmed=True holding=False
[INFO] [1788861011.096127719] [tracking_pick_node]: class=pet_labeled conf=0.97 anchor=(275.0,624.1) kf_x=267.3 kf_vx=0.00 pending=670 confirmed=True holding=False
[INFO] [1788861011.231107170] [tracking_pick_node]: class=pet_labeled conf=0.97 anchor=(274.9,624.0) kf_x=267.3 kf_vx=0.00 pending=671 confirmed=True holding=False
[INFO] [1788861011.363966478] [tracking_pick_node]: class=pet_labeled conf=0.97 anchor=(275.0,624.1) kf_x=267.3 kf_vx=0.00 pending=672 confirmed=True holding=False
[INFO] [1788861011.500897996] [tracking_pick_node]: class=pet_labeled conf=0.97 anchor=(274.9,624.0) kf_x=267.3 kf_vx=-0.00 pending=673 confirmed=True holding=False
[INFO] [1788861011.629921255] [tracking_pick_node]: class=pet_labeled conf=0.97 anchor=(275.0,624.0) kf_x=267.3 kf_vx=-0.00 pending=674 confirmed=True holding=False
[INFO] [1788861011.770498938] [tracking_pick_node]: class=pet_labeled conf=0.97 anchor=(274.9,624.1) kf_x=267.3 kf_vx=-0.00 pending=675 confirmed=True holding=False
[INFO] [1788861011.895625239] [tracking_pick_node]: class=pet_labeled conf=0.97 anchor=(275.1,624.0) kf_x=267.3 kf_vx=0.00 pending=676 confirmed=True holding=False
[INFO] [1788861012.030893676] [tracking_pick_node]: class=pet_labeled conf=0.97 anchor=(275.0,624.1) kf_x=267.3 kf_vx=0.00 pending=677 confirmed=True holding=False
[INFO] [1788861012.164141562] [tracking_pick_node]: class=pet_labeled conf=0.97 anchor=(275.0,624.0) kf_x=267.3 kf_vx=0.00 pending=678 confirmed=True holding=False
[INFO] [1788861012.294289253] [tracking_pick_node]: class=pet_labeled conf=0.97 anchor=(275.0,624.0) kf_x=267.3 kf_vx=0.00 pending=679 confirmed=True holding=False
[INFO] [1788861012.429201182] [tracking_pick_node]: class=pet_labeled conf=0.97 anchor=(275.0,624.0) kf_x=267.3 kf_vx=0.00 pending=680 confirmed=True holding=False
[INFO] [1788861012.562034115] [tracking_pick_node]: class=pet_labeled conf=0.97 anchor=(274.9,624.1) kf_x=267.3 kf_vx=-0.00 pending=681 confirmed=True holding=False
[INFO] [1788861012.697452181] [tracking_pick_node]: class=pet_labeled conf=0.97 anchor=(275.1,624.0) kf_x=267.3 kf_vx=0.00 pending=682 confirmed=True holding=False
[INFO] [1788861012.826589427] [tracking_pick_node]: class=pet_labeled conf=0.97 anchor=(274.9,624.0) kf_x=267.3 kf_vx=-0.00 pending=683 confirmed=True holding=False
[INFO] [1788861012.962797931] [tracking_pick_node]: class=pet_labeled conf=0.97 anchor=(275.0,624.1) kf_x=267.3 kf_vx=-0.00 pending=684 confirmed=True holding=False
[INFO] [1788861013.093711701] [tracking_pick_node]: class=pet_labeled conf=0.97 anchor=(275.0,624.0) kf_x=267.3 kf_vx=-0.00 pending=685 confirmed=True holding=False
[INFO] [1788861013.227427612] [tracking_pick_node]: class=pet_labeled conf=0.97 anchor=(275.0,624.0) kf_x=267.3 kf_vx=0.00 pending=686 confirmed=True holding=False
[INFO] [1788861013.361476382] [tracking_pick_node]: class=pet_labeled conf=0.97 anchor=(274.9,624.1) kf_x=267.3 kf_vx=-0.00 pending=687 confirmed=True holding=False
[INFO] [1788861013.496235865] [tracking_pick_node]: class=pet_labeled conf=0.97 anchor=(275.1,624.1) kf_x=267.3 kf_vx=0.00 pending=688 confirmed=True holding=False
[INFO] [1788861013.625396250] [tracking_pick_node]: class=pet_labeled conf=0.97 anchor=(275.0,624.0) kf_x=267.3 kf_vx=-0.00 pending=689 confirmed=True holding=False
[INFO] [1788861013.762380727] [tracking_pick_node]: class=pet_labeled conf=0.97 anchor=(275.0,624.0) kf_x=267.3 kf_vx=0.00 pending=690 confirmed=True holding=False
[INFO] [1788861013.894772875] [tracking_pick_node]: class=pet_labeled conf=0.97 anchor=(275.1,624.0) kf_x=267.3 kf_vx=0.00 pending=691 confirmed=True holding=False
[INFO] [1788861014.029350973] [tracking_pick_node]: class=pet_labeled conf=0.97 anchor=(275.0,624.0) kf_x=267.3 kf_vx=0.00 pending=692 confirmed=True holding=False
[INFO] [1788861014.161415508] [tracking_pick_node]: class=pet_labeled conf=0.97 anchor=(274.9,624.0) kf_x=267.3 kf_vx=-0.00 pending=693 confirmed=True holding=False
[INFO] [1788861014.293672544] [tracking_pick_node]: class=pet_labeled conf=0.97 anchor=(275.1,624.0) kf_x=267.3 kf_vx=0.00 pending=694 confirmed=True holding=False
[INFO] [1788861014.426753759] [tracking_pick_node]: class=pet_labeled conf=0.97 anchor=(275.0,624.0) kf_x=267.3 kf_vx=0.00 pending=695 confirmed=True holding=False
[INFO] [1788861014.564643915] [tracking_pick_node]: class=pet_labeled conf=0.97 anchor=(275.1,624.1) kf_x=267.3 kf_vx=0.00 pending=696 confirmed=True holding=False
[INFO] [1788861014.696902556] [tracking_pick_node]: class=pet_labeled conf=0.97 anchor=(275.0,624.0) kf_x=267.3 kf_vx=0.00 pending=697 confirmed=True holding=False
[INFO] [1788861014.826766908] [tracking_pick_node]: class=pet_labeled conf=0.97 anchor=(275.0,624.1) kf_x=267.3 kf_vx=0.00 pending=698 confirmed=True holding=False
[INFO] [1788861014.961090304] [tracking_pick_node]: class=pet_labeled conf=0.97 anchor=(275.1,624.1) kf_x=267.3 kf_vx=0.00 pending=699 confirmed=True holding=False
[INFO] [1788861015.093403419] [tracking_pick_node]: class=pet_labeled conf=0.97 anchor=(274.9,624.0) kf_x=267.3 kf_vx=0.00 pending=700 confirmed=True holding=False
[INFO] [1788861015.227654830] [tracking_pick_node]: class=pet_labeled conf=0.97 anchor=(274.9,624.0) kf_x=267.3 kf_vx=-0.00 pending=701 confirmed=True holding=False
[INFO] [1788861015.364421813] [tracking_pick_node]: class=pet_labeled conf=0.97 anchor=(275.1,624.0) kf_x=267.3 kf_vx=0.00 pending=702 confirmed=True holding=False
[INFO] [1788861015.497255602] [tracking_pick_node]: class=pet_labeled conf=0.97 anchor=(275.0,624.0) kf_x=267.3 kf_vx=0.00 pending=703 confirmed=True holding=False
[INFO] [1788861015.626190750] [tracking_pick_node]: class=pet_labeled conf=0.97 anchor=(275.0,623.9) kf_x=267.3 kf_vx=0.00 pending=704 confirmed=True holding=False
[INFO] [1788861015.763220316] [tracking_pick_node]: class=pet_labeled conf=0.97 anchor=(275.0,624.0) kf_x=267.3 kf_vx=-0.00 pending=705 confirmed=True holding=False
[INFO] [1788861015.895957623] [tracking_pick_node]: class=pet_labeled conf=0.97 anchor=(274.9,624.0) kf_x=267.3 kf_vx=-0.00 pending=706 confirmed=True holding=False
[INFO] [1788861016.024998350] [tracking_pick_node]: class=pet_labeled conf=0.97 anchor=(275.0,624.1) kf_x=267.3 kf_vx=-0.00 pending=707 confirmed=True holding=False
[INFO] [1788861016.161719421] [tracking_pick_node]: class=pet_labeled conf=0.97 anchor=(275.0,624.0) kf_x=267.3 kf_vx=-0.00 pending=708 confirmed=True holding=False
[INFO] [1788861016.295181930] [tracking_pick_node]: class=pet_labeled conf=0.97 anchor=(275.0,624.1) kf_x=267.3 kf_vx=-0.00 pending=709 confirmed=True holding=False
[INFO] [1788861016.426022062] [tracking_pick_node]: class=pet_labeled conf=0.97 anchor=(275.0,624.0) kf_x=267.3 kf_vx=-0.00 pending=710 confirmed=True holding=False
[INFO] [1788861016.562886351] [tracking_pick_node]: class=pet_labeled conf=0.97 anchor=(275.0,624.0) kf_x=267.3 kf_vx=-0.00 pending=711 confirmed=True holding=False
[INFO] [1788861016.693968382] [tracking_pick_node]: class=pet_labeled conf=0.97 anchor=(275.0,624.1) kf_x=267.3 kf_vx=-0.00 pending=712 confirmed=True holding=False
[INFO] [1788861016.825244889] [tracking_pick_node]: class=pet_labeled conf=0.97 anchor=(274.8,624.1) kf_x=267.3 kf_vx=-0.00 pending=713 confirmed=True holding=False
[INFO] [1788861016.964657974] [tracking_pick_node]: class=pet_labeled conf=0.97 anchor=(275.0,624.0) kf_x=267.3 kf_vx=-0.00 pending=714 confirmed=True holding=False
[INFO] [1788861017.102967430] [tracking_pick_node]: class=pet_labeled conf=0.97 anchor=(275.0,624.0) kf_x=267.3 kf_vx=-0.00 pending=715 confirmed=True holding=False
[INFO] [1788861017.229499894] [tracking_pick_node]: class=pet_labeled conf=0.97 anchor=(275.0,624.0) kf_x=267.3 kf_vx=-0.00 pending=716 confirmed=True holding=False
[INFO] [1788861017.364298787] [tracking_pick_node]: class=pet_labeled conf=0.97 anchor=(275.0,624.0) kf_x=267.3 kf_vx=-0.00 pending=717 confirmed=True holding=False
[INFO] [1788861017.494365308] [tracking_pick_node]: class=pet_labeled conf=0.97 anchor=(275.0,624.0) kf_x=267.3 kf_vx=-0.00 pending=718 confirmed=True holding=False
[INFO] [1788861017.626936527] [tracking_pick_node]: class=pet_labeled conf=0.97 anchor=(275.0,624.1) kf_x=267.3 kf_vx=-0.00 pending=719 confirmed=True holding=False
[INFO] [1788861017.761747706] [tracking_pick_node]: class=pet_labeled conf=0.97 anchor=(274.9,623.9) kf_x=267.3 kf_vx=-0.00 pending=720 confirmed=True holding=False
[INFO] [1788861017.896874977] [tracking_pick_node]: class=pet_labeled conf=0.97 anchor=(274.8,624.0) kf_x=267.2 kf_vx=-0.00 pending=721 confirmed=True holding=False
[INFO] [1788861018.028995476] [tracking_pick_node]: class=pet_labeled conf=0.97 anchor=(274.9,624.0) kf_x=267.2 kf_vx=-0.01 pending=722 confirmed=True holding=False
[INFO] [1788861018.162418152] [tracking_pick_node]: class=pet_labeled conf=0.97 anchor=(275.0,624.1) kf_x=267.2 kf_vx=-0.00 pending=723 confirmed=True holding=False
[INFO] [1788861018.296019049] [tracking_pick_node]: class=pet_labeled conf=0.97 anchor=(275.0,624.0) kf_x=267.2 kf_vx=-0.00 pending=724 confirmed=True holding=False
[INFO] [1788861018.427318907] [tracking_pick_node]: class=pet_labeled conf=0.97 anchor=(275.0,624.2) kf_x=267.3 kf_vx=-0.00 pending=725 confirmed=True holding=False
[INFO] [1788861018.562125960] [tracking_pick_node]: class=pet_labeled conf=0.97 anchor=(275.0,624.0) kf_x=267.3 kf_vx=-0.00 pending=726 confirmed=True holding=False
[INFO] [1788861018.695411527] [tracking_pick_node]: class=pet_labeled conf=0.97 anchor=(275.0,624.1) kf_x=267.3 kf_vx=-0.00 pending=727 confirmed=True holding=False
[INFO] [1788861018.827237792] [tracking_pick_node]: class=pet_labeled conf=0.97 anchor=(274.9,624.2) kf_x=267.3 kf_vx=-0.00 pending=728 confirmed=True holding=False
[INFO] [1788861018.962243584] [tracking_pick_node]: class=pet_labeled conf=0.97 anchor=(274.9,624.1) kf_x=267.2 kf_vx=-0.00 pending=729 confirmed=True holding=False
[INFO] [1788861019.095100293] [tracking_pick_node]: class=pet_labeled conf=0.97 anchor=(275.0,624.1) kf_x=267.3 kf_vx=-0.00 pending=730 confirmed=True holding=False
[INFO] [1788861019.226608936] [tracking_pick_node]: class=pet_labeled conf=0.97 anchor=(275.0,624.2) kf_x=267.3 kf_vx=-0.00 pending=731 confirmed=True holding=False
[INFO] [1788861019.362563812] [tracking_pick_node]: class=pet_labeled conf=0.97 anchor=(275.0,624.0) kf_x=267.3 kf_vx=-0.00 pending=732 confirmed=True holding=False
[INFO] [1788861019.494561684] [tracking_pick_node]: class=pet_labeled conf=0.97 anchor=(275.1,624.0) kf_x=267.3 kf_vx=0.00 pending=733 confirmed=True holding=False
[INFO] [1788861019.628922661] [tracking_pick_node]: class=pet_labeled conf=0.97 anchor=(275.0,624.0) kf_x=267.3 kf_vx=0.00 pending=734 confirmed=True holding=False
[INFO] [1788861019.762094616] [tracking_pick_node]: class=pet_labeled conf=0.97 anchor=(275.0,624.1) kf_x=267.3 kf_vx=0.00 pending=735 confirmed=True holding=False
[INFO] [1788861019.893704010] [tracking_pick_node]: class=pet_labeled conf=0.97 anchor=(274.9,624.1) kf_x=267.3 kf_vx=0.00 pending=736 confirmed=True holding=False
[INFO] [1788861020.025861053] [tracking_pick_node]: class=pet_labeled conf=0.97 anchor=(274.9,623.9) kf_x=267.3 kf_vx=-0.00 pending=737 confirmed=True holding=False
[INFO] [1788861020.162021858] [tracking_pick_node]: class=pet_labeled conf=0.97 anchor=(274.9,624.1) kf_x=267.3 kf_vx=-0.00 pending=738 confirmed=True holding=False
[INFO] [1788861020.295773792] [tracking_pick_node]: class=pet_labeled conf=0.97 anchor=(275.0,624.0) kf_x=267.3 kf_vx=-0.00 pending=739 confirmed=True holding=False
[INFO] [1788861020.426119424] [tracking_pick_node]: class=pet_labeled conf=0.97 anchor=(275.0,623.9) kf_x=267.3 kf_vx=-0.00 pending=740 confirmed=True holding=False
[INFO] [1788861020.562235223] [tracking_pick_node]: class=pet_labeled conf=0.97 anchor=(274.8,624.1) kf_x=267.2 kf_vx=-0.00 pending=741 confirmed=True holding=False
[INFO] [1788861020.694868309] [tracking_pick_node]: class=pet_labeled conf=0.97 anchor=(275.0,624.0) kf_x=267.2 kf_vx=-0.00 pending=742 confirmed=True holding=False
[INFO] [1788861020.830263909] [tracking_pick_node]: class=pet_labeled conf=0.97 anchor=(274.9,624.1) kf_x=267.2 kf_vx=-0.00 pending=743 confirmed=True holding=False
[INFO] [1788861020.964217601] [tracking_pick_node]: class=pet_labeled conf=0.97 anchor=(275.0,624.0) kf_x=267.2 kf_vx=-0.00 pending=744 confirmed=True holding=False
[INFO] [1788861021.095142614] [tracking_pick_node]: class=pet_labeled conf=0.97 anchor=(275.0,624.0) kf_x=267.2 kf_vx=-0.00 pending=745 confirmed=True holding=False
[INFO] [1788861021.228512792] [tracking_pick_node]: class=pet_labeled conf=0.97 anchor=(275.0,624.0) kf_x=267.2 kf_vx=-0.00 pending=746 confirmed=True holding=False
[INFO] [1788861021.363597546] [tracking_pick_node]: class=pet_labeled conf=0.97 anchor=(275.0,624.1) kf_x=267.3 kf_vx=-0.00 pending=747 confirmed=True holding=False
[INFO] [1788861021.496921274] [tracking_pick_node]: class=pet_labeled conf=0.97 anchor=(275.0,624.1) kf_x=267.3 kf_vx=-0.00 pending=748 confirmed=True holding=False
[INFO] [1788861021.627121039] [tracking_pick_node]: class=pet_labeled conf=0.97 anchor=(275.0,624.1) kf_x=267.3 kf_vx=-0.00 pending=749 confirmed=True holding=False
[INFO] [1788861021.761577543] [tracking_pick_node]: class=pet_labeled conf=0.97 anchor=(275.0,624.1) kf_x=267.3 kf_vx=-0.00 pending=750 confirmed=True holding=False
[INFO] [1788861021.895865732] [tracking_pick_node]: class=pet_labeled conf=0.97 anchor=(275.0,624.0) kf_x=267.3 kf_vx=-0.00 pending=751 confirmed=True holding=False
[INFO] [1788861022.026863825] [tracking_pick_node]: class=pet_labeled conf=0.97 anchor=(275.0,624.0) kf_x=267.3 kf_vx=-0.00 pending=752 confirmed=True holding=False
[INFO] [1788861022.163008235] [tracking_pick_node]: class=pet_labeled conf=0.97 anchor=(275.0,624.0) kf_x=267.3 kf_vx=0.00 pending=753 confirmed=True holding=False
[INFO] [1788861022.295225884] [tracking_pick_node]: class=pet_labeled conf=0.97 anchor=(275.0,624.0) kf_x=267.3 kf_vx=0.00 pending=754 confirmed=True holding=False
[INFO] [1788861022.426922948] [tracking_pick_node]: class=pet_labeled conf=0.97 anchor=(275.0,624.0) kf_x=267.3 kf_vx=0.00 pending=755 confirmed=True holding=False
[INFO] [1788861022.561673005] [tracking_pick_node]: class=pet_labeled conf=0.97 anchor=(274.9,624.1) kf_x=267.3 kf_vx=-0.00 pending=756 confirmed=True holding=False
[INFO] [1788861022.694150502] [tracking_pick_node]: class=pet_labeled conf=0.97 anchor=(275.0,624.1) kf_x=267.3 kf_vx=0.00 pending=757 confirmed=True holding=False
[INFO] [1788861022.827401633] [tracking_pick_node]: class=pet_labeled conf=0.97 anchor=(275.0,624.1) kf_x=267.3 kf_vx=0.00 pending=758 confirmed=True holding=False
[INFO] [1788861022.962560697] [tracking_pick_node]: class=pet_labeled conf=0.97 anchor=(275.0,624.0) kf_x=267.3 kf_vx=0.00 pending=759 confirmed=True holding=False
[INFO] [1788861023.095059675] [tracking_pick_node]: class=pet_labeled conf=0.97 anchor=(274.9,624.1) kf_x=267.3 kf_vx=-0.00 pending=760 confirmed=True holding=False
[INFO] [1788861023.227230374] [tracking_pick_node]: class=pet_labeled conf=0.97 anchor=(275.0,624.0) kf_x=267.3 kf_vx=-0.00 pending=761 confirmed=True holding=False
[INFO] [1788861023.361712506] [tracking_pick_node]: class=pet_labeled conf=0.97 anchor=(275.0,624.0) kf_x=267.3 kf_vx=-0.00 pending=762 confirmed=True holding=False
[INFO] [1788861023.496669868] [tracking_pick_node]: class=pet_labeled conf=0.97 anchor=(275.1,624.1) kf_x=267.3 kf_vx=0.00 pending=763 confirmed=True holding=False
[INFO] [1788861023.626957549] [tracking_pick_node]: class=pet_labeled conf=0.97 anchor=(274.9,624.1) kf_x=267.3 kf_vx=-0.00 pending=764 confirmed=True holding=False
[INFO] [1788861023.762103825] [tracking_pick_node]: class=pet_labeled conf=0.97 anchor=(275.0,624.0) kf_x=267.3 kf_vx=-0.00 pending=765 confirmed=True holding=False
[INFO] [1788861023.894926843] [tracking_pick_node]: class=pet_labeled conf=0.97 anchor=(275.0,624.0) kf_x=267.3 kf_vx=-0.00 pending=766 confirmed=True holding=False
[INFO] [1788861024.026123619] [tracking_pick_node]: class=pet_labeled conf=0.97 anchor=(274.9,624.1) kf_x=267.2 kf_vx=-0.00 pending=767 confirmed=True holding=False
[INFO] [1788861024.162031275] [tracking_pick_node]: class=pet_labeled conf=0.97 anchor=(274.9,624.0) kf_x=267.2 kf_vx=-0.00 pending=768 confirmed=True holding=False
[INFO] [1788861024.294060073] [tracking_pick_node]: class=pet_labeled conf=0.97 anchor=(275.0,624.1) kf_x=267.2 kf_vx=-0.00 pending=769 confirmed=True holding=False
[INFO] [1788861024.427226112] [tracking_pick_node]: class=pet_labeled conf=0.97 anchor=(275.0,624.0) kf_x=267.2 kf_vx=-0.00 pending=770 confirmed=True holding=False
[INFO] [1788861024.564048111] [tracking_pick_node]: class=pet_labeled conf=0.97 anchor=(275.0,624.1) kf_x=267.2 kf_vx=-0.00 pending=771 confirmed=True holding=False
[INFO] [1788861024.695067453] [tracking_pick_node]: class=pet_labeled conf=0.97 anchor=(274.9,624.1) kf_x=267.2 kf_vx=-0.00 pending=772 confirmed=True holding=False
[INFO] [1788861024.826880073] [tracking_pick_node]: class=pet_labeled conf=0.97 anchor=(274.9,624.1) kf_x=267.2 kf_vx=-0.00 pending=773 confirmed=True holding=False
[INFO] [1788861024.962432731] [tracking_pick_node]: class=pet_labeled conf=0.97 anchor=(275.0,624.1) kf_x=267.2 kf_vx=-0.00 pending=774 confirmed=True holding=False
[INFO] [1788861025.097156195] [tracking_pick_node]: class=pet_labeled conf=0.97 anchor=(275.0,624.0) kf_x=267.3 kf_vx=-0.00 pending=775 confirmed=True holding=False
[INFO] [1788861025.225790963] [tracking_pick_node]: class=pet_labeled conf=0.97 anchor=(275.0,624.1) kf_x=267.3 kf_vx=-0.00 pending=776 confirmed=True holding=False
[INFO] [1788861025.362718517] [tracking_pick_node]: class=pet_labeled conf=0.97 anchor=(275.0,624.1) kf_x=267.3 kf_vx=0.00 pending=777 confirmed=True holding=False
[INFO] [1788861025.495702066] [tracking_pick_node]: class=pet_labeled conf=0.97 anchor=(274.9,624.0) kf_x=267.3 kf_vx=-0.00 pending=778 confirmed=True holding=False
[INFO] [1788861025.630865558] [tracking_pick_node]: class=pet_labeled conf=0.97 anchor=(275.0,624.0) kf_x=267.3 kf_vx=-0.00 pending=779 confirmed=True holding=False
[INFO] [1788861025.762223671] [tracking_pick_node]: class=pet_labeled conf=0.97 anchor=(275.0,624.0) kf_x=267.3 kf_vx=0.00 pending=780 confirmed=True holding=False
[INFO] [1788861025.894155361] [tracking_pick_node]: class=pet_labeled conf=0.97 anchor=(275.0,624.0) kf_x=267.3 kf_vx=0.00 pending=781 confirmed=True holding=False
[INFO] [1788861026.026005973] [tracking_pick_node]: class=pet_labeled conf=0.97 anchor=(275.0,624.0) kf_x=267.3 kf_vx=0.00 pending=782 confirmed=True holding=False
[INFO] [1788861026.159116517] [tracking_pick_node]: class=pet_labeled conf=0.97 anchor=(275.0,624.0) kf_x=267.3 kf_vx=0.00 pending=783 confirmed=True holding=False
[INFO] [1788861026.294947341] [tracking_pick_node]: class=pet_labeled conf=0.97 anchor=(275.0,624.0) kf_x=267.3 kf_vx=0.00 pending=784 confirmed=True holding=False
[INFO] [1788861026.429542048] [tracking_pick_node]: class=pet_labeled conf=0.97 anchor=(274.9,624.0) kf_x=267.3 kf_vx=-0.00 pending=785 confirmed=True holding=False
[INFO] [1788861026.560063119] [tracking_pick_node]: class=pet_labeled conf=0.97 anchor=(275.0,624.0) kf_x=267.3 kf_vx=-0.00 pending=786 confirmed=True holding=False
[INFO] [1788861026.694121554] [tracking_pick_node]: class=pet_labeled conf=0.97 anchor=(275.0,624.2) kf_x=267.3 kf_vx=0.00 pending=787 confirmed=True holding=False
[INFO] [1788861026.826291826] [tracking_pick_node]: class=pet_labeled conf=0.97 anchor=(275.0,624.1) kf_x=267.3 kf_vx=0.00 pending=788 confirmed=True holding=False
[INFO] [1788861026.958476147] [tracking_pick_node]: class=pet_labeled conf=0.97 anchor=(275.0,624.0) kf_x=267.3 kf_vx=0.00 pending=789 confirmed=True holding=False
[INFO] [1788861027.096655762] [tracking_pick_node]: class=pet_labeled conf=0.97 anchor=(275.0,624.0) kf_x=267.3 kf_vx=0.00 pending=790 confirmed=True holding=False
[INFO] [1788861027.226293428] [tracking_pick_node]: class=pet_labeled conf=0.97 anchor=(275.0,624.0) kf_x=267.3 kf_vx=0.00 pending=791 confirmed=True holding=False
[INFO] [1788861027.360226421] [tracking_pick_node]: class=pet_labeled conf=0.97 anchor=(274.8,624.0) kf_x=267.2 kf_vx=-0.00 pending=792 confirmed=True holding=False
[INFO] [1788861027.493902015] [tracking_pick_node]: class=pet_labeled conf=0.97 anchor=(275.0,624.1) kf_x=267.2 kf_vx=-0.00 pending=793 confirmed=True holding=False
[INFO] [1788861027.626886929] [tracking_pick_node]: class=pet_labeled conf=0.97 anchor=(275.0,624.0) kf_x=267.2 kf_vx=-0.00 pending=794 confirmed=True holding=False
[INFO] [1788861027.761807281] [tracking_pick_node]: class=pet_labeled conf=0.97 anchor=(274.9,624.0) kf_x=267.2 kf_vx=-0.00 pending=795 confirmed=True holding=False
[INFO] [1788861027.896522035] [tracking_pick_node]: class=pet_labeled conf=0.97 anchor=(274.9,624.1) kf_x=267.2 kf_vx=-0.00 pending=796 confirmed=True holding=False
[INFO] [1788861028.027009623] [tracking_pick_node]: class=pet_labeled conf=0.97 anchor=(275.1,624.0) kf_x=267.2 kf_vx=-0.00 pending=797 confirmed=True holding=False
[INFO] [1788861028.157977129] [tracking_pick_node]: class=pet_labeled conf=0.97 anchor=(275.0,624.1) kf_x=267.3 kf_vx=-0.00 pending=798 confirmed=True holding=False
[INFO] [1788861028.298528141] [tracking_pick_node]: class=pet_labeled conf=0.97 anchor=(275.0,624.1) kf_x=267.3 kf_vx=0.00 pending=799 confirmed=True holding=False
[INFO] [1788861028.432585959] [tracking_pick_node]: class=pet_labeled conf=0.97 anchor=(275.1,624.0) kf_x=267.3 kf_vx=0.00 pending=800 confirmed=True holding=False
[INFO] [1788861028.560848379] [tracking_pick_node]: class=pet_labeled conf=0.97 anchor=(275.0,624.1) kf_x=267.3 kf_vx=0.00 pending=801 confirmed=True holding=False
[INFO] [1788861028.694691427] [tracking_pick_node]: class=pet_labeled conf=0.97 anchor=(274.9,624.0) kf_x=267.3 kf_vx=0.00 pending=802 confirmed=True holding=False
[INFO] [1788861028.827513349] [tracking_pick_node]: class=pet_labeled conf=0.97 anchor=(275.0,624.1) kf_x=267.3 kf_vx=0.00 pending=803 confirmed=True holding=False
[INFO] [1788861028.960429798] [tracking_pick_node]: class=pet_labeled conf=0.97 anchor=(274.9,624.1) kf_x=267.3 kf_vx=0.00 pending=804 confirmed=True holding=False
[INFO] [1788861029.096038504] [tracking_pick_node]: class=pet_labeled conf=0.97 anchor=(275.0,624.0) kf_x=267.3 kf_vx=0.00 pending=805 confirmed=True holding=False
[INFO] [1788861029.226118994] [tracking_pick_node]: class=pet_labeled conf=0.97 anchor=(275.0,624.1) kf_x=267.3 kf_vx=0.00 pending=806 confirmed=True holding=False
[INFO] [1788861029.358088999] [tracking_pick_node]: class=pet_labeled conf=0.97 anchor=(275.0,624.0) kf_x=267.3 kf_vx=0.00 pending=807 confirmed=True holding=False
[INFO] [1788861029.493619255] [tracking_pick_node]: class=pet_labeled conf=0.97 anchor=(274.9,624.0) kf_x=267.3 kf_vx=0.00 pending=808 confirmed=True holding=False
[INFO] [1788861029.625760727] [tracking_pick_node]: class=pet_labeled conf=0.97 anchor=(274.9,624.1) kf_x=267.3 kf_vx=-0.00 pending=809 confirmed=True holding=False
[INFO] [1788861029.757968677] [tracking_pick_node]: class=pet_labeled conf=0.97 anchor=(275.0,623.9) kf_x=267.3 kf_vx=0.00 pending=810 confirmed=True holding=False
[INFO] [1788861029.896254116] [tracking_pick_node]: class=pet_labeled conf=0.97 anchor=(275.0,624.1) kf_x=267.3 kf_vx=0.00 pending=811 confirmed=True holding=False
[INFO] [1788861030.026990851] [tracking_pick_node]: class=pet_labeled conf=0.97 anchor=(275.0,624.1) kf_x=267.3 kf_vx=0.00 pending=812 confirmed=True holding=False
[INFO] [1788861030.159026201] [tracking_pick_node]: class=pet_labeled conf=0.97 anchor=(275.0,624.0) kf_x=267.3 kf_vx=0.00 pending=813 confirmed=True holding=False
[INFO] [1788861030.296322216] [tracking_pick_node]: class=pet_labeled conf=0.97 anchor=(275.1,624.1) kf_x=267.3 kf_vx=0.00 pending=814 confirmed=True holding=False
[INFO] [1788861030.429288711] [tracking_pick_node]: class=pet_labeled conf=0.97 anchor=(275.0,624.0) kf_x=267.3 kf_vx=0.00 pending=815 confirmed=True holding=False
[INFO] [1788861030.558446190] [tracking_pick_node]: class=pet_labeled conf=0.97 anchor=(275.0,624.1) kf_x=267.3 kf_vx=0.00 pending=816 confirmed=True holding=False
[INFO] [1788861030.695719522] [tracking_pick_node]: class=pet_labeled conf=0.97 anchor=(275.0,624.1) kf_x=267.3 kf_vx=0.00 pending=817 confirmed=True holding=False
[INFO] [1788861030.826024845] [tracking_pick_node]: class=pet_labeled conf=0.97 anchor=(275.0,624.1) kf_x=267.3 kf_vx=0.00 pending=818 confirmed=True holding=False
[INFO] [1788861030.958082334] [tracking_pick_node]: class=pet_labeled conf=0.97 anchor=(274.9,624.0) kf_x=267.3 kf_vx=0.00 pending=819 confirmed=True holding=False
[INFO] [1788861031.094021493] [tracking_pick_node]: class=pet_labeled conf=0.97 anchor=(275.0,624.2) kf_x=267.3 kf_vx=0.00 pending=820 confirmed=True holding=False
[INFO] [1788861031.227087651] [tracking_pick_node]: class=pet_labeled conf=0.97 anchor=(274.9,624.1) kf_x=267.3 kf_vx=0.00 pending=821 confirmed=True holding=False
[INFO] [1788861031.358914595] [tracking_pick_node]: class=pet_labeled conf=0.97 anchor=(275.0,624.0) kf_x=267.3 kf_vx=0.00 pending=822 confirmed=True holding=False
[INFO] [1788861031.495073009] [tracking_pick_node]: class=pet_labeled conf=0.97 anchor=(274.9,624.0) kf_x=267.3 kf_vx=-0.00 pending=823 confirmed=True holding=False
[INFO] [1788861031.628686216] [tracking_pick_node]: class=pet_labeled conf=0.97 anchor=(274.9,624.1) kf_x=267.3 kf_vx=-0.00 pending=824 confirmed=True holding=False
[INFO] [1788861031.761799533] [tracking_pick_node]: class=pet_labeled conf=0.97 anchor=(274.9,624.0) kf_x=267.3 kf_vx=-0.00 pending=825 confirmed=True holding=False
[INFO] [1788861031.899381234] [tracking_pick_node]: class=pet_labeled conf=0.97 anchor=(275.0,624.1) kf_x=267.3 kf_vx=-0.00 pending=826 confirmed=True holding=False
[INFO] [1788861032.026883865] [tracking_pick_node]: class=pet_labeled conf=0.97 anchor=(275.0,624.1) kf_x=267.3 kf_vx=-0.00 pending=827 confirmed=True holding=False
[INFO] [1788861032.159214424] [tracking_pick_node]: class=pet_labeled conf=0.97 anchor=(274.9,624.0) kf_x=267.2 kf_vx=-0.00 pending=828 confirmed=True holding=False
[INFO] [1788861032.294848941] [tracking_pick_node]: class=pet_labeled conf=0.97 anchor=(274.9,624.0) kf_x=267.2 kf_vx=-0.00 pending=829 confirmed=True holding=False
[INFO] [1788861032.426515438] [tracking_pick_node]: class=pet_labeled conf=0.97 anchor=(275.0,624.1) kf_x=267.2 kf_vx=-0.00 pending=830 confirmed=True holding=False
[INFO] [1788861032.558553445] [tracking_pick_node]: class=pet_labeled conf=0.97 anchor=(274.9,624.1) kf_x=267.2 kf_vx=-0.00 pending=831 confirmed=True holding=False
[INFO] [1788861032.694578904] [tracking_pick_node]: class=pet_labeled conf=0.97 anchor=(274.9,624.0) kf_x=267.2 kf_vx=-0.00 pending=832 confirmed=True holding=False
[INFO] [1788861032.826431170] [tracking_pick_node]: class=pet_labeled conf=0.97 anchor=(274.9,624.1) kf_x=267.2 kf_vx=-0.00 pending=833 confirmed=True holding=False
[INFO] [1788861032.963021204] [tracking_pick_node]: class=pet_labeled conf=0.97 anchor=(274.9,624.0) kf_x=267.2 kf_vx=-0.00 pending=834 confirmed=True holding=False
[INFO] [1788861033.099973788] [tracking_pick_node]: class=pet_labeled conf=0.97 anchor=(275.0,624.1) kf_x=267.2 kf_vx=-0.00 pending=835 confirmed=True holding=False
[INFO] [1788861033.229478727] [tracking_pick_node]: class=pet_labeled conf=0.97 anchor=(274.9,624.0) kf_x=267.2 kf_vx=-0.01 pending=836 confirmed=True holding=False
[INFO] [1788861033.357903333] [tracking_pick_node]: class=pet_labeled conf=0.97 anchor=(274.9,624.1) kf_x=267.2 kf_vx=-0.01 pending=837 confirmed=True holding=False
[INFO] [1788861033.494350473] [tracking_pick_node]: class=pet_labeled conf=0.97 anchor=(274.9,624.1) kf_x=267.2 kf_vx=-0.01 pending=838 confirmed=True holding=False
[INFO] [1788861033.626712625] [tracking_pick_node]: class=pet_labeled conf=0.97 anchor=(274.9,624.0) kf_x=267.2 kf_vx=-0.01 pending=839 confirmed=True holding=False
[INFO] [1788861033.759613376] [tracking_pick_node]: class=pet_labeled conf=0.97 anchor=(275.0,624.1) kf_x=267.2 kf_vx=-0.00 pending=840 confirmed=True holding=False
[INFO] [1788861033.898461967] [tracking_pick_node]: class=pet_labeled conf=0.97 anchor=(275.0,624.0) kf_x=267.2 kf_vx=-0.00 pending=841 confirmed=True holding=False
[INFO] [1788861034.025812974] [tracking_pick_node]: class=pet_labeled conf=0.97 anchor=(275.1,624.0) kf_x=267.2 kf_vx=-0.00 pending=842 confirmed=True holding=False
[INFO] [1788861034.158633737] [tracking_pick_node]: class=pet_labeled conf=0.97 anchor=(275.0,624.0) kf_x=267.2 kf_vx=-0.00 pending=843 confirmed=True holding=False
[INFO] [1788861034.294082865] [tracking_pick_node]: class=pet_labeled conf=0.97 anchor=(274.9,624.1) kf_x=267.2 kf_vx=-0.00 pending=844 confirmed=True holding=False
[INFO] [1788861034.428738105] [tracking_pick_node]: class=pet_labeled conf=0.97 anchor=(274.9,624.0) kf_x=267.2 kf_vx=-0.00 pending=845 confirmed=True holding=False
[INFO] [1788861034.560611709] [tracking_pick_node]: class=pet_labeled conf=0.97 anchor=(275.0,624.0) kf_x=267.2 kf_vx=-0.00 pending=846 confirmed=True holding=False
[INFO] [1788861034.695645740] [tracking_pick_node]: class=pet_labeled conf=0.97 anchor=(274.9,624.1) kf_x=267.2 kf_vx=-0.00 pending=847 confirmed=True holding=False
[INFO] [1788861034.827009592] [tracking_pick_node]: class=pet_labeled conf=0.97 anchor=(274.9,624.0) kf_x=267.2 kf_vx=-0.00 pending=848 confirmed=True holding=False
[INFO] [1788861034.962603556] [tracking_pick_node]: class=pet_labeled conf=0.97 anchor=(274.9,624.1) kf_x=267.2 kf_vx=-0.00 pending=849 confirmed=True holding=False
[INFO] [1788861035.094722215] [tracking_pick_node]: class=pet_labeled conf=0.97 anchor=(274.9,624.0) kf_x=267.2 kf_vx=-0.00 pending=850 confirmed=True holding=False
[INFO] [1788861035.226638092] [tracking_pick_node]: class=pet_labeled conf=0.97 anchor=(275.0,624.0) kf_x=267.2 kf_vx=-0.00 pending=851 confirmed=True holding=False
[INFO] [1788861035.359201724] [tracking_pick_node]: class=pet_labeled conf=0.97 anchor=(275.0,624.1) kf_x=267.2 kf_vx=-0.00 pending=852 confirmed=True holding=False
[INFO] [1788861035.496558028] [tracking_pick_node]: class=pet_labeled conf=0.97 anchor=(275.0,623.9) kf_x=267.2 kf_vx=-0.00 pending=853 confirmed=True holding=False
[INFO] [1788861035.626754642] [tracking_pick_node]: class=pet_labeled conf=0.97 anchor=(275.0,624.0) kf_x=267.2 kf_vx=-0.00 pending=854 confirmed=True holding=False
[INFO] [1788861035.759688483] [tracking_pick_node]: class=pet_labeled conf=0.97 anchor=(274.9,624.1) kf_x=267.2 kf_vx=-0.00 pending=855 confirmed=True holding=False
[INFO] [1788861035.895509016] [tracking_pick_node]: class=pet_labeled conf=0.97 anchor=(274.9,624.0) kf_x=267.2 kf_vx=-0.00 pending=856 confirmed=True holding=False
[INFO] [1788861036.026571161] [tracking_pick_node]: class=pet_labeled conf=0.97 anchor=(275.0,624.1) kf_x=267.2 kf_vx=-0.00 pending=857 confirmed=True holding=False
[INFO] [1788861036.158378947] [tracking_pick_node]: class=pet_labeled conf=0.97 anchor=(275.0,623.9) kf_x=267.2 kf_vx=-0.00 pending=858 confirmed=True holding=False
[INFO] [1788861036.297668232] [tracking_pick_node]: class=pet_labeled conf=0.97 anchor=(275.0,624.0) kf_x=267.2 kf_vx=-0.00 pending=859 confirmed=True holding=False
[INFO] [1788861036.428495413] [tracking_pick_node]: class=pet_labeled conf=0.97 anchor=(274.9,624.0) kf_x=267.2 kf_vx=-0.00 pending=860 confirmed=True holding=False
[INFO] [1788861036.559828554] [tracking_pick_node]: class=pet_labeled conf=0.97 anchor=(275.0,624.0) kf_x=267.2 kf_vx=-0.00 pending=861 confirmed=True holding=False
[INFO] [1788861036.695490159] [tracking_pick_node]: class=pet_labeled conf=0.97 anchor=(274.9,624.1) kf_x=267.2 kf_vx=-0.00 pending=862 confirmed=True holding=False
[INFO] [1788861036.828036852] [tracking_pick_node]: class=pet_labeled conf=0.97 anchor=(275.0,624.1) kf_x=267.2 kf_vx=-0.00 pending=863 confirmed=True holding=False
[INFO] [1788861036.960323787] [tracking_pick_node]: class=pet_labeled conf=0.97 anchor=(274.9,624.1) kf_x=267.2 kf_vx=-0.00 pending=864 confirmed=True holding=False
[INFO] [1788861037.094416529] [tracking_pick_node]: class=pet_labeled conf=0.97 anchor=(275.1,624.0) kf_x=267.2 kf_vx=0.00 pending=865 confirmed=True holding=False
[INFO] [1788861037.227776745] [tracking_pick_node]: class=pet_labeled conf=0.97 anchor=(275.0,624.1) kf_x=267.2 kf_vx=0.00 pending=866 confirmed=True holding=False
[INFO] [1788861037.359598687] [tracking_pick_node]: class=pet_labeled conf=0.97 anchor=(275.0,624.1) kf_x=267.2 kf_vx=0.00 pending=867 confirmed=True holding=False
[INFO] [1788861037.494018109] [tracking_pick_node]: class=pet_labeled conf=0.97 anchor=(274.9,624.0) kf_x=267.2 kf_vx=0.00 pending=868 confirmed=True holding=False
[INFO] [1788861037.628332241] [tracking_pick_node]: class=pet_labeled conf=0.97 anchor=(275.0,624.0) kf_x=267.2 kf_vx=0.00 pending=869 confirmed=True holding=False
[INFO] [1788861037.761493910] [tracking_pick_node]: class=pet_labeled conf=0.97 anchor=(274.9,624.1) kf_x=267.2 kf_vx=0.00 pending=870 confirmed=True holding=False
[INFO] [1788861037.894530838] [tracking_pick_node]: class=pet_labeled conf=0.97 anchor=(275.0,624.1) kf_x=267.3 kf_vx=0.00 pending=871 confirmed=True holding=False
[INFO] [1788861038.027009778] [tracking_pick_node]: class=pet_labeled conf=0.97 anchor=(275.0,624.0) kf_x=267.3 kf_vx=0.00 pending=872 confirmed=True holding=False
[INFO] [1788861038.159535236] [tracking_pick_node]: class=pet_labeled conf=0.97 anchor=(275.0,624.0) kf_x=267.3 kf_vx=0.00 pending=873 confirmed=True holding=False
[INFO] [1788861038.307144031] [tracking_pick_node]: class=pet_labeled conf=0.97 anchor=(275.0,624.1) kf_x=267.3 kf_vx=0.00 pending=874 confirmed=True holding=False
[INFO] [1788861038.436171456] [tracking_pick_node]: class=pet_labeled conf=0.97 anchor=(274.9,624.1) kf_x=267.2 kf_vx=0.00 pending=875 confirmed=True holding=False
[INFO] [1788861038.560395226] [tracking_pick_node]: class=pet_labeled conf=0.97 anchor=(274.9,624.1) kf_x=267.2 kf_vx=0.00 pending=876 confirmed=True holding=False
[INFO] [1788861038.696737923] [tracking_pick_node]: class=pet_labeled conf=0.97 anchor=(274.9,624.1) kf_x=267.2 kf_vx=-0.00 pending=877 confirmed=True holding=False
[INFO] [1788861038.826420944] [tracking_pick_node]: class=pet_labeled conf=0.97 anchor=(274.9,624.0) kf_x=267.2 kf_vx=-0.00 pending=878 confirmed=True holding=False
[INFO] [1788861038.957927927] [tracking_pick_node]: class=pet_labeled conf=0.97 anchor=(274.9,624.1) kf_x=267.2 kf_vx=-0.00 pending=879 confirmed=True holding=False
[INFO] [1788861039.095059285] [tracking_pick_node]: class=pet_labeled conf=0.97 anchor=(274.9,624.1) kf_x=267.2 kf_vx=-0.00 pending=880 confirmed=True holding=False
[INFO] [1788861039.228067993] [tracking_pick_node]: class=pet_labeled conf=0.97 anchor=(274.9,624.0) kf_x=267.2 kf_vx=-0.00 pending=881 confirmed=True holding=False
[INFO] [1788861039.360759003] [tracking_pick_node]: class=pet_labeled conf=0.97 anchor=(275.0,624.1) kf_x=267.2 kf_vx=-0.00 pending=882 confirmed=True holding=False
[INFO] [1788861039.489940102] [tracking_pick_node]: class=pet_labeled conf=0.97 anchor=(274.9,624.0) kf_x=267.2 kf_vx=-0.00 pending=883 confirmed=True holding=False
[INFO] [1788861039.626917666] [tracking_pick_node]: class=pet_labeled conf=0.97 anchor=(274.9,624.0) kf_x=267.2 kf_vx=-0.00 pending=884 confirmed=True holding=False
[INFO] [1788861039.763464914] [tracking_pick_node]: class=pet_labeled conf=0.97 anchor=(274.9,624.0) kf_x=267.2 kf_vx=-0.00 pending=885 confirmed=True holding=False
[INFO] [1788861039.890115274] [tracking_pick_node]: class=pet_labeled conf=0.97 anchor=(275.0,624.1) kf_x=267.2 kf_vx=-0.00 pending=886 confirmed=True holding=False
[INFO] [1788861040.026435311] [tracking_pick_node]: class=pet_labeled conf=0.97 anchor=(275.0,624.0) kf_x=267.2 kf_vx=-0.00 pending=887 confirmed=True holding=False
[INFO] [1788861040.158688041] [tracking_pick_node]: class=pet_labeled conf=0.97 anchor=(275.0,624.1) kf_x=267.2 kf_vx=-0.00 pending=888 confirmed=True holding=False
[INFO] [1788861040.291446477] [tracking_pick_node]: class=pet_labeled conf=0.97 anchor=(274.9,623.9) kf_x=267.2 kf_vx=-0.00 pending=889 confirmed=True holding=False
[INFO] [1788861040.426500707] [tracking_pick_node]: class=pet_labeled conf=0.97 anchor=(274.9,624.0) kf_x=267.2 kf_vx=-0.00 pending=890 confirmed=True holding=False
[INFO] [1788861040.559313268] [tracking_pick_node]: class=pet_labeled conf=0.97 anchor=(275.0,624.0) kf_x=267.2 kf_vx=-0.00 pending=891 confirmed=True holding=False
[INFO] [1788861040.690677632] [tracking_pick_node]: class=pet_labeled conf=0.97 anchor=(274.9,624.1) kf_x=267.2 kf_vx=-0.00 pending=892 confirmed=True holding=False
[INFO] [1788861040.827682320] [tracking_pick_node]: class=pet_labeled conf=0.97 anchor=(275.0,624.1) kf_x=267.2 kf_vx=-0.00 pending=893 confirmed=True holding=False
[INFO] [1788861040.960018605] [tracking_pick_node]: class=pet_labeled conf=0.97 anchor=(274.9,624.0) kf_x=267.2 kf_vx=-0.00 pending=894 confirmed=True holding=False
[INFO] [1788861041.096648793] [tracking_pick_node]: class=pet_labeled conf=0.97 anchor=(275.0,624.0) kf_x=267.2 kf_vx=-0.00 pending=895 confirmed=True holding=False
[INFO] [1788861041.227196183] [tracking_pick_node]: class=pet_labeled conf=0.97 anchor=(274.9,624.1) kf_x=267.2 kf_vx=-0.00 pending=896 confirmed=True holding=False
[INFO] [1788861041.359627281] [tracking_pick_node]: class=pet_labeled conf=0.97 anchor=(275.0,624.1) kf_x=267.2 kf_vx=-0.00 pending=897 confirmed=True holding=False
[INFO] [1788861041.490488337] [tracking_pick_node]: class=pet_labeled conf=0.97 anchor=(274.9,624.0) kf_x=267.2 kf_vx=-0.00 pending=898 confirmed=True holding=False
[INFO] [1788861041.626020677] [tracking_pick_node]: class=pet_labeled conf=0.97 anchor=(275.0,624.0) kf_x=267.2 kf_vx=-0.00 pending=899 confirmed=True holding=False
[INFO] [1788861041.760102074] [tracking_pick_node]: class=pet_labeled conf=0.97 anchor=(274.9,624.0) kf_x=267.2 kf_vx=-0.00 pending=900 confirmed=True holding=False
[INFO] [1788861041.890398413] [tracking_pick_node]: class=pet_labeled conf=0.97 anchor=(274.9,624.0) kf_x=267.2 kf_vx=-0.00 pending=901 confirmed=True holding=False
[INFO] [1788861042.025963780] [tracking_pick_node]: class=pet_labeled conf=0.97 anchor=(274.8,624.0) kf_x=267.2 kf_vx=-0.00 pending=902 confirmed=True holding=False
[INFO] [1788861042.160098366] [tracking_pick_node]: class=pet_labeled conf=0.97 anchor=(275.0,624.1) kf_x=267.2 kf_vx=-0.00 pending=903 confirmed=True holding=False
[INFO] [1788861042.291812007] [tracking_pick_node]: class=pet_labeled conf=0.97 anchor=(275.0,624.1) kf_x=267.2 kf_vx=-0.00 pending=904 confirmed=True holding=False
[INFO] [1788861042.427157722] [tracking_pick_node]: class=pet_labeled conf=0.97 anchor=(275.0,624.0) kf_x=267.2 kf_vx=0.00 pending=905 confirmed=True holding=False
[INFO] [1788861042.559771143] [tracking_pick_node]: class=pet_labeled conf=0.97 anchor=(275.0,624.1) kf_x=267.2 kf_vx=0.00 pending=906 confirmed=True holding=False
[INFO] [1788861042.690695181] [tracking_pick_node]: class=pet_labeled conf=0.97 anchor=(275.0,624.0) kf_x=267.2 kf_vx=0.00 pending=907 confirmed=True holding=False
[INFO] [1788861042.826654423] [tracking_pick_node]: class=pet_labeled conf=0.97 anchor=(275.0,624.1) kf_x=267.2 kf_vx=0.00 pending=908 confirmed=True holding=False
[INFO] [1788861042.959535114] [tracking_pick_node]: class=pet_labeled conf=0.97 anchor=(275.0,624.0) kf_x=267.3 kf_vx=0.00 pending=909 confirmed=True holding=False
[INFO] [1788861043.091482948] [tracking_pick_node]: class=pet_labeled conf=0.97 anchor=(275.0,624.1) kf_x=267.3 kf_vx=0.00 pending=910 confirmed=True holding=False
[INFO] [1788861043.226665202] [tracking_pick_node]: class=pet_labeled conf=0.97 anchor=(274.8,624.0) kf_x=267.2 kf_vx=0.00 pending=911 confirmed=True holding=False
[INFO] [1788861043.358626938] [tracking_pick_node]: class=pet_labeled conf=0.97 anchor=(274.9,624.1) kf_x=267.2 kf_vx=0.00 pending=912 confirmed=True holding=False
[INFO] [1788861043.490416266] [tracking_pick_node]: class=pet_labeled conf=0.97 anchor=(274.9,624.1) kf_x=267.2 kf_vx=0.00 pending=913 confirmed=True holding=False
[INFO] [1788861043.635036790] [tracking_pick_node]: class=pet_labeled conf=0.97 anchor=(275.0,624.1) kf_x=267.2 kf_vx=0.00 pending=914 confirmed=True holding=False
[INFO] [1788861043.766151047] [tracking_pick_node]: class=pet_labeled conf=0.97 anchor=(275.0,624.1) kf_x=267.2 kf_vx=0.00 pending=915 confirmed=True holding=False
[INFO] [1788861043.890605554] [tracking_pick_node]: class=pet_labeled conf=0.97 anchor=(275.0,624.1) kf_x=267.2 kf_vx=0.00 pending=916 confirmed=True holding=False
[INFO] [1788861044.027964306] [tracking_pick_node]: class=pet_labeled conf=0.97 anchor=(275.0,624.1) kf_x=267.2 kf_vx=0.00 pending=917 confirmed=True holding=False
[INFO] [1788861044.159239963] [tracking_pick_node]: class=pet_labeled conf=0.97 anchor=(274.9,624.0) kf_x=267.2 kf_vx=0.00 pending=918 confirmed=True holding=False
[INFO] [1788861044.290108426] [tracking_pick_node]: class=pet_labeled conf=0.97 anchor=(274.9,624.1) kf_x=267.2 kf_vx=0.00 pending=919 confirmed=True holding=False
[INFO] [1788861044.425984589] [tracking_pick_node]: class=pet_labeled conf=0.97 anchor=(275.0,624.0) kf_x=267.2 kf_vx=0.00 pending=920 confirmed=True holding=False
[INFO] [1788861044.562921827] [tracking_pick_node]: class=pet_labeled conf=0.97 anchor=(275.0,624.1) kf_x=267.2 kf_vx=0.00 pending=921 confirmed=True holding=False
[INFO] [1788861044.697103221] [tracking_pick_node]: class=pet_labeled conf=0.97 anchor=(274.9,624.0) kf_x=267.2 kf_vx=0.00 pending=922 confirmed=True holding=False
[INFO] [1788861044.827899096] [tracking_pick_node]: class=pet_labeled conf=0.97 anchor=(275.0,624.0) kf_x=267.2 kf_vx=0.00 pending=923 confirmed=True holding=False
[INFO] [1788861044.962419577] [tracking_pick_node]: class=pet_labeled conf=0.97 anchor=(275.0,624.1) kf_x=267.2 kf_vx=0.00 pending=924 confirmed=True holding=False
[INFO] [1788861045.101116452] [tracking_pick_node]: class=pet_labeled conf=0.97 anchor=(275.0,624.2) kf_x=267.3 kf_vx=0.00 pending=925 confirmed=True holding=False
[INFO] [1788861045.227615429] [tracking_pick_node]: class=pet_labeled conf=0.97 anchor=(274.9,624.0) kf_x=267.2 kf_vx=0.00 pending=926 confirmed=True holding=False
[INFO] [1788861045.358929753] [tracking_pick_node]: class=pet_labeled conf=0.97 anchor=(274.9,624.1) kf_x=267.2 kf_vx=0.00 pending=927 confirmed=True holding=False
[INFO] [1788861045.492549318] [tracking_pick_node]: class=pet_labeled conf=0.97 anchor=(274.9,624.0) kf_x=267.2 kf_vx=0.00 pending=928 confirmed=True holding=False
[INFO] [1788861045.628473314] [tracking_pick_node]: class=pet_labeled conf=0.97 anchor=(274.9,624.1) kf_x=267.2 kf_vx=-0.00 pending=929 confirmed=True holding=False
[INFO] [1788861045.758696809] [tracking_pick_node]: class=pet_labeled conf=0.97 anchor=(275.0,624.1) kf_x=267.2 kf_vx=0.00 pending=930 confirmed=True holding=False
[INFO] [1788861045.891619633] [tracking_pick_node]: class=pet_labeled conf=0.97 anchor=(274.9,624.0) kf_x=267.2 kf_vx=-0.00 pending=931 confirmed=True holding=False
[INFO] [1788861046.027071566] [tracking_pick_node]: class=pet_labeled conf=0.97 anchor=(274.9,624.1) kf_x=267.2 kf_vx=-0.00 pending=932 confirmed=True holding=False
[INFO] [1788861046.161633133] [tracking_pick_node]: class=pet_labeled conf=0.97 anchor=(274.8,624.1) kf_x=267.2 kf_vx=-0.00 pending=933 confirmed=True holding=False
[INFO] [1788861046.291209412] [tracking_pick_node]: class=pet_labeled conf=0.97 anchor=(275.0,624.0) kf_x=267.2 kf_vx=-0.00 pending=934 confirmed=True holding=False
[INFO] [1788861046.427399837] [tracking_pick_node]: class=pet_labeled conf=0.97 anchor=(274.9,624.1) kf_x=267.2 kf_vx=-0.00 pending=935 confirmed=True holding=False
[INFO] [1788861046.558516400] [tracking_pick_node]: class=pet_labeled conf=0.97 anchor=(275.0,624.0) kf_x=267.2 kf_vx=-0.00 pending=936 confirmed=True holding=False
[INFO] [1788861046.694476981] [tracking_pick_node]: class=pet_labeled conf=0.97 anchor=(275.0,624.0) kf_x=267.2 kf_vx=-0.00 pending=937 confirmed=True holding=False
[INFO] [1788861046.827012149] [tracking_pick_node]: class=pet_labeled conf=0.97 anchor=(275.0,624.0) kf_x=267.2 kf_vx=-0.00 pending=938 confirmed=True holding=False
[INFO] [1788861046.959693794] [tracking_pick_node]: class=pet_labeled conf=0.97 anchor=(275.0,624.1) kf_x=267.2 kf_vx=-0.00 pending=939 confirmed=True holding=False
[INFO] [1788861047.092373289] [tracking_pick_node]: class=pet_labeled conf=0.97 anchor=(275.0,624.0) kf_x=267.2 kf_vx=0.00 pending=940 confirmed=True holding=False
[INFO] [1788861047.228171651] [tracking_pick_node]: class=pet_labeled conf=0.97 anchor=(275.0,624.1) kf_x=267.2 kf_vx=0.00 pending=941 confirmed=True holding=False
[INFO] [1788861047.360064606] [tracking_pick_node]: class=pet_labeled conf=0.97 anchor=(274.9,624.1) kf_x=267.2 kf_vx=0.00 pending=942 confirmed=True holding=False
[INFO] [1788861047.492409611] [tracking_pick_node]: class=pet_labeled conf=0.97 anchor=(275.0,624.0) kf_x=267.2 kf_vx=0.00 pending=943 confirmed=True holding=False
[INFO] [1788861047.626737725] [tracking_pick_node]: class=pet_labeled conf=0.97 anchor=(275.0,624.1) kf_x=267.2 kf_vx=0.00 pending=944 confirmed=True holding=False
[INFO] [1788861047.758162941] [tracking_pick_node]: class=pet_labeled conf=0.97 anchor=(274.9,624.0) kf_x=267.2 kf_vx=0.00 pending=945 confirmed=True holding=False
[INFO] [1788861047.890986500] [tracking_pick_node]: class=pet_labeled conf=0.97 anchor=(275.0,624.0) kf_x=267.2 kf_vx=0.00 pending=946 confirmed=True holding=False
[INFO] [1788861048.027834126] [tracking_pick_node]: class=pet_labeled conf=0.97 anchor=(275.0,624.0) kf_x=267.2 kf_vx=0.00 pending=947 confirmed=True holding=False
[INFO] [1788861048.158610522] [tracking_pick_node]: class=pet_labeled conf=0.97 anchor=(275.0,624.1) kf_x=267.3 kf_vx=0.00 pending=948 confirmed=True holding=False
[INFO] [1788861048.296725958] [tracking_pick_node]: class=pet_labeled conf=0.97 anchor=(275.0,624.2) kf_x=267.3 kf_vx=0.00 pending=949 confirmed=True holding=False
[INFO] [1788861048.427953123] [tracking_pick_node]: class=pet_labeled conf=0.97 anchor=(274.9,624.1) kf_x=267.3 kf_vx=0.00 pending=950 confirmed=True holding=False
[INFO] [1788861048.558825497] [tracking_pick_node]: class=pet_labeled conf=0.97 anchor=(274.9,624.1) kf_x=267.2 kf_vx=0.00 pending=951 confirmed=True holding=False
[INFO] [1788861048.691714067] [tracking_pick_node]: class=pet_labeled conf=0.97 anchor=(275.0,624.1) kf_x=267.3 kf_vx=0.00 pending=952 confirmed=True holding=False
[INFO] [1788861048.839539234] [tracking_pick_node]: class=pet_labeled conf=0.97 anchor=(274.9,624.0) kf_x=267.3 kf_vx=0.00 pending=953 confirmed=True holding=False
[INFO] [1788861048.963110722] [tracking_pick_node]: class=pet_labeled conf=0.97 anchor=(274.9,624.1) kf_x=267.3 kf_vx=0.00 pending=954 confirmed=True holding=False
[INFO] [1788861049.090612178] [tracking_pick_node]: class=pet_labeled conf=0.97 anchor=(275.0,624.1) kf_x=267.3 kf_vx=0.00 pending=955 confirmed=True holding=False
[INFO] [1788861049.227463758] [tracking_pick_node]: class=pet_labeled conf=0.97 anchor=(275.0,624.0) kf_x=267.3 kf_vx=0.00 pending=956 confirmed=True holding=False
[INFO] [1788861049.362417388] [tracking_pick_node]: class=pet_labeled conf=0.97 anchor=(274.9,624.1) kf_x=267.3 kf_vx=0.00 pending=957 confirmed=True holding=False
[INFO] [1788861049.491828880] [tracking_pick_node]: class=pet_labeled conf=0.97 anchor=(275.1,624.1) kf_x=267.3 kf_vx=0.00 pending=958 confirmed=True holding=False
[INFO] [1788861049.627837798] [tracking_pick_node]: class=pet_labeled conf=0.97 anchor=(275.0,624.0) kf_x=267.3 kf_vx=0.00 pending=959 confirmed=True holding=False
[INFO] [1788861049.761563713] [tracking_pick_node]: class=pet_labeled conf=0.97 anchor=(274.9,624.1) kf_x=267.3 kf_vx=0.00 pending=960 confirmed=True holding=False
[INFO] [1788861049.892130795] [tracking_pick_node]: class=pet_labeled conf=0.97 anchor=(275.0,624.1) kf_x=267.3 kf_vx=0.00 pending=961 confirmed=True holding=False
[INFO] [1788861050.028553245] [tracking_pick_node]: class=pet_labeled conf=0.97 anchor=(275.0,624.0) kf_x=267.3 kf_vx=0.00 pending=962 confirmed=True holding=False
[INFO] [1788861050.158220314] [tracking_pick_node]: class=pet_labeled conf=0.97 anchor=(274.9,624.1) kf_x=267.3 kf_vx=0.00 pending=963 confirmed=True holding=False
[INFO] [1788861050.295024651] [tracking_pick_node]: class=pet_labeled conf=0.97 anchor=(275.1,624.0) kf_x=267.3 kf_vx=0.00 pending=964 confirmed=True holding=False
[INFO] [1788861050.427050320] [tracking_pick_node]: class=pet_labeled conf=0.97 anchor=(275.1,624.1) kf_x=267.3 kf_vx=0.01 pending=965 confirmed=True holding=False
[INFO] [1788861050.564899498] [tracking_pick_node]: class=pet_labeled conf=0.97 anchor=(274.9,624.1) kf_x=267.3 kf_vx=0.00 pending=966 confirmed=True holding=False
[INFO] [1788861050.690611658] [tracking_pick_node]: class=pet_labeled conf=0.97 anchor=(275.0,624.1) kf_x=267.3 kf_vx=0.00 pending=967 confirmed=True holding=False
[INFO] [1788861050.827842276] [tracking_pick_node]: class=pet_labeled conf=0.97 anchor=(275.1,624.1) kf_x=267.3 kf_vx=0.01 pending=968 confirmed=True holding=False
[INFO] [1788861050.960191244] [tracking_pick_node]: class=pet_labeled conf=0.97 anchor=(275.0,624.1) kf_x=267.3 kf_vx=0.01 pending=969 confirmed=True holding=False
[INFO] [1788861051.091893164] [tracking_pick_node]: class=pet_labeled conf=0.97 anchor=(274.9,624.1) kf_x=267.3 kf_vx=0.00 pending=970 confirmed=True holding=False
[INFO] [1788861051.226446218] [tracking_pick_node]: class=pet_labeled conf=0.97 anchor=(275.1,624.0) kf_x=267.3 kf_vx=0.01 pending=971 confirmed=True holding=False
[INFO] [1788861051.360496420] [tracking_pick_node]: class=pet_labeled conf=0.97 anchor=(274.9,624.1) kf_x=267.3 kf_vx=0.00 pending=972 confirmed=True holding=False
[INFO] [1788861051.493814704] [tracking_pick_node]: class=pet_labeled conf=0.97 anchor=(275.0,624.1) kf_x=267.3 kf_vx=0.00 pending=973 confirmed=True holding=False
[INFO] [1788861051.627126807] [tracking_pick_node]: class=pet_labeled conf=0.97 anchor=(275.0,624.0) kf_x=267.3 kf_vx=0.00 pending=974 confirmed=True holding=False
[INFO] [1788861051.761072068] [tracking_pick_node]: class=pet_labeled conf=0.97 anchor=(275.0,624.1) kf_x=267.3 kf_vx=0.00 pending=975 confirmed=True holding=False
[INFO] [1788861051.890506966] [tracking_pick_node]: class=pet_labeled conf=0.97 anchor=(274.8,624.0) kf_x=267.3 kf_vx=0.00 pending=976 confirmed=True holding=False
[INFO] [1788861052.026647169] [tracking_pick_node]: class=pet_labeled conf=0.97 anchor=(275.0,624.1) kf_x=267.3 kf_vx=0.00 pending=977 confirmed=True holding=False
[INFO] [1788861052.159496513] [tracking_pick_node]: class=pet_labeled conf=0.97 anchor=(275.0,624.1) kf_x=267.3 kf_vx=0.00 pending=978 confirmed=True holding=False
[INFO] [1788861052.291874221] [tracking_pick_node]: class=pet_labeled conf=0.97 anchor=(275.0,624.0) kf_x=267.3 kf_vx=0.00 pending=979 confirmed=True holding=False
[INFO] [1788861052.426264234] [tracking_pick_node]: class=pet_labeled conf=0.97 anchor=(275.0,624.1) kf_x=267.3 kf_vx=0.00 pending=980 confirmed=True holding=False
[INFO] [1788861052.558766238] [tracking_pick_node]: class=pet_labeled conf=0.97 anchor=(275.0,624.0) kf_x=267.3 kf_vx=0.00 pending=981 confirmed=True holding=False
[INFO] [1788861052.693432923] [tracking_pick_node]: class=pet_labeled conf=0.97 anchor=(275.0,624.1) kf_x=267.3 kf_vx=0.00 pending=982 confirmed=True holding=False
[INFO] [1788861052.822581981] [tracking_pick_node]: class=pet_labeled conf=0.97 anchor=(275.0,624.1) kf_x=267.3 kf_vx=0.00 pending=983 confirmed=True holding=False
[INFO] [1788861052.958754928] [tracking_pick_node]: class=pet_labeled conf=0.97 anchor=(275.0,624.0) kf_x=267.3 kf_vx=0.00 pending=984 confirmed=True holding=False
[INFO] [1788861053.090819096] [tracking_pick_node]: class=pet_labeled conf=0.97 anchor=(275.0,624.0) kf_x=267.3 kf_vx=0.00 pending=985 confirmed=True holding=False
[INFO] [1788861053.223728540] [tracking_pick_node]: class=pet_labeled conf=0.97 anchor=(275.1,624.1) kf_x=267.3 kf_vx=0.00 pending=986 confirmed=True holding=False
[INFO] [1788861053.359990709] [tracking_pick_node]: class=pet_labeled conf=0.97 anchor=(274.9,624.1) kf_x=267.3 kf_vx=0.00 pending=987 confirmed=True holding=False
[INFO] [1788861053.492009188] [tracking_pick_node]: class=pet_labeled conf=0.97 anchor=(275.1,624.0) kf_x=267.3 kf_vx=0.00 pending=988 confirmed=True holding=False
[INFO] [1788861053.625796173] [tracking_pick_node]: class=pet_labeled conf=0.97 anchor=(274.9,624.0) kf_x=267.3 kf_vx=0.00 pending=989 confirmed=True holding=False
[INFO] [1788861053.759358429] [tracking_pick_node]: class=pet_labeled conf=0.97 anchor=(275.0,624.0) kf_x=267.3 kf_vx=0.00 pending=990 confirmed=True holding=False
[INFO] [1788861053.890432619] [tracking_pick_node]: class=pet_labeled conf=0.97 anchor=(275.0,624.0) kf_x=267.3 kf_vx=0.00 pending=991 confirmed=True holding=False
[INFO] [1788861054.026159342] [tracking_pick_node]: class=pet_labeled conf=0.97 anchor=(275.0,624.1) kf_x=267.3 kf_vx=0.00 pending=992 confirmed=True holding=False
[INFO] [1788861054.162226660] [tracking_pick_node]: class=pet_labeled conf=0.97 anchor=(274.9,624.0) kf_x=267.3 kf_vx=0.00 pending=993 confirmed=True holding=False
[INFO] [1788861054.290686541] [tracking_pick_node]: class=pet_labeled conf=0.97 anchor=(275.0,624.1) kf_x=267.3 kf_vx=0.00 pending=994 confirmed=True holding=False
[INFO] [1788861054.427129704] [tracking_pick_node]: class=pet_labeled conf=0.97 anchor=(275.0,624.0) kf_x=267.3 kf_vx=0.00 pending=995 confirmed=True holding=False
[INFO] [1788861054.558864740] [tracking_pick_node]: class=pet_labeled conf=0.97 anchor=(275.0,624.0) kf_x=267.3 kf_vx=0.00 pending=996 confirmed=True holding=False
[INFO] [1788861054.690590068] [tracking_pick_node]: class=pet_labeled conf=0.97 anchor=(275.0,624.1) kf_x=267.3 kf_vx=-0.00 pending=997 confirmed=True holding=False
[INFO] [1788861054.824245464] [tracking_pick_node]: class=pet_labeled conf=0.97 anchor=(275.0,624.1) kf_x=267.3 kf_vx=0.00 pending=998 confirmed=True holding=False
[INFO] [1788861054.960947310] [tracking_pick_node]: class=pet_labeled conf=0.97 anchor=(275.0,624.0) kf_x=267.3 kf_vx=0.00 pending=999 confirmed=True holding=False
[INFO] [1788861055.095281715] [tracking_pick_node]: class=pet_labeled conf=0.97 anchor=(274.9,624.0) kf_x=267.3 kf_vx=-0.00 pending=1000 confirmed=True holding=False
[INFO] [1788861055.224547479] [tracking_pick_node]: class=pet_labeled conf=0.97 anchor=(275.0,624.0) kf_x=267.3 kf_vx=-0.00 pending=1001 confirmed=True holding=False
[INFO] [1788861055.360261951] [tracking_pick_node]: class=pet_labeled conf=0.97 anchor=(275.0,624.0) kf_x=267.3 kf_vx=-0.00 pending=1002 confirmed=True holding=False
[INFO] [1788861055.491720049] [tracking_pick_node]: class=pet_labeled conf=0.97 anchor=(275.1,624.0) kf_x=267.3 kf_vx=0.00 pending=1003 confirmed=True holding=False
[INFO] [1788861055.622986925] [tracking_pick_node]: class=pet_labeled conf=0.97 anchor=(275.0,624.1) kf_x=267.3 kf_vx=0.00 pending=1004 confirmed=True holding=False
[INFO] [1788861055.759056841] [tracking_pick_node]: class=pet_labeled conf=0.97 anchor=(275.0,624.0) kf_x=267.3 kf_vx=0.00 pending=1005 confirmed=True holding=False
[INFO] [1788861055.897563069] [tracking_pick_node]: class=pet_labeled conf=0.97 anchor=(275.0,624.0) kf_x=267.3 kf_vx=0.00 pending=1006 confirmed=True holding=False
[INFO] [1788861056.022777795] [tracking_pick_node]: class=pet_labeled conf=0.97 anchor=(274.9,624.1) kf_x=267.3 kf_vx=-0.00 pending=1007 confirmed=True holding=False
[INFO] [1788861056.160704934] [tracking_pick_node]: class=pet_labeled conf=0.97 anchor=(275.1,624.0) kf_x=267.3 kf_vx=0.00 pending=1008 confirmed=True holding=False
[INFO] [1788861056.291973756] [tracking_pick_node]: class=pet_labeled conf=0.97 anchor=(275.0,624.0) kf_x=267.3 kf_vx=0.00 pending=1009 confirmed=True holding=False
[INFO] [1788861056.423481649] [tracking_pick_node]: class=pet_labeled conf=0.97 anchor=(274.9,624.0) kf_x=267.3 kf_vx=-0.00 pending=1010 confirmed=True holding=False
[INFO] [1788861056.559814144] [tracking_pick_node]: class=pet_labeled conf=0.97 anchor=(274.9,624.1) kf_x=267.3 kf_vx=-0.00 pending=1011 confirmed=True holding=False
[INFO] [1788861056.691480751] [tracking_pick_node]: class=pet_labeled conf=0.97 anchor=(274.9,624.1) kf_x=267.3 kf_vx=-0.00 pending=1012 confirmed=True holding=False
[INFO] [1788861056.823566759] [tracking_pick_node]: class=pet_labeled conf=0.97 anchor=(274.9,624.1) kf_x=267.3 kf_vx=-0.00 pending=1013 confirmed=True holding=False
[INFO] [1788861056.959761150] [tracking_pick_node]: class=pet_labeled conf=0.97 anchor=(275.0,624.1) kf_x=267.3 kf_vx=-0.00 pending=1014 confirmed=True holding=False
[INFO] [1788861057.092611091] [tracking_pick_node]: class=pet_labeled conf=0.97 anchor=(274.9,624.0) kf_x=267.2 kf_vx=-0.00 pending=1015 confirmed=True holding=False
[INFO] [1788861057.223151820] [tracking_pick_node]: class=pet_labeled conf=0.97 anchor=(275.0,624.0) kf_x=267.2 kf_vx=-0.00 pending=1016 confirmed=True holding=False
[INFO] [1788861057.358483276] [tracking_pick_node]: class=pet_labeled conf=0.97 anchor=(274.9,624.0) kf_x=267.2 kf_vx=-0.00 pending=1017 confirmed=True holding=False
[INFO] [1788861057.491928014] [tracking_pick_node]: class=pet_labeled conf=0.97 anchor=(275.0,624.1) kf_x=267.3 kf_vx=-0.00 pending=1018 confirmed=True holding=False
[INFO] [1788861057.623054850] [tracking_pick_node]: class=pet_labeled conf=0.97 anchor=(275.0,624.1) kf_x=267.3 kf_vx=-0.00 pending=1019 confirmed=True holding=False
[INFO] [1788861057.758418239] [tracking_pick_node]: class=pet_labeled conf=0.97 anchor=(275.0,624.0) kf_x=267.3 kf_vx=-0.00 pending=1020 confirmed=True holding=False
[INFO] [1788861057.890269296] [tracking_pick_node]: class=pet_labeled conf=0.97 anchor=(275.0,624.0) kf_x=267.3 kf_vx=-0.00 pending=1021 confirmed=True holding=False
[INFO] [1788861058.022287950] [tracking_pick_node]: class=pet_labeled conf=0.97 anchor=(274.9,624.0) kf_x=267.2 kf_vx=-0.00 pending=1022 confirmed=True holding=False
[INFO] [1788861058.158075090] [tracking_pick_node]: class=pet_labeled conf=0.97 anchor=(275.0,624.1) kf_x=267.2 kf_vx=-0.00 pending=1023 confirmed=True holding=False
[INFO] [1788861058.292960908] [tracking_pick_node]: class=pet_labeled conf=0.97 anchor=(275.0,624.0) kf_x=267.3 kf_vx=-0.00 pending=1024 confirmed=True holding=False
[INFO] [1788861058.425494039] [tracking_pick_node]: class=pet_labeled conf=0.97 anchor=(274.9,623.9) kf_x=267.2 kf_vx=-0.00 pending=1025 confirmed=True holding=False
[INFO] [1788861058.558666792] [tracking_pick_node]: class=pet_labeled conf=0.97 anchor=(275.0,624.1) kf_x=267.2 kf_vx=-0.00 pending=1026 confirmed=True holding=False
[INFO] [1788861058.690673446] [tracking_pick_node]: class=pet_labeled conf=0.97 anchor=(275.0,624.0) kf_x=267.2 kf_vx=-0.00 pending=1027 confirmed=True holding=False
[INFO] [1788861058.822619606] [tracking_pick_node]: class=pet_labeled conf=0.97 anchor=(275.0,624.1) kf_x=267.2 kf_vx=-0.00 pending=1028 confirmed=True holding=False
[INFO] [1788861058.958431743] [tracking_pick_node]: class=pet_labeled conf=0.97 anchor=(274.9,624.0) kf_x=267.2 kf_vx=-0.00 pending=1029 confirmed=True holding=False
[INFO] [1788861059.090374961] [tracking_pick_node]: class=pet_labeled conf=0.97 anchor=(275.0,624.0) kf_x=267.2 kf_vx=-0.00 pending=1030 confirmed=True holding=False
[INFO] [1788861059.224216048] [tracking_pick_node]: class=pet_labeled conf=0.97 anchor=(274.9,624.1) kf_x=267.2 kf_vx=-0.00 pending=1031 confirmed=True holding=False
[INFO] [1788861059.360870251] [tracking_pick_node]: class=pet_labeled conf=0.97 anchor=(274.9,624.1) kf_x=267.2 kf_vx=-0.00 pending=1032 confirmed=True holding=False
[INFO] [1788861059.494410811] [tracking_pick_node]: class=pet_labeled conf=0.97 anchor=(274.9,624.0) kf_x=267.2 kf_vx=-0.00 pending=1033 confirmed=True holding=False
[INFO] [1788861059.622565450] [tracking_pick_node]: class=pet_labeled conf=0.97 anchor=(275.0,624.0) kf_x=267.2 kf_vx=-0.00 pending=1034 confirmed=True holding=False
[INFO] [1788861059.758758961] [tracking_pick_node]: class=pet_labeled conf=0.97 anchor=(275.0,624.1) kf_x=267.2 kf_vx=-0.00 pending=1035 confirmed=True holding=False
[INFO] [1788861059.891197300] [tracking_pick_node]: class=pet_labeled conf=0.97 anchor=(274.9,624.2) kf_x=267.2 kf_vx=-0.00 pending=1036 confirmed=True holding=False
[INFO] [1788861060.023546953] [tracking_pick_node]: class=pet_labeled conf=0.97 anchor=(274.9,624.1) kf_x=267.2 kf_vx=-0.00 pending=1037 confirmed=True holding=False
[INFO] [1788861060.162098981] [tracking_pick_node]: class=pet_labeled conf=0.97 anchor=(275.0,624.0) kf_x=267.2 kf_vx=-0.00 pending=1038 confirmed=True holding=False
[INFO] [1788861060.290719091] [tracking_pick_node]: class=pet_labeled conf=0.97 anchor=(275.0,624.0) kf_x=267.2 kf_vx=-0.00 pending=1039 confirmed=True holding=False
[INFO] [1788861060.423476346] [tracking_pick_node]: class=pet_labeled conf=0.97 anchor=(275.0,624.0) kf_x=267.2 kf_vx=-0.00 pending=1040 confirmed=True holding=False
[INFO] [1788861060.558845365] [tracking_pick_node]: class=pet_labeled conf=0.97 anchor=(274.9,624.1) kf_x=267.2 kf_vx=-0.00 pending=1041 confirmed=True holding=False
[INFO] [1788861060.691043719] [tracking_pick_node]: class=pet_labeled conf=0.97 anchor=(275.0,624.0) kf_x=267.2 kf_vx=-0.00 pending=1042 confirmed=True holding=False
[INFO] [1788861060.824748965] [tracking_pick_node]: class=pet_labeled conf=0.97 anchor=(274.9,624.1) kf_x=267.2 kf_vx=-0.00 pending=1043 confirmed=True holding=False
[INFO] [1788861060.962072983] [tracking_pick_node]: class=pet_labeled conf=0.97 anchor=(275.0,624.0) kf_x=267.2 kf_vx=-0.00 pending=1044 confirmed=True holding=False
[INFO] [1788861061.096244846] [tracking_pick_node]: class=pet_labeled conf=0.97 anchor=(274.9,624.1) kf_x=267.2 kf_vx=-0.00 pending=1045 confirmed=True holding=False
[INFO] [1788861061.226233962] [tracking_pick_node]: class=pet_labeled conf=0.97 anchor=(274.9,624.0) kf_x=267.2 kf_vx=-0.00 pending=1046 confirmed=True holding=False
[INFO] [1788861061.358699921] [tracking_pick_node]: class=pet_labeled conf=0.97 anchor=(275.0,624.1) kf_x=267.2 kf_vx=-0.00 pending=1047 confirmed=True holding=False
[INFO] [1788861061.491041797] [tracking_pick_node]: class=pet_labeled conf=0.97 anchor=(275.1,624.0) kf_x=267.2 kf_vx=-0.00 pending=1048 confirmed=True holding=False
[INFO] [1788861061.623926483] [tracking_pick_node]: class=pet_labeled conf=0.97 anchor=(275.0,624.0) kf_x=267.2 kf_vx=-0.00 pending=1049 confirmed=True holding=False
[INFO] [1788861061.759752310] [tracking_pick_node]: class=pet_labeled conf=0.97 anchor=(274.9,624.0) kf_x=267.2 kf_vx=-0.00 pending=1050 confirmed=True holding=False
[INFO] [1788861061.892203685] [tracking_pick_node]: class=pet_labeled conf=0.97 anchor=(275.0,624.1) kf_x=267.2 kf_vx=-0.00 pending=1051 confirmed=True holding=False
[INFO] [1788861062.024437027] [tracking_pick_node]: class=pet_labeled conf=0.97 anchor=(275.0,624.0) kf_x=267.2 kf_vx=-0.00 pending=1052 confirmed=True holding=False
[INFO] [1788861062.161220641] [tracking_pick_node]: class=pet_labeled conf=0.97 anchor=(274.9,624.1) kf_x=267.2 kf_vx=-0.00 pending=1053 confirmed=True holding=False
[INFO] [1788861062.290742503] [tracking_pick_node]: class=pet_labeled conf=0.97 anchor=(275.0,624.0) kf_x=267.2 kf_vx=-0.00 pending=1054 confirmed=True holding=False
[INFO] [1788861062.422609069] [tracking_pick_node]: class=pet_labeled conf=0.97 anchor=(274.8,624.1) kf_x=267.2 kf_vx=-0.00 pending=1055 confirmed=True holding=False
[INFO] [1788861062.558519835] [tracking_pick_node]: class=pet_labeled conf=0.97 anchor=(274.9,624.1) kf_x=267.2 kf_vx=-0.00 pending=1056 confirmed=True holding=False
[INFO] [1788861062.690626729] [tracking_pick_node]: class=pet_labeled conf=0.97 anchor=(275.0,624.0) kf_x=267.2 kf_vx=-0.00 pending=1057 confirmed=True holding=False
[INFO] [1788861062.827974210] [tracking_pick_node]: class=pet_labeled conf=0.97 anchor=(274.9,624.0) kf_x=267.2 kf_vx=-0.00 pending=1058 confirmed=True holding=False
[INFO] [1788861062.960397706] [tracking_pick_node]: class=pet_labeled conf=0.97 anchor=(275.0,624.1) kf_x=267.2 kf_vx=-0.00 pending=1059 confirmed=True holding=False
[INFO] [1788861063.092076199] [tracking_pick_node]: class=pet_labeled conf=0.97 anchor=(274.9,624.1) kf_x=267.2 kf_vx=-0.00 pending=1060 confirmed=True holding=False
[INFO] [1788861063.222989273] [tracking_pick_node]: class=pet_labeled conf=0.97 anchor=(275.0,624.0) kf_x=267.2 kf_vx=-0.00 pending=1061 confirmed=True holding=False
[INFO] [1788861063.359521633] [tracking_pick_node]: class=pet_labeled conf=0.97 anchor=(274.9,624.0) kf_x=267.2 kf_vx=-0.00 pending=1062 confirmed=True holding=False
[INFO] [1788861063.491007192] [tracking_pick_node]: class=pet_labeled conf=0.97 anchor=(274.9,624.1) kf_x=267.2 kf_vx=-0.00 pending=1063 confirmed=True holding=False
[INFO] [1788861063.622982878] [tracking_pick_node]: class=pet_labeled conf=0.97 anchor=(275.0,624.0) kf_x=267.2 kf_vx=-0.00 pending=1064 confirmed=True holding=False
[INFO] [1788861063.759178049] [tracking_pick_node]: class=pet_labeled conf=0.97 anchor=(274.9,624.2) kf_x=267.2 kf_vx=-0.00 pending=1065 confirmed=True holding=False
[INFO] [1788861063.891410295] [tracking_pick_node]: class=pet_labeled conf=0.97 anchor=(274.9,624.1) kf_x=267.2 kf_vx=-0.00 pending=1066 confirmed=True holding=False
[INFO] [1788861064.024242057] [tracking_pick_node]: class=pet_labeled conf=0.97 anchor=(274.9,624.1) kf_x=267.2 kf_vx=-0.00 pending=1067 confirmed=True holding=False
[INFO] [1788861064.160270561] [tracking_pick_node]: class=pet_labeled conf=0.97 anchor=(275.0,624.2) kf_x=267.2 kf_vx=-0.00 pending=1068 confirmed=True holding=False
[INFO] [1788861064.291316178] [tracking_pick_node]: class=pet_labeled conf=0.97 anchor=(274.9,624.0) kf_x=267.2 kf_vx=-0.00 pending=1069 confirmed=True holding=False
[INFO] [1788861064.423191826] [tracking_pick_node]: class=pet_labeled conf=0.97 anchor=(275.0,624.1) kf_x=267.2 kf_vx=-0.00 pending=1070 confirmed=True holding=False
[INFO] [1788861064.559916879] [tracking_pick_node]: class=pet_labeled conf=0.97 anchor=(274.9,624.0) kf_x=267.2 kf_vx=-0.00 pending=1071 confirmed=True holding=False
[INFO] [1788861064.692384937] [tracking_pick_node]: class=pet_labeled conf=0.97 anchor=(275.0,624.0) kf_x=267.2 kf_vx=-0.00 pending=1072 confirmed=True holding=False
[INFO] [1788861064.822775715] [tracking_pick_node]: class=pet_labeled conf=0.97 anchor=(275.0,624.0) kf_x=267.2 kf_vx=-0.00 pending=1073 confirmed=True holding=False
[INFO] [1788861064.959828239] [tracking_pick_node]: class=pet_labeled conf=0.97 anchor=(274.9,624.0) kf_x=267.2 kf_vx=-0.00 pending=1074 confirmed=True holding=False
[INFO] [1788861065.092291668] [tracking_pick_node]: class=pet_labeled conf=0.97 anchor=(274.9,624.0) kf_x=267.2 kf_vx=-0.00 pending=1075 confirmed=True holding=False
[INFO] [1788861065.222181118] [tracking_pick_node]: class=pet_labeled conf=0.97 anchor=(275.0,624.0) kf_x=267.2 kf_vx=-0.00 pending=1076 confirmed=True holding=False
[INFO] [1788861065.362316947] [tracking_pick_node]: class=pet_labeled conf=0.97 anchor=(275.0,624.0) kf_x=267.2 kf_vx=-0.00 pending=1077 confirmed=True holding=False
[INFO] [1788861065.503624096] [tracking_pick_node]: class=pet_labeled conf=0.97 anchor=(275.0,624.1) kf_x=267.2 kf_vx=-0.00 pending=1078 confirmed=True holding=False
[INFO] [1788861065.624050165] [tracking_pick_node]: class=pet_labeled conf=0.97 anchor=(274.9,624.1) kf_x=267.2 kf_vx=-0.00 pending=1079 confirmed=True holding=False
[INFO] [1788861065.754916522] [tracking_pick_node]: class=pet_labeled conf=0.97 anchor=(274.8,624.1) kf_x=267.2 kf_vx=-0.00 pending=1080 confirmed=True holding=False
[INFO] [1788861065.891375705] [tracking_pick_node]: class=pet_labeled conf=0.97 anchor=(275.0,624.0) kf_x=267.2 kf_vx=-0.00 pending=1081 confirmed=True holding=False
[INFO] [1788861066.022939211] [tracking_pick_node]: class=pet_labeled conf=0.97 anchor=(274.9,624.1) kf_x=267.2 kf_vx=-0.00 pending=1082 confirmed=True holding=False
[INFO] [1788861066.156825017] [tracking_pick_node]: class=pet_labeled conf=0.97 anchor=(275.0,624.1) kf_x=267.2 kf_vx=-0.00 pending=1083 confirmed=True holding=False
[INFO] [1788861066.295681089] [tracking_pick_node]: class=pet_labeled conf=0.97 anchor=(274.9,623.9) kf_x=267.2 kf_vx=-0.00 pending=1084 confirmed=True holding=False
[INFO] [1788861066.433440805] [tracking_pick_node]: class=pet_labeled conf=0.97 anchor=(274.9,624.1) kf_x=267.2 kf_vx=-0.00 pending=1085 confirmed=True holding=False
[INFO] [1788861066.555276769] [tracking_pick_node]: class=pet_labeled conf=0.97 anchor=(275.0,624.0) kf_x=267.2 kf_vx=-0.00 pending=1086 confirmed=True holding=False
[INFO] [1788861066.690627829] [tracking_pick_node]: class=pet_labeled conf=0.97 anchor=(275.0,624.1) kf_x=267.2 kf_vx=-0.00 pending=1087 confirmed=True holding=False
[INFO] [1788861066.823212549] [tracking_pick_node]: class=pet_labeled conf=0.97 anchor=(275.0,624.1) kf_x=267.2 kf_vx=-0.00 pending=1088 confirmed=True holding=False
[INFO] [1788861066.954373243] [tracking_pick_node]: class=pet_labeled conf=0.97 anchor=(275.0,624.1) kf_x=267.2 kf_vx=-0.00 pending=1089 confirmed=True holding=False
[INFO] [1788861067.095926751] [tracking_pick_node]: class=pet_labeled conf=0.97 anchor=(274.9,624.0) kf_x=267.2 kf_vx=-0.00 pending=1090 confirmed=True holding=False
[INFO] [1788861067.224867543] [tracking_pick_node]: class=pet_labeled conf=0.97 anchor=(275.0,624.0) kf_x=267.2 kf_vx=-0.00 pending=1091 confirmed=True holding=False
[INFO] [1788861067.357595685] [tracking_pick_node]: class=pet_labeled conf=0.97 anchor=(274.9,624.1) kf_x=267.2 kf_vx=-0.00 pending=1092 confirmed=True holding=False
[INFO] [1788861067.491115815] [tracking_pick_node]: class=pet_labeled conf=0.97 anchor=(274.9,624.1) kf_x=267.2 kf_vx=-0.00 pending=1093 confirmed=True holding=False
[INFO] [1788861067.622933424] [tracking_pick_node]: class=pet_labeled conf=0.97 anchor=(275.0,624.0) kf_x=267.2 kf_vx=-0.00 pending=1094 confirmed=True holding=False
[INFO] [1788861067.755067163] [tracking_pick_node]: class=pet_labeled conf=0.97 anchor=(275.0,624.1) kf_x=267.2 kf_vx=0.00 pending=1095 confirmed=True holding=False
[INFO] [1788861067.892616654] [tracking_pick_node]: class=pet_labeled conf=0.97 anchor=(275.0,624.0) kf_x=267.2 kf_vx=0.00 pending=1096 confirmed=True holding=False
[INFO] [1788861068.022262900] [tracking_pick_node]: class=pet_labeled conf=0.97 anchor=(275.0,624.0) kf_x=267.2 kf_vx=0.00 pending=1097 confirmed=True holding=False
[INFO] [1788861068.156705180] [tracking_pick_node]: class=pet_labeled conf=0.97 anchor=(274.9,624.1) kf_x=267.2 kf_vx=0.00 pending=1098 confirmed=True holding=False
[INFO] [1788861068.290944036] [tracking_pick_node]: class=pet_labeled conf=0.97 anchor=(275.0,624.1) kf_x=267.2 kf_vx=0.00 pending=1099 confirmed=True holding=False
[INFO] [1788861068.424655715] [tracking_pick_node]: class=pet_labeled conf=0.97 anchor=(275.0,624.0) kf_x=267.2 kf_vx=0.00 pending=1100 confirmed=True holding=False
[INFO] [1788861068.555076706] [tracking_pick_node]: class=pet_labeled conf=0.97 anchor=(274.9,624.0) kf_x=267.2 kf_vx=0.00 pending=1101 confirmed=True holding=False
[INFO] [1788861068.691445172] [tracking_pick_node]: class=pet_labeled conf=0.97 anchor=(274.9,624.0) kf_x=267.2 kf_vx=0.00 pending=1102 confirmed=True holding=False
[INFO] [1788861068.824587331] [tracking_pick_node]: class=pet_labeled conf=0.97 anchor=(275.0,624.0) kf_x=267.2 kf_vx=0.00 pending=1103 confirmed=True holding=False
[INFO] [1788861068.957004941] [tracking_pick_node]: class=pet_labeled conf=0.97 anchor=(275.0,624.1) kf_x=267.2 kf_vx=0.00 pending=1104 confirmed=True holding=False
[INFO] [1788861069.094588494] [tracking_pick_node]: class=pet_labeled conf=0.97 anchor=(274.9,624.0) kf_x=267.2 kf_vx=0.00 pending=1105 confirmed=True holding=False
[INFO] [1788861069.223971608] [tracking_pick_node]: class=pet_labeled conf=0.97 anchor=(275.0,624.0) kf_x=267.2 kf_vx=0.00 pending=1106 confirmed=True holding=False
[INFO] [1788861069.360581941] [tracking_pick_node]: class=pet_labeled conf=0.97 anchor=(275.0,624.1) kf_x=267.2 kf_vx=0.00 pending=1107 confirmed=True holding=False
[INFO] [1788861069.493262517] [tracking_pick_node]: class=pet_labeled conf=0.97 anchor=(274.9,624.0) kf_x=267.2 kf_vx=0.00 pending=1108 confirmed=True holding=False
[INFO] [1788861069.623392909] [tracking_pick_node]: class=pet_labeled conf=0.97 anchor=(275.0,623.9) kf_x=267.2 kf_vx=0.00 pending=1109 confirmed=True holding=False
[INFO] [1788861069.755195521] [tracking_pick_node]: class=pet_labeled conf=0.97 anchor=(274.9,624.1) kf_x=267.2 kf_vx=-0.00 pending=1110 confirmed=True holding=False
[INFO] [1788861069.893029730] [tracking_pick_node]: class=pet_labeled conf=0.97 anchor=(274.9,624.1) kf_x=267.2 kf_vx=-0.00 pending=1111 confirmed=True holding=False
[INFO] [1788861070.023724629] [tracking_pick_node]: class=pet_labeled conf=0.97 anchor=(274.9,624.1) kf_x=267.2 kf_vx=-0.00 pending=1112 confirmed=True holding=False
[INFO] [1788861070.156101102] [tracking_pick_node]: class=pet_labeled conf=0.97 anchor=(275.0,624.0) kf_x=267.2 kf_vx=-0.00 pending=1113 confirmed=True holding=False
[INFO] [1788861070.293244276] [tracking_pick_node]: class=pet_labeled conf=0.97 anchor=(275.1,624.0) kf_x=267.2 kf_vx=0.00 pending=1114 confirmed=True holding=False
[INFO] [1788861070.422605952] [tracking_pick_node]: class=pet_labeled conf=0.97 anchor=(274.9,624.0) kf_x=267.2 kf_vx=0.00 pending=1115 confirmed=True holding=False
[INFO] [1788861070.556592724] [tracking_pick_node]: class=pet_labeled conf=0.97 anchor=(275.0,624.1) kf_x=267.2 kf_vx=0.00 pending=1116 confirmed=True holding=False
[INFO] [1788861070.691054728] [tracking_pick_node]: class=pet_labeled conf=0.97 anchor=(274.9,624.0) kf_x=267.2 kf_vx=0.00 pending=1117 confirmed=True holding=False
[INFO] [1788861070.825053740] [tracking_pick_node]: class=pet_labeled conf=0.97 anchor=(275.0,624.1) kf_x=267.2 kf_vx=0.00 pending=1118 confirmed=True holding=False
[INFO] [1788861070.957126707] [tracking_pick_node]: class=pet_labeled conf=0.97 anchor=(274.9,624.1) kf_x=267.2 kf_vx=0.00 pending=1119 confirmed=True holding=False
[INFO] [1788861071.090715899] [tracking_pick_node]: class=pet_labeled conf=0.97 anchor=(274.9,624.1) kf_x=267.2 kf_vx=0.00 pending=1120 confirmed=True holding=False
[INFO] [1788861071.223622438] [tracking_pick_node]: class=pet_labeled conf=0.97 anchor=(275.1,624.0) kf_x=267.2 kf_vx=0.00 pending=1121 confirmed=True holding=False
[INFO] [1788861071.356322081] [tracking_pick_node]: class=pet_labeled conf=0.97 anchor=(274.9,624.0) kf_x=267.2 kf_vx=0.00 pending=1122 confirmed=True holding=False
[INFO] [1788861071.491165156] [tracking_pick_node]: class=pet_labeled conf=0.97 anchor=(274.9,624.0) kf_x=267.2 kf_vx=0.00 pending=1123 confirmed=True holding=False
[INFO] [1788861071.623860920] [tracking_pick_node]: class=pet_labeled conf=0.97 anchor=(274.9,624.1) kf_x=267.2 kf_vx=-0.00 pending=1124 confirmed=True holding=False
[INFO] [1788861071.757168155] [tracking_pick_node]: class=pet_labeled conf=0.97 anchor=(274.9,624.0) kf_x=267.2 kf_vx=-0.00 pending=1125 confirmed=True holding=False
[INFO] [1788861071.892204532] [tracking_pick_node]: class=pet_labeled conf=0.97 anchor=(275.0,624.0) kf_x=267.2 kf_vx=-0.00 pending=1126 confirmed=True holding=False
[INFO] [1788861072.022898404] [tracking_pick_node]: class=pet_labeled conf=0.97 anchor=(274.9,624.1) kf_x=267.2 kf_vx=-0.00 pending=1127 confirmed=True holding=False
[INFO] [1788861072.154984182] [tracking_pick_node]: class=pet_labeled conf=0.97 anchor=(275.0,624.1) kf_x=267.2 kf_vx=-0.00 pending=1128 confirmed=True holding=False
[INFO] [1788861072.291027373] [tracking_pick_node]: class=pet_labeled conf=0.97 anchor=(275.0,624.1) kf_x=267.2 kf_vx=-0.00 pending=1129 confirmed=True holding=False
[INFO] [1788861072.431649639] [tracking_pick_node]: class=pet_labeled conf=0.97 anchor=(274.9,624.0) kf_x=267.2 kf_vx=-0.00 pending=1130 confirmed=True holding=False
[INFO] [1788861072.556465275] [tracking_pick_node]: class=pet_labeled conf=0.97 anchor=(275.0,624.0) kf_x=267.2 kf_vx=-0.00 pending=1131 confirmed=True holding=False
[INFO] [1788861072.691804143] [tracking_pick_node]: class=pet_labeled conf=0.97 anchor=(274.9,624.0) kf_x=267.2 kf_vx=-0.00 pending=1132 confirmed=True holding=False
[INFO] [1788861072.822924101] [tracking_pick_node]: class=pet_labeled conf=0.97 anchor=(274.9,624.0) kf_x=267.2 kf_vx=-0.00 pending=1133 confirmed=True holding=False
[INFO] [1788861072.955161149] [tracking_pick_node]: class=pet_labeled conf=0.97 anchor=(274.9,624.1) kf_x=267.2 kf_vx=-0.00 pending=1134 confirmed=True holding=False
[INFO] [1788861073.090588701] [tracking_pick_node]: class=pet_labeled conf=0.97 anchor=(275.0,624.0) kf_x=267.2 kf_vx=-0.00 pending=1135 confirmed=True holding=False
[INFO] [1788861073.224831930] [tracking_pick_node]: class=pet_labeled conf=0.97 anchor=(275.0,624.0) kf_x=267.2 kf_vx=0.00 pending=1136 confirmed=True holding=False
[INFO] [1788861073.357569753] [tracking_pick_node]: class=pet_labeled conf=0.97 anchor=(275.0,624.2) kf_x=267.2 kf_vx=0.00 pending=1137 confirmed=True holding=False
[INFO] [1788861073.491434865] [tracking_pick_node]: class=pet_labeled conf=0.97 anchor=(275.0,623.9) kf_x=267.2 kf_vx=0.00 pending=1138 confirmed=True holding=False
[INFO] [1788861073.623010800] [tracking_pick_node]: class=pet_labeled conf=0.97 anchor=(275.0,624.0) kf_x=267.2 kf_vx=0.00 pending=1139 confirmed=True holding=False
[INFO] [1788861073.755336718] [tracking_pick_node]: class=pet_labeled conf=0.97 anchor=(275.0,623.9) kf_x=267.2 kf_vx=0.00 pending=1140 confirmed=True holding=False
[INFO] [1788861073.890940964] [tracking_pick_node]: class=pet_labeled conf=0.97 anchor=(274.8,624.0) kf_x=267.2 kf_vx=0.00 pending=1141 confirmed=True holding=False
[INFO] [1788861074.024561609] [tracking_pick_node]: class=pet_labeled conf=0.97 anchor=(275.0,624.1) kf_x=267.2 kf_vx=0.00 pending=1142 confirmed=True holding=False
[INFO] [1788861074.155613138] [tracking_pick_node]: class=pet_labeled conf=0.97 anchor=(274.9,624.0) kf_x=267.2 kf_vx=-0.00 pending=1143 confirmed=True holding=False
[INFO] [1788861074.291258861] [tracking_pick_node]: class=pet_labeled conf=0.97 anchor=(275.0,624.0) kf_x=267.2 kf_vx=0.00 pending=1144 confirmed=True holding=False
[INFO] [1788861074.423681923] [tracking_pick_node]: class=pet_labeled conf=0.97 anchor=(275.0,624.0) kf_x=267.2 kf_vx=0.00 pending=1145 confirmed=True holding=False
[INFO] [1788861074.554458115] [tracking_pick_node]: class=pet_labeled conf=0.97 anchor=(274.9,624.0) kf_x=267.2 kf_vx=-0.00 pending=1146 confirmed=True holding=False
[INFO] [1788861074.691921617] [tracking_pick_node]: class=pet_labeled conf=0.97 anchor=(275.0,624.0) kf_x=267.2 kf_vx=0.00 pending=1147 confirmed=True holding=False
[INFO] [1788861074.824072236] [tracking_pick_node]: class=pet_labeled conf=0.97 anchor=(275.0,624.1) kf_x=267.2 kf_vx=0.00 pending=1148 confirmed=True holding=False
[INFO] [1788861074.955098219] [tracking_pick_node]: class=pet_labeled conf=0.97 anchor=(275.0,624.0) kf_x=267.2 kf_vx=0.00 pending=1149 confirmed=True holding=False
[INFO] [1788861075.092977462] [tracking_pick_node]: class=pet_labeled conf=0.97 anchor=(275.0,624.0) kf_x=267.2 kf_vx=0.00 pending=1150 confirmed=True holding=False
[INFO] [1788861075.222804114] [tracking_pick_node]: class=pet_labeled conf=0.97 anchor=(275.0,624.2) kf_x=267.2 kf_vx=0.00 pending=1151 confirmed=True holding=False
[INFO] [1788861075.355601689] [tracking_pick_node]: class=pet_labeled conf=0.97 anchor=(275.0,624.0) kf_x=267.3 kf_vx=0.00 pending=1152 confirmed=True holding=False
[INFO] [1788861075.490855137] [tracking_pick_node]: class=pet_labeled conf=0.97 anchor=(275.0,624.0) kf_x=267.3 kf_vx=0.00 pending=1153 confirmed=True holding=False
[INFO] [1788861075.623067736] [tracking_pick_node]: class=pet_labeled conf=0.97 anchor=(275.0,624.1) kf_x=267.3 kf_vx=0.00 pending=1154 confirmed=True holding=False
[INFO] [1788861075.758031495] [tracking_pick_node]: class=pet_labeled conf=0.97 anchor=(274.9,624.0) kf_x=267.2 kf_vx=0.00 pending=1155 confirmed=True holding=False
[INFO] [1788861075.892472479] [tracking_pick_node]: class=pet_labeled conf=0.97 anchor=(274.9,624.0) kf_x=267.2 kf_vx=0.00 pending=1156 confirmed=True holding=False
[INFO] [1788861076.023352862] [tracking_pick_node]: class=pet_labeled conf=0.97 anchor=(274.9,624.1) kf_x=267.2 kf_vx=0.00 pending=1157 confirmed=True holding=False
[INFO] [1788861076.157348187] [tracking_pick_node]: class=pet_labeled conf=0.97 anchor=(275.0,624.0) kf_x=267.2 kf_vx=0.00 pending=1158 confirmed=True holding=False
[INFO] [1788861076.297377379] [tracking_pick_node]: class=pet_labeled conf=0.97 anchor=(275.0,624.1) kf_x=267.2 kf_vx=0.00 pending=1159 confirmed=True holding=False
[INFO] [1788861076.423271707] [tracking_pick_node]: class=pet_labeled conf=0.97 anchor=(274.9,624.2) kf_x=267.2 kf_vx=0.00 pending=1160 confirmed=True holding=False
[INFO] [1788861076.555697788] [tracking_pick_node]: class=pet_labeled conf=0.97 anchor=(274.9,624.0) kf_x=267.2 kf_vx=0.00 pending=1161 confirmed=True holding=False
[INFO] [1788861076.692465830] [tracking_pick_node]: class=pet_labeled conf=0.97 anchor=(275.0,624.1) kf_x=267.2 kf_vx=0.00 pending=1162 confirmed=True holding=False
[INFO] [1788861076.823749409] [tracking_pick_node]: class=pet_labeled conf=0.97 anchor=(275.0,624.0) kf_x=267.2 kf_vx=0.00 pending=1163 confirmed=True holding=False
[INFO] [1788861076.955732199] [tracking_pick_node]: class=pet_labeled conf=0.97 anchor=(275.0,624.1) kf_x=267.2 kf_vx=0.00 pending=1164 confirmed=True holding=False
[INFO] [1788861077.091090618] [tracking_pick_node]: class=pet_labeled conf=0.97 anchor=(275.0,624.0) kf_x=267.2 kf_vx=0.00 pending=1165 confirmed=True holding=False
[INFO] [1788861077.222777980] [tracking_pick_node]: class=pet_labeled conf=0.97 anchor=(274.9,624.0) kf_x=267.2 kf_vx=0.00 pending=1166 confirmed=True holding=False
[INFO] [1788861077.356695758] [tracking_pick_node]: class=pet_labeled conf=0.97 anchor=(274.9,624.0) kf_x=267.2 kf_vx=-0.00 pending=1167 confirmed=True holding=False
[INFO] [1788861077.493624515] [tracking_pick_node]: class=pet_labeled conf=0.97 anchor=(274.9,624.0) kf_x=267.2 kf_vx=-0.00 pending=1168 confirmed=True holding=False
[INFO] [1788861077.626070191] [tracking_pick_node]: class=pet_labeled conf=0.97 anchor=(275.0,624.1) kf_x=267.2 kf_vx=-0.00 pending=1169 confirmed=True holding=False
[INFO] [1788861077.756500005] [tracking_pick_node]: class=pet_labeled conf=0.97 anchor=(275.0,624.0) kf_x=267.2 kf_vx=-0.00 pending=1170 confirmed=True holding=False
[INFO] [1788861077.891200429] [tracking_pick_node]: class=pet_labeled conf=0.97 anchor=(274.9,624.0) kf_x=267.2 kf_vx=-0.00 pending=1171 confirmed=True holding=False
[INFO] [1788861078.023007444] [tracking_pick_node]: class=pet_labeled conf=0.97 anchor=(274.9,623.9) kf_x=267.2 kf_vx=-0.00 pending=1172 confirmed=True holding=False
[INFO] [1788861078.155461577] [tracking_pick_node]: class=pet_labeled conf=0.97 anchor=(274.9,624.0) kf_x=267.2 kf_vx=-0.00 pending=1173 confirmed=True holding=False
[INFO] [1788861078.291427052] [tracking_pick_node]: class=pet_labeled conf=0.97 anchor=(274.9,624.1) kf_x=267.2 kf_vx=-0.00 pending=1174 confirmed=True holding=False
[INFO] [1788861078.423705234] [tracking_pick_node]: class=pet_labeled conf=0.97 anchor=(274.9,624.1) kf_x=267.2 kf_vx=-0.00 pending=1175 confirmed=True holding=False
[INFO] [1788861078.555849394] [tracking_pick_node]: class=pet_labeled conf=0.97 anchor=(275.0,624.0) kf_x=267.2 kf_vx=-0.00 pending=1176 confirmed=True holding=False
[INFO] [1788861078.690963995] [tracking_pick_node]: class=pet_labeled conf=0.97 anchor=(274.9,624.0) kf_x=267.2 kf_vx=-0.00 pending=1177 confirmed=True holding=False
[INFO] [1788861078.822752955] [tracking_pick_node]: class=pet_labeled conf=0.97 anchor=(275.0,624.0) kf_x=267.2 kf_vx=-0.00 pending=1178 confirmed=True holding=False
[INFO] [1788861078.958667627] [tracking_pick_node]: class=pet_labeled conf=0.97 anchor=(274.9,624.1) kf_x=267.2 kf_vx=-0.00 pending=1179 confirmed=True holding=False
[INFO] [1788861079.088516490] [tracking_pick_node]: class=pet_labeled conf=0.97 anchor=(274.9,624.0) kf_x=267.2 kf_vx=-0.00 pending=1180 confirmed=True holding=False
[INFO] [1788861079.228765155] [tracking_pick_node]: class=pet_labeled conf=0.97 anchor=(274.9,624.0) kf_x=267.2 kf_vx=-0.00 pending=1181 confirmed=True holding=False
[INFO] [1788861079.359256059] [tracking_pick_node]: class=pet_labeled conf=0.97 anchor=(275.0,624.0) kf_x=267.2 kf_vx=-0.00 pending=1182 confirmed=True holding=False
[INFO] [1788861079.487466280] [tracking_pick_node]: class=pet_labeled conf=0.97 anchor=(275.0,624.0) kf_x=267.2 kf_vx=-0.00 pending=1183 confirmed=True holding=False
[INFO] [1788861079.623702331] [tracking_pick_node]: class=pet_labeled conf=0.97 anchor=(274.9,624.0) kf_x=267.2 kf_vx=-0.00 pending=1184 confirmed=True holding=False
[INFO] [1788861079.755932218] [tracking_pick_node]: class=pet_labeled conf=0.97 anchor=(274.9,624.1) kf_x=267.2 kf_vx=-0.00 pending=1185 confirmed=True holding=False
[INFO] [1788861079.888473699] [tracking_pick_node]: class=pet_labeled conf=0.97 anchor=(274.9,624.1) kf_x=267.2 kf_vx=-0.00 pending=1186 confirmed=True holding=False
[INFO] [1788861080.030420814] [tracking_pick_node]: class=pet_labeled conf=0.97 anchor=(274.9,624.0) kf_x=267.2 kf_vx=-0.00 pending=1187 confirmed=True holding=False
[INFO] [1788861080.155031445] [tracking_pick_node]: class=pet_labeled conf=0.97 anchor=(274.9,624.1) kf_x=267.2 kf_vx=-0.00 pending=1188 confirmed=True holding=False
[INFO] [1788861080.287179616] [tracking_pick_node]: class=pet_labeled conf=0.97 anchor=(275.0,624.1) kf_x=267.2 kf_vx=-0.00 pending=1189 confirmed=True holding=False
[INFO] [1788861080.423352406] [tracking_pick_node]: class=pet_labeled conf=0.97 anchor=(275.0,624.1) kf_x=267.2 kf_vx=-0.00 pending=1190 confirmed=True holding=False
[INFO] [1788861080.558566915] [tracking_pick_node]: class=pet_labeled conf=0.97 anchor=(275.0,624.1) kf_x=267.2 kf_vx=-0.00 pending=1191 confirmed=True holding=False
[INFO] [1788861080.688116424] [tracking_pick_node]: class=pet_labeled conf=0.97 anchor=(275.0,624.1) kf_x=267.2 kf_vx=0.00 pending=1192 confirmed=True holding=False
[INFO] [1788861080.823179236] [tracking_pick_node]: class=pet_labeled conf=0.97 anchor=(275.0,624.0) kf_x=267.2 kf_vx=0.00 pending=1193 confirmed=True holding=False
[INFO] [1788861080.958026417] [tracking_pick_node]: class=pet_labeled conf=0.97 anchor=(274.9,624.0) kf_x=267.2 kf_vx=0.00 pending=1194 confirmed=True holding=False
[INFO] [1788861081.087869519] [tracking_pick_node]: class=pet_labeled conf=0.97 anchor=(275.0,624.1) kf_x=267.2 kf_vx=0.00 pending=1195 confirmed=True holding=False
[INFO] [1788861081.223282797] [tracking_pick_node]: class=pet_labeled conf=0.97 anchor=(275.0,624.0) kf_x=267.2 kf_vx=0.00 pending=1196 confirmed=True holding=False
[INFO] [1788861081.356614535] [tracking_pick_node]: class=pet_labeled conf=0.97 anchor=(274.9,624.0) kf_x=267.2 kf_vx=0.00 pending=1197 confirmed=True holding=False
[INFO] [1788861081.486774685] [tracking_pick_node]: class=pet_labeled conf=0.97 anchor=(275.0,624.0) kf_x=267.2 kf_vx=0.00 pending=1198 confirmed=True holding=False
[INFO] [1788861081.630404953] [tracking_pick_node]: class=pet_labeled conf=0.97 anchor=(275.0,624.0) kf_x=267.2 kf_vx=0.00 pending=1199 confirmed=True holding=False
[INFO] [1788861081.755386312] [tracking_pick_node]: class=pet_labeled conf=0.97 anchor=(274.9,624.1) kf_x=267.2 kf_vx=0.00 pending=1200 confirmed=True holding=False
[INFO] [1788861081.888003405] [tracking_pick_node]: class=pet_labeled conf=0.97 anchor=(274.9,624.2) kf_x=267.2 kf_vx=0.00 pending=1201 confirmed=True holding=False
[INFO] [1788861082.029238349] [tracking_pick_node]: class=pet_labeled conf=0.97 anchor=(274.9,624.1) kf_x=267.2 kf_vx=0.00 pending=1202 confirmed=True holding=False
[INFO] [1788861082.156338806] [tracking_pick_node]: class=pet_labeled conf=0.97 anchor=(274.9,624.0) kf_x=267.2 kf_vx=0.00 pending=1203 confirmed=True holding=False
[INFO] [1788861082.286941539] [tracking_pick_node]: class=pet_labeled conf=0.97 anchor=(274.9,624.1) kf_x=267.2 kf_vx=-0.00 pending=1204 confirmed=True holding=False
[INFO] [1788861082.422959719] [tracking_pick_node]: class=pet_labeled conf=0.97 anchor=(275.0,624.0) kf_x=267.2 kf_vx=-0.00 pending=1205 confirmed=True holding=False
[INFO] [1788861082.559482093] [tracking_pick_node]: class=pet_labeled conf=0.97 anchor=(274.9,624.1) kf_x=267.2 kf_vx=-0.00 pending=1206 confirmed=True holding=False
[INFO] [1788861082.687664104] [tracking_pick_node]: class=pet_labeled conf=0.97 anchor=(274.9,624.0) kf_x=267.2 kf_vx=-0.00 pending=1207 confirmed=True holding=False
[INFO] [1788861082.828114650] [tracking_pick_node]: class=pet_labeled conf=0.97 anchor=(275.0,624.0) kf_x=267.2 kf_vx=-0.00 pending=1208 confirmed=True holding=False
[INFO] [1788861082.955453424] [tracking_pick_node]: class=pet_labeled conf=0.97 anchor=(275.0,624.0) kf_x=267.2 kf_vx=0.00 pending=1209 confirmed=True holding=False
[INFO] [1788861083.087364499] [tracking_pick_node]: class=pet_labeled conf=0.97 anchor=(275.0,624.0) kf_x=267.2 kf_vx=0.00 pending=1210 confirmed=True holding=False
[INFO] [1788861083.223720072] [tracking_pick_node]: class=pet_labeled conf=0.97 anchor=(275.0,624.1) kf_x=267.2 kf_vx=0.00 pending=1211 confirmed=True holding=False
[INFO] [1788861083.356848076] [tracking_pick_node]: class=pet_labeled conf=0.97 anchor=(275.0,624.0) kf_x=267.2 kf_vx=0.00 pending=1212 confirmed=True holding=False
[INFO] [1788861083.487735826] [tracking_pick_node]: class=pet_labeled conf=0.97 anchor=(275.0,624.0) kf_x=267.2 kf_vx=0.00 pending=1213 confirmed=True holding=False
[INFO] [1788861083.622915065] [tracking_pick_node]: class=pet_labeled conf=0.97 anchor=(275.0,624.1) kf_x=267.2 kf_vx=0.00 pending=1214 confirmed=True holding=False
[INFO] [1788861083.760158052] [tracking_pick_node]: class=pet_labeled conf=0.97 anchor=(275.0,624.1) kf_x=267.3 kf_vx=0.00 pending=1215 confirmed=True holding=False
[INFO] [1788861083.893503578] [tracking_pick_node]: class=pet_labeled conf=0.97 anchor=(275.0,624.1) kf_x=267.3 kf_vx=0.00 pending=1216 confirmed=True holding=False
[INFO] [1788861084.022876933] [tracking_pick_node]: class=pet_labeled conf=0.97 anchor=(274.9,624.1) kf_x=267.3 kf_vx=0.00 pending=1217 confirmed=True holding=False
[INFO] [1788861084.157103643] [tracking_pick_node]: class=pet_labeled conf=0.97 anchor=(274.9,624.1) kf_x=267.3 kf_vx=0.00 pending=1218 confirmed=True holding=False
[INFO] [1788861084.286888737] [tracking_pick_node]: class=pet_labeled conf=0.97 anchor=(275.0,624.1) kf_x=267.3 kf_vx=0.00 pending=1219 confirmed=True holding=False
[INFO] [1788861084.423246824] [tracking_pick_node]: class=pet_labeled conf=0.97 anchor=(275.0,624.1) kf_x=267.3 kf_vx=0.00 pending=1220 confirmed=True holding=False
[INFO] [1788861084.555232858] [tracking_pick_node]: class=pet_labeled conf=0.97 anchor=(275.0,624.0) kf_x=267.3 kf_vx=0.00 pending=1221 confirmed=True holding=False
[INFO] [1788861084.687211516] [tracking_pick_node]: class=pet_labeled conf=0.97 anchor=(274.9,623.9) kf_x=267.2 kf_vx=0.00 pending=1222 confirmed=True holding=False
[INFO] [1788861084.822812664] [tracking_pick_node]: class=pet_labeled conf=0.97 anchor=(274.9,624.0) kf_x=267.2 kf_vx=0.00 pending=1223 confirmed=True holding=False
[INFO] [1788861084.957619212] [tracking_pick_node]: class=pet_labeled conf=0.97 anchor=(274.9,624.1) kf_x=267.2 kf_vx=0.00 pending=1224 confirmed=True holding=False
[INFO] [1788861085.087822798] [tracking_pick_node]: class=pet_labeled conf=0.97 anchor=(274.9,624.1) kf_x=267.2 kf_vx=-0.00 pending=1225 confirmed=True holding=False
[INFO] [1788861085.223733322] [tracking_pick_node]: class=pet_labeled conf=0.97 anchor=(275.0,624.0) kf_x=267.2 kf_vx=-0.00 pending=1226 confirmed=True holding=False
[INFO] [1788861085.360473447] [tracking_pick_node]: class=pet_labeled conf=0.97 anchor=(274.9,624.1) kf_x=267.2 kf_vx=-0.00 pending=1227 confirmed=True holding=False
[INFO] [1788861085.488796452] [tracking_pick_node]: class=pet_labeled conf=0.97 anchor=(274.9,624.0) kf_x=267.2 kf_vx=-0.00 pending=1228 confirmed=True holding=False
[INFO] [1788861085.623804609] [tracking_pick_node]: class=pet_labeled conf=0.97 anchor=(275.0,624.0) kf_x=267.2 kf_vx=-0.00 pending=1229 confirmed=True holding=False
[INFO] [1788861085.758633665] [tracking_pick_node]: class=pet_labeled conf=0.97 anchor=(275.0,624.0) kf_x=267.2 kf_vx=-0.00 pending=1230 confirmed=True holding=False
[INFO] [1788861085.888183273] [tracking_pick_node]: class=pet_labeled conf=0.97 anchor=(274.9,624.0) kf_x=267.2 kf_vx=-0.00 pending=1231 confirmed=True holding=False
[INFO] [1788861086.023743918] [tracking_pick_node]: class=pet_labeled conf=0.97 anchor=(274.9,624.1) kf_x=267.2 kf_vx=-0.00 pending=1232 confirmed=True holding=False
[INFO] [1788861086.156906087] [tracking_pick_node]: class=pet_labeled conf=0.97 anchor=(275.0,624.0) kf_x=267.2 kf_vx=-0.00 pending=1233 confirmed=True holding=False
[INFO] [1788861086.287565754] [tracking_pick_node]: class=pet_labeled conf=0.97 anchor=(275.1,624.1) kf_x=267.2 kf_vx=0.00 pending=1234 confirmed=True holding=False
[INFO] [1788861086.423830004] [tracking_pick_node]: class=pet_labeled conf=0.97 anchor=(275.0,624.1) kf_x=267.2 kf_vx=0.00 pending=1235 confirmed=True holding=False
[INFO] [1788861086.555096725] [tracking_pick_node]: class=pet_labeled conf=0.97 anchor=(275.0,624.0) kf_x=267.2 kf_vx=0.00 pending=1236 confirmed=True holding=False
[INFO] [1788861086.687196875] [tracking_pick_node]: class=pet_labeled conf=0.97 anchor=(274.9,624.0) kf_x=267.2 kf_vx=0.00 pending=1237 confirmed=True holding=False
[INFO] [1788861086.824111845] [tracking_pick_node]: class=pet_labeled conf=0.97 anchor=(275.0,624.0) kf_x=267.2 kf_vx=0.00 pending=1238 confirmed=True holding=False
[INFO] [1788861086.958823384] [tracking_pick_node]: class=pet_labeled conf=0.97 anchor=(275.0,624.0) kf_x=267.2 kf_vx=0.00 pending=1239 confirmed=True holding=False
[INFO] [1788861087.087524145] [tracking_pick_node]: class=pet_labeled conf=0.97 anchor=(274.9,624.0) kf_x=267.2 kf_vx=0.00 pending=1240 confirmed=True holding=False
[INFO] [1788861087.224586892] [tracking_pick_node]: class=pet_labeled conf=0.97 anchor=(275.0,624.0) kf_x=267.2 kf_vx=0.00 pending=1241 confirmed=True holding=False
[INFO] [1788861087.357640121] [tracking_pick_node]: class=pet_labeled conf=0.97 anchor=(274.9,624.1) kf_x=267.2 kf_vx=0.00 pending=1242 confirmed=True holding=False
[INFO] [1788861087.488713381] [tracking_pick_node]: class=pet_labeled conf=0.97 anchor=(275.0,624.2) kf_x=267.2 kf_vx=0.00 pending=1243 confirmed=True holding=False
[INFO] [1788861087.623166607] [tracking_pick_node]: class=pet_labeled conf=0.97 anchor=(275.0,624.1) kf_x=267.2 kf_vx=0.00 pending=1244 confirmed=True holding=False
[INFO] [1788861087.755631381] [tracking_pick_node]: class=pet_labeled conf=0.97 anchor=(274.9,624.1) kf_x=267.2 kf_vx=-0.00 pending=1245 confirmed=True holding=False
[INFO] [1788861087.889426130] [tracking_pick_node]: class=pet_labeled conf=0.97 anchor=(275.0,624.0) kf_x=267.2 kf_vx=-0.00 pending=1246 confirmed=True holding=False
[INFO] [1788861088.023177859] [tracking_pick_node]: class=pet_labeled conf=0.97 anchor=(275.0,624.0) kf_x=267.2 kf_vx=0.00 pending=1247 confirmed=True holding=False
[INFO] [1788861088.155272698] [tracking_pick_node]: class=pet_labeled conf=0.97 anchor=(274.9,624.1) kf_x=267.2 kf_vx=-0.00 pending=1248 confirmed=True holding=False
[INFO] [1788861088.287057819] [tracking_pick_node]: class=pet_labeled conf=0.97 anchor=(275.0,624.1) kf_x=267.2 kf_vx=0.00 pending=1249 confirmed=True holding=False
[INFO] [1788861088.425551711] [tracking_pick_node]: class=pet_labeled conf=0.97 anchor=(274.9,624.1) kf_x=267.2 kf_vx=0.00 pending=1250 confirmed=True holding=False
[INFO] [1788861088.562979490] [tracking_pick_node]: class=pet_labeled conf=0.97 anchor=(274.9,624.0) kf_x=267.2 kf_vx=-0.00 pending=1251 confirmed=True holding=False
[INFO] [1788861088.688722475] [tracking_pick_node]: class=pet_labeled conf=0.97 anchor=(275.0,624.2) kf_x=267.2 kf_vx=0.00 pending=1252 confirmed=True holding=False
[INFO] [1788861088.825316126] [tracking_pick_node]: class=pet_labeled conf=0.97 anchor=(274.8,624.0) kf_x=267.2 kf_vx=-0.00 pending=1253 confirmed=True holding=False
[INFO] [1788861088.954999713] [tracking_pick_node]: class=pet_labeled conf=0.97 anchor=(274.9,624.1) kf_x=267.2 kf_vx=-0.00 pending=1254 confirmed=True holding=False
[INFO] [1788861089.088522607] [tracking_pick_node]: class=pet_labeled conf=0.97 anchor=(275.1,624.0) kf_x=267.2 kf_vx=0.00 pending=1255 confirmed=True holding=False
[INFO] [1788861089.224936577] [tracking_pick_node]: class=pet_labeled conf=0.97 anchor=(275.0,624.0) kf_x=267.2 kf_vx=0.00 pending=1256 confirmed=True holding=False
[INFO] [1788861089.356035449] [tracking_pick_node]: class=pet_labeled conf=0.97 anchor=(274.9,624.1) kf_x=267.2 kf_vx=0.00 pending=1257 confirmed=True holding=False
[INFO] [1788861089.488537972] [tracking_pick_node]: class=pet_labeled conf=0.97 anchor=(274.9,624.1) kf_x=267.2 kf_vx=-0.00 pending=1258 confirmed=True holding=False
[INFO] [1788861089.625309718] [tracking_pick_node]: class=pet_labeled conf=0.97 anchor=(274.9,624.1) kf_x=267.2 kf_vx=-0.00 pending=1259 confirmed=True holding=False
[INFO] [1788861089.757036254] [tracking_pick_node]: class=pet_labeled conf=0.97 anchor=(274.8,624.1) kf_x=267.2 kf_vx=-0.00 pending=1260 confirmed=True holding=False
[INFO] [1788861089.889933295] [tracking_pick_node]: class=pet_labeled conf=0.97 anchor=(275.0,624.1) kf_x=267.2 kf_vx=-0.00 pending=1261 confirmed=True holding=False
[INFO] [1788861090.027871801] [tracking_pick_node]: class=pet_labeled conf=0.97 anchor=(274.9,624.1) kf_x=267.2 kf_vx=-0.00 pending=1262 confirmed=True holding=False
[INFO] [1788861090.155232954] [tracking_pick_node]: class=pet_labeled conf=0.97 anchor=(274.9,624.0) kf_x=267.2 kf_vx=-0.00 pending=1263 confirmed=True holding=False
[INFO] [1788861090.297193587] [tracking_pick_node]: class=pet_labeled conf=0.97 anchor=(275.0,624.1) kf_x=267.2 kf_vx=-0.00 pending=1264 confirmed=True holding=False
[INFO] [1788861090.423799946] [tracking_pick_node]: class=pet_labeled conf=0.97 anchor=(274.9,624.0) kf_x=267.2 kf_vx=-0.00 pending=1265 confirmed=True holding=False
[INFO] [1788861090.556353102] [tracking_pick_node]: class=pet_labeled conf=0.97 anchor=(274.9,624.1) kf_x=267.2 kf_vx=-0.00 pending=1266 confirmed=True holding=False
[INFO] [1788861090.689009476] [tracking_pick_node]: class=pet_labeled conf=0.97 anchor=(275.0,624.1) kf_x=267.2 kf_vx=-0.00 pending=1267 confirmed=True holding=False
[INFO] [1788861090.823313968] [tracking_pick_node]: class=pet_labeled conf=0.97 anchor=(275.0,623.9) kf_x=267.2 kf_vx=-0.00 pending=1268 confirmed=True holding=False
[INFO] [1788861090.957011294] [tracking_pick_node]: class=pet_labeled conf=0.97 anchor=(275.0,624.0) kf_x=267.2 kf_vx=-0.00 pending=1269 confirmed=True holding=False
[INFO] [1788861091.087799324] [tracking_pick_node]: class=pet_labeled conf=0.97 anchor=(274.9,624.1) kf_x=267.2 kf_vx=-0.00 pending=1270 confirmed=True holding=False
[INFO] [1788861091.225120547] [tracking_pick_node]: class=pet_labeled conf=0.97 anchor=(274.9,624.0) kf_x=267.2 kf_vx=-0.00 pending=1271 confirmed=True holding=False
[INFO] [1788861091.354888585] [tracking_pick_node]: class=pet_labeled conf=0.97 anchor=(274.9,624.1) kf_x=267.2 kf_vx=-0.00 pending=1272 confirmed=True holding=False
[INFO] [1788861091.486942972] [tracking_pick_node]: class=pet_labeled conf=0.97 anchor=(274.9,624.1) kf_x=267.2 kf_vx=-0.00 pending=1273 confirmed=True holding=False
[INFO] [1788861091.624120436] [tracking_pick_node]: class=pet_labeled conf=0.97 anchor=(275.0,624.0) kf_x=267.2 kf_vx=-0.00 pending=1274 confirmed=True holding=False
[INFO] [1788861091.755488988] [tracking_pick_node]: class=pet_labeled conf=0.97 anchor=(275.0,624.1) kf_x=267.2 kf_vx=-0.00 pending=1275 confirmed=True holding=False
[INFO] [1788861091.889797346] [tracking_pick_node]: class=pet_labeled conf=0.97 anchor=(274.9,624.0) kf_x=267.2 kf_vx=-0.00 pending=1276 confirmed=True holding=False
[INFO] [1788861092.025039610] [tracking_pick_node]: class=pet_labeled conf=0.97 anchor=(275.0,624.1) kf_x=267.2 kf_vx=-0.00 pending=1277 confirmed=True holding=False
[INFO] [1788861092.155052872] [tracking_pick_node]: class=pet_labeled conf=0.97 anchor=(275.0,624.1) kf_x=267.2 kf_vx=-0.00 pending=1278 confirmed=True holding=False
[INFO] [1788861092.288701025] [tracking_pick_node]: class=pet_labeled conf=0.97 anchor=(275.0,624.1) kf_x=267.2 kf_vx=-0.00 pending=1279 confirmed=True holding=False
[INFO] [1788861092.420783510] [tracking_pick_node]: class=pet_labeled conf=0.97 anchor=(275.0,624.1) kf_x=267.2 kf_vx=0.00 pending=1280 confirmed=True holding=False
[INFO] [1788861092.555195372] [tracking_pick_node]: class=pet_labeled conf=0.97 anchor=(275.0,623.9) kf_x=267.2 kf_vx=0.00 pending=1281 confirmed=True holding=False
[INFO] [1788861092.687303288] [tracking_pick_node]: class=pet_labeled conf=0.97 anchor=(274.9,624.0) kf_x=267.2 kf_vx=-0.00 pending=1282 confirmed=True holding=False
[INFO] [1788861092.820532719] [tracking_pick_node]: class=pet_labeled conf=0.97 anchor=(274.9,624.0) kf_x=267.2 kf_vx=-0.00 pending=1283 confirmed=True holding=False
[INFO] [1788861092.955088816] [tracking_pick_node]: class=pet_labeled conf=0.97 anchor=(274.9,623.9) kf_x=267.2 kf_vx=-0.00 pending=1284 confirmed=True holding=False
[INFO] [1788861093.088480348] [tracking_pick_node]: class=pet_labeled conf=0.97 anchor=(275.0,624.0) kf_x=267.2 kf_vx=-0.00 pending=1285 confirmed=True holding=False
[INFO] [1788861093.224332280] [tracking_pick_node]: class=pet_labeled conf=0.97 anchor=(274.9,624.0) kf_x=267.2 kf_vx=-0.00 pending=1286 confirmed=True holding=False
[INFO] [1788861093.355916147] [tracking_pick_node]: class=pet_labeled conf=0.97 anchor=(274.9,624.1) kf_x=267.2 kf_vx=-0.00 pending=1287 confirmed=True holding=False
[INFO] [1788861093.487340591] [tracking_pick_node]: class=pet_labeled conf=0.97 anchor=(274.9,624.1) kf_x=267.2 kf_vx=-0.00 pending=1288 confirmed=True holding=False
[INFO] [1788861093.619429301] [tracking_pick_node]: class=pet_labeled conf=0.97 anchor=(275.0,624.0) kf_x=267.2 kf_vx=-0.00 pending=1289 confirmed=True holding=False
[INFO] [1788861093.756615555] [tracking_pick_node]: class=pet_labeled conf=0.97 anchor=(274.9,624.1) kf_x=267.2 kf_vx=-0.00 pending=1290 confirmed=True holding=False
[INFO] [1788861093.887626826] [tracking_pick_node]: class=pet_labeled conf=0.97 anchor=(274.9,624.0) kf_x=267.2 kf_vx=-0.00 pending=1291 confirmed=True holding=False
[INFO] [1788861094.021152077] [tracking_pick_node]: class=pet_labeled conf=0.97 anchor=(274.9,624.1) kf_x=267.2 kf_vx=-0.00 pending=1292 confirmed=True holding=False
[INFO] [1788861094.157235197] [tracking_pick_node]: class=pet_labeled conf=0.97 anchor=(274.9,624.0) kf_x=267.2 kf_vx=-0.00 pending=1293 confirmed=True holding=False
[INFO] [1788861094.287657096] [tracking_pick_node]: class=pet_labeled conf=0.97 anchor=(275.0,624.1) kf_x=267.2 kf_vx=-0.00 pending=1294 confirmed=True holding=False
[INFO] [1788861094.420122194] [tracking_pick_node]: class=pet_labeled conf=0.97 anchor=(274.9,624.1) kf_x=267.2 kf_vx=-0.00 pending=1295 confirmed=True holding=False
[INFO] [1788861094.559152121] [tracking_pick_node]: class=pet_labeled conf=0.97 anchor=(274.9,624.0) kf_x=267.2 kf_vx=-0.00 pending=1296 confirmed=True holding=False
[INFO] [1788861094.690252285] [tracking_pick_node]: class=pet_labeled conf=0.97 anchor=(275.0,624.1) kf_x=267.2 kf_vx=-0.00 pending=1297 confirmed=True holding=False
[INFO] [1788861094.819666181] [tracking_pick_node]: class=pet_labeled conf=0.97 anchor=(275.0,624.0) kf_x=267.2 kf_vx=-0.00 pending=1298 confirmed=True holding=False
[INFO] [1788861094.959324537] [tracking_pick_node]: class=pet_labeled conf=0.97 anchor=(275.0,624.2) kf_x=267.2 kf_vx=-0.00 pending=1299 confirmed=True holding=False
[INFO] [1788861095.088918843] [tracking_pick_node]: class=pet_labeled conf=0.97 anchor=(275.0,624.0) kf_x=267.2 kf_vx=-0.00 pending=1300 confirmed=True holding=False
[INFO] [1788861095.221009490] [tracking_pick_node]: class=pet_labeled conf=0.97 anchor=(274.9,624.0) kf_x=267.2 kf_vx=-0.00 pending=1301 confirmed=True holding=False
[INFO] [1788861095.357697602] [tracking_pick_node]: class=pet_labeled conf=0.97 anchor=(274.9,624.0) kf_x=267.2 kf_vx=-0.00 pending=1302 confirmed=True holding=False
[INFO] [1788861095.487165490] [tracking_pick_node]: class=pet_labeled conf=0.97 anchor=(275.1,624.0) kf_x=267.2 kf_vx=0.00 pending=1303 confirmed=True holding=False
[INFO] [1788861095.619927822] [tracking_pick_node]: class=pet_labeled conf=0.97 anchor=(275.0,624.1) kf_x=267.2 kf_vx=0.00 pending=1304 confirmed=True holding=False
[INFO] [1788861095.756783240] [tracking_pick_node]: class=pet_labeled conf=0.97 anchor=(274.9,624.0) kf_x=267.2 kf_vx=0.00 pending=1305 confirmed=True holding=False
[INFO] [1788861095.887172090] [tracking_pick_node]: class=pet_labeled conf=0.97 anchor=(274.9,623.9) kf_x=267.2 kf_vx=-0.00 pending=1306 confirmed=True holding=False
[INFO] [1788861096.019971217] [tracking_pick_node]: class=pet_labeled conf=0.97 anchor=(275.0,624.1) kf_x=267.2 kf_vx=0.00 pending=1307 confirmed=True holding=False
[INFO] [1788861096.156356010] [tracking_pick_node]: class=pet_labeled conf=0.97 anchor=(275.0,624.1) kf_x=267.2 kf_vx=0.00 pending=1308 confirmed=True holding=False
[INFO] [1788861096.287054810] [tracking_pick_node]: class=pet_labeled conf=0.97 anchor=(274.9,624.0) kf_x=267.2 kf_vx=0.00 pending=1309 confirmed=True holding=False
[INFO] [1788861096.420526460] [tracking_pick_node]: class=pet_labeled conf=0.97 anchor=(275.0,624.0) kf_x=267.2 kf_vx=0.00 pending=1310 confirmed=True holding=False
[INFO] [1788861096.556594935] [tracking_pick_node]: class=pet_labeled conf=0.97 anchor=(274.9,623.9) kf_x=267.2 kf_vx=0.00 pending=1311 confirmed=True holding=False
[INFO] [1788861096.687551399] [tracking_pick_node]: class=pet_labeled conf=0.97 anchor=(275.1,624.1) kf_x=267.2 kf_vx=0.00 pending=1312 confirmed=True holding=False
[INFO] [1788861096.820065027] [tracking_pick_node]: class=pet_labeled conf=0.97 anchor=(274.8,624.0) kf_x=267.2 kf_vx=0.00 pending=1313 confirmed=True holding=False
[INFO] [1788861096.958372435] [tracking_pick_node]: class=pet_labeled conf=0.97 anchor=(275.0,624.1) kf_x=267.2 kf_vx=0.00 pending=1314 confirmed=True holding=False
[INFO] [1788861097.087943269] [tracking_pick_node]: class=pet_labeled conf=0.97 anchor=(274.9,624.0) kf_x=267.2 kf_vx=0.00 pending=1315 confirmed=True holding=False
[INFO] [1788861097.228902244] [tracking_pick_node]: class=pet_labeled conf=0.97 anchor=(275.0,624.1) kf_x=267.2 kf_vx=0.00 pending=1316 confirmed=True holding=False
[INFO] [1788861097.357219526] [tracking_pick_node]: class=pet_labeled conf=0.97 anchor=(274.9,624.1) kf_x=267.2 kf_vx=0.00 pending=1317 confirmed=True holding=False
[INFO] [1788861097.490661643] [tracking_pick_node]: class=pet_labeled conf=0.97 anchor=(275.0,624.0) kf_x=267.2 kf_vx=0.00 pending=1318 confirmed=True holding=False
[INFO] [1788861097.619637975] [tracking_pick_node]: class=pet_labeled conf=0.97 anchor=(274.9,624.1) kf_x=267.2 kf_vx=0.00 pending=1319 confirmed=True holding=False
[INFO] [1788861097.757233970] [tracking_pick_node]: class=pet_labeled conf=0.97 anchor=(274.9,624.1) kf_x=267.2 kf_vx=0.00 pending=1320 confirmed=True holding=False
[INFO] [1788861097.888604484] [tracking_pick_node]: class=pet_labeled conf=0.97 anchor=(274.9,624.0) kf_x=267.2 kf_vx=0.00 pending=1321 confirmed=True holding=False
[INFO] [1788861098.020100321] [tracking_pick_node]: class=pet_labeled conf=0.97 anchor=(275.0,624.1) kf_x=267.2 kf_vx=0.00 pending=1322 confirmed=True holding=False
[INFO] [1788861098.156371288] [tracking_pick_node]: class=pet_labeled conf=0.97 anchor=(274.9,624.1) kf_x=267.2 kf_vx=0.00 pending=1323 confirmed=True holding=False
[INFO] [1788861098.288948380] [tracking_pick_node]: class=pet_labeled conf=0.97 anchor=(274.9,624.2) kf_x=267.2 kf_vx=0.00 pending=1324 confirmed=True holding=False
[INFO] [1788861098.423744873] [tracking_pick_node]: class=pet_labeled conf=0.97 anchor=(274.9,624.0) kf_x=267.2 kf_vx=-0.00 pending=1325 confirmed=True holding=False
[INFO] [1788861098.555352214] [tracking_pick_node]: class=pet_labeled conf=0.97 anchor=(274.8,624.1) kf_x=267.2 kf_vx=-0.00 pending=1326 confirmed=True holding=False
[INFO] [1788861098.688194176] [tracking_pick_node]: class=pet_labeled conf=0.97 anchor=(274.9,624.1) kf_x=267.2 kf_vx=-0.00 pending=1327 confirmed=True holding=False
[INFO] [1788861098.819234490] [tracking_pick_node]: class=pet_labeled conf=0.97 anchor=(274.9,624.1) kf_x=267.2 kf_vx=-0.00 pending=1328 confirmed=True holding=False
[INFO] [1788861098.955067347] [tracking_pick_node]: class=pet_labeled conf=0.97 anchor=(275.0,624.0) kf_x=267.2 kf_vx=-0.00 pending=1329 confirmed=True holding=False
[INFO] [1788861099.087443309] [tracking_pick_node]: class=pet_labeled conf=0.97 anchor=(274.9,624.1) kf_x=267.2 kf_vx=-0.00 pending=1330 confirmed=True holding=False
[INFO] [1788861099.219406463] [tracking_pick_node]: class=pet_labeled conf=0.97 anchor=(274.9,624.1) kf_x=267.2 kf_vx=-0.00 pending=1331 confirmed=True holding=False
[INFO] [1788861099.360260790] [tracking_pick_node]: class=pet_labeled conf=0.97 anchor=(274.9,624.1) kf_x=267.2 kf_vx=-0.00 pending=1332 confirmed=True holding=False
[INFO] [1788861099.492193433] [tracking_pick_node]: class=pet_labeled conf=0.97 anchor=(275.0,624.1) kf_x=267.2 kf_vx=-0.00 pending=1333 confirmed=True holding=False
[INFO] [1788861099.619341348] [tracking_pick_node]: class=pet_labeled conf=0.97 anchor=(274.8,624.1) kf_x=267.2 kf_vx=-0.00 pending=1334 confirmed=True holding=False
[INFO] [1788861099.755316782] [tracking_pick_node]: class=pet_labeled conf=0.97 anchor=(274.9,624.0) kf_x=267.2 kf_vx=-0.00 pending=1335 confirmed=True holding=False
[INFO] [1788861099.888615952] [tracking_pick_node]: class=pet_labeled conf=0.97 anchor=(274.9,624.0) kf_x=267.2 kf_vx=-0.00 pending=1336 confirmed=True holding=False
[INFO] [1788861100.021274220] [tracking_pick_node]: class=pet_labeled conf=0.97 anchor=(275.0,624.0) kf_x=267.2 kf_vx=-0.00 pending=1337 confirmed=True holding=False
[INFO] [1788861100.158130738] [tracking_pick_node]: class=pet_labeled conf=0.97 anchor=(275.0,624.1) kf_x=267.2 kf_vx=-0.00 pending=1338 confirmed=True holding=False
[INFO] [1788861100.287625565] [tracking_pick_node]: class=pet_labeled conf=0.97 anchor=(275.0,624.1) kf_x=267.2 kf_vx=-0.00 pending=1339 confirmed=True holding=False
[INFO] [1788861100.420858864] [tracking_pick_node]: class=pet_labeled conf=0.97 anchor=(274.9,624.2) kf_x=267.2 kf_vx=-0.00 pending=1340 confirmed=True holding=False
[INFO] [1788861100.556903756] [tracking_pick_node]: class=pet_labeled conf=0.97 anchor=(274.9,624.1) kf_x=267.2 kf_vx=-0.00 pending=1341 confirmed=True holding=False
[INFO] [1788861100.688053080] [tracking_pick_node]: class=pet_labeled conf=0.97 anchor=(274.9,624.1) kf_x=267.2 kf_vx=-0.00 pending=1342 confirmed=True holding=False
[INFO] [1788861100.819086853] [tracking_pick_node]: class=pet_labeled conf=0.97 anchor=(274.9,624.0) kf_x=267.2 kf_vx=-0.00 pending=1343 confirmed=True holding=False
[INFO] [1788861100.956962325] [tracking_pick_node]: class=pet_labeled conf=0.97 anchor=(274.9,624.1) kf_x=267.2 kf_vx=-0.00 pending=1344 confirmed=True holding=False
[INFO] [1788861101.087623322] [tracking_pick_node]: class=pet_labeled conf=0.97 anchor=(274.9,624.0) kf_x=267.2 kf_vx=-0.00 pending=1345 confirmed=True holding=False
[INFO] [1788861101.220392975] [tracking_pick_node]: class=pet_labeled conf=0.97 anchor=(275.0,624.1) kf_x=267.2 kf_vx=-0.00 pending=1346 confirmed=True holding=False
[INFO] [1788861101.355937141] [tracking_pick_node]: class=pet_labeled conf=0.97 anchor=(274.9,624.1) kf_x=267.2 kf_vx=-0.00 pending=1347 confirmed=True holding=False
[INFO] [1788861101.491539286] [tracking_pick_node]: class=pet_labeled conf=0.97 anchor=(274.9,624.1) kf_x=267.2 kf_vx=-0.00 pending=1348 confirmed=True holding=False
[INFO] [1788861101.619161119] [tracking_pick_node]: class=pet_labeled conf=0.97 anchor=(274.9,624.0) kf_x=267.2 kf_vx=-0.00 pending=1349 confirmed=True holding=False
[INFO] [1788861101.756162120] [tracking_pick_node]: class=pet_labeled conf=0.97 anchor=(274.9,624.1) kf_x=267.2 kf_vx=-0.00 pending=1350 confirmed=True holding=False
[INFO] [1788861101.897794485] [tracking_pick_node]: class=pet_labeled conf=0.97 anchor=(275.0,624.0) kf_x=267.2 kf_vx=-0.00 pending=1351 confirmed=True holding=False
[INFO] [1788861102.020385942] [tracking_pick_node]: class=pet_labeled conf=0.97 anchor=(274.8,624.0) kf_x=267.2 kf_vx=-0.00 pending=1352 confirmed=True holding=False
[INFO] [1788861102.156051686] [tracking_pick_node]: class=pet_labeled conf=0.97 anchor=(274.9,624.1) kf_x=267.2 kf_vx=-0.00 pending=1353 confirmed=True holding=False
[INFO] [1788861102.288031312] [tracking_pick_node]: class=pet_labeled conf=0.97 anchor=(274.9,624.1) kf_x=267.2 kf_vx=-0.00 pending=1354 confirmed=True holding=False
[INFO] [1788861102.419188396] [tracking_pick_node]: class=pet_labeled conf=0.97 anchor=(274.9,624.1) kf_x=267.2 kf_vx=-0.00 pending=1355 confirmed=True holding=False
[INFO] [1788861102.558918107] [tracking_pick_node]: class=pet_labeled conf=0.97 anchor=(274.9,624.1) kf_x=267.2 kf_vx=-0.00 pending=1356 confirmed=True holding=False
[INFO] [1788861102.687529699] [tracking_pick_node]: class=pet_labeled conf=0.97 anchor=(274.9,624.0) kf_x=267.2 kf_vx=-0.00 pending=1357 confirmed=True holding=False
[INFO] [1788861102.821551138] [tracking_pick_node]: class=pet_labeled conf=0.97 anchor=(275.0,624.0) kf_x=267.2 kf_vx=-0.00 pending=1358 confirmed=True holding=False
[INFO] [1788861102.956198628] [tracking_pick_node]: class=pet_labeled conf=0.97 anchor=(275.0,624.1) kf_x=267.2 kf_vx=-0.00 pending=1359 confirmed=True holding=False
[INFO] [1788861103.089939486] [tracking_pick_node]: class=pet_labeled conf=0.97 anchor=(275.0,624.1) kf_x=267.2 kf_vx=0.00 pending=1360 confirmed=True holding=False
[INFO] [1788861103.220648799] [tracking_pick_node]: class=pet_labeled conf=0.97 anchor=(274.9,624.1) kf_x=267.2 kf_vx=0.00 pending=1361 confirmed=True holding=False
[INFO] [1788861103.356092968] [tracking_pick_node]: class=pet_labeled conf=0.97 anchor=(275.0,624.0) kf_x=267.2 kf_vx=0.00 pending=1362 confirmed=True holding=False
[INFO] [1788861103.487071172] [tracking_pick_node]: class=pet_labeled conf=0.97 anchor=(275.0,624.1) kf_x=267.2 kf_vx=0.00 pending=1363 confirmed=True holding=False
[INFO] [1788861103.622072260] [tracking_pick_node]: class=pet_labeled conf=0.97 anchor=(275.0,624.1) kf_x=267.2 kf_vx=0.00 pending=1364 confirmed=True holding=False
[INFO] [1788861103.757377284] [tracking_pick_node]: class=pet_labeled conf=0.97 anchor=(274.9,624.1) kf_x=267.2 kf_vx=0.00 pending=1365 confirmed=True holding=False
[INFO] [1788861103.889722414] [tracking_pick_node]: class=pet_labeled conf=0.97 anchor=(275.1,624.0) kf_x=267.2 kf_vx=0.00 pending=1366 confirmed=True holding=False
[INFO] [1788861104.020560756] [tracking_pick_node]: class=pet_labeled conf=0.97 anchor=(275.1,624.1) kf_x=267.3 kf_vx=0.01 pending=1367 confirmed=True holding=False
[INFO] [1788861104.156358710] [tracking_pick_node]: class=pet_labeled conf=0.97 anchor=(274.8,624.1) kf_x=267.2 kf_vx=0.00 pending=1368 confirmed=True holding=False
[INFO] [1788861104.287713701] [tracking_pick_node]: class=pet_labeled conf=0.97 anchor=(274.9,624.1) kf_x=267.2 kf_vx=0.00 pending=1369 confirmed=True holding=False
[INFO] [1788861104.419813445] [tracking_pick_node]: class=pet_labeled conf=0.97 anchor=(275.0,624.0) kf_x=267.2 kf_vx=0.00 pending=1370 confirmed=True holding=False
[INFO] [1788861104.557020171] [tracking_pick_node]: class=pet_labeled conf=0.97 anchor=(274.9,624.1) kf_x=267.2 kf_vx=0.00 pending=1371 confirmed=True holding=False
[INFO] [1788861104.692075390] [tracking_pick_node]: class=pet_labeled conf=0.97 anchor=(274.9,623.9) kf_x=267.2 kf_vx=0.00 pending=1372 confirmed=True holding=False
[INFO] [1788861104.819287629] [tracking_pick_node]: class=pet_labeled conf=0.97 anchor=(274.9,624.0) kf_x=267.2 kf_vx=0.00 pending=1373 confirmed=True holding=False
[INFO] [1788861104.955741342] [tracking_pick_node]: class=pet_labeled conf=0.97 anchor=(275.0,624.0) kf_x=267.2 kf_vx=0.00 pending=1374 confirmed=True holding=False
[INFO] [1788861105.089117892] [tracking_pick_node]: class=pet_labeled conf=0.97 anchor=(274.9,624.1) kf_x=267.2 kf_vx=0.00 pending=1375 confirmed=True holding=False
[INFO] [1788861105.225226303] [tracking_pick_node]: class=pet_labeled conf=0.97 anchor=(275.0,624.1) kf_x=267.2 kf_vx=0.00 pending=1376 confirmed=True holding=False
[INFO] [1788861105.357722826] [tracking_pick_node]: class=pet_labeled conf=0.97 anchor=(274.9,624.0) kf_x=267.2 kf_vx=0.00 pending=1377 confirmed=True holding=False
[INFO] [1788861105.489350903] [tracking_pick_node]: class=pet_labeled conf=0.97 anchor=(275.0,624.0) kf_x=267.2 kf_vx=0.00 pending=1378 confirmed=True holding=False
[INFO] [1788861105.624933687] [tracking_pick_node]: class=pet_labeled conf=0.97 anchor=(275.0,624.1) kf_x=267.2 kf_vx=0.00 pending=1379 confirmed=True holding=False
[INFO] [1788861105.753634845] [tracking_pick_node]: class=pet_labeled conf=0.97 anchor=(274.9,624.1) kf_x=267.2 kf_vx=0.00 pending=1380 confirmed=True holding=False
[INFO] [1788861105.887613002] [tracking_pick_node]: class=pet_labeled conf=0.96 anchor=(274.8,624.0) kf_x=267.2 kf_vx=-0.00 pending=1381 confirmed=True holding=False
[INFO] [1788861106.022664781] [tracking_pick_node]: class=pet_labeled conf=0.97 anchor=(274.9,624.2) kf_x=267.2 kf_vx=-0.00 pending=1382 confirmed=True holding=False
[INFO] [1788861106.159837583] [tracking_pick_node]: class=pet_labeled conf=0.97 anchor=(275.0,624.1) kf_x=267.2 kf_vx=-0.00 pending=1383 confirmed=True holding=False
[INFO] [1788861106.290373470] [tracking_pick_node]: class=pet_labeled conf=0.97 anchor=(274.9,624.0) kf_x=267.2 kf_vx=-0.00 pending=1384 confirmed=True holding=False
[INFO] [1788861106.424059632] [tracking_pick_node]: class=pet_labeled conf=0.97 anchor=(275.0,624.1) kf_x=267.2 kf_vx=-0.00 pending=1385 confirmed=True holding=False
[INFO] [1788861106.553072174] [tracking_pick_node]: class=pet_labeled conf=0.97 anchor=(274.9,624.1) kf_x=267.2 kf_vx=-0.00 pending=1386 confirmed=True holding=False
[INFO] [1788861106.689213614] [tracking_pick_node]: class=pet_labeled conf=0.97 anchor=(274.9,624.0) kf_x=267.2 kf_vx=-0.00 pending=1387 confirmed=True holding=False
[INFO] [1788861106.819293651] [tracking_pick_node]: class=pet_labeled conf=0.97 anchor=(274.9,624.1) kf_x=267.2 kf_vx=-0.00 pending=1388 confirmed=True holding=False
[INFO] [1788861106.951060237] [tracking_pick_node]: class=pet_labeled conf=0.97 anchor=(274.9,624.0) kf_x=267.2 kf_vx=-0.00 pending=1389 confirmed=True holding=False
[INFO] [1788861107.088728259] [tracking_pick_node]: class=pet_labeled conf=0.97 anchor=(275.0,624.0) kf_x=267.2 kf_vx=-0.00 pending=1390 confirmed=True holding=False
[INFO] [1788861107.219627734] [tracking_pick_node]: class=pet_labeled conf=0.97 anchor=(274.9,624.1) kf_x=267.2 kf_vx=-0.00 pending=1391 confirmed=True holding=False
[INFO] [1788861107.353080032] [tracking_pick_node]: class=pet_labeled conf=0.97 anchor=(275.0,624.0) kf_x=267.2 kf_vx=-0.00 pending=1392 confirmed=True holding=False
[INFO] [1788861107.489004568] [tracking_pick_node]: class=pet_labeled conf=0.97 anchor=(275.0,624.1) kf_x=267.2 kf_vx=-0.00 pending=1393 confirmed=True holding=False
[INFO] [1788861107.626999237] [tracking_pick_node]: class=pet_labeled conf=0.97 anchor=(274.9,624.0) kf_x=267.2 kf_vx=-0.00 pending=1394 confirmed=True holding=False
[INFO] [1788861107.752002470] [tracking_pick_node]: class=pet_labeled conf=0.97 anchor=(274.9,624.0) kf_x=267.2 kf_vx=-0.00 pending=1395 confirmed=True holding=False
[INFO] [1788861107.888512949] [tracking_pick_node]: class=pet_labeled conf=0.97 anchor=(275.0,624.2) kf_x=267.2 kf_vx=-0.00 pending=1396 confirmed=True holding=False
[INFO] [1788861108.019805451] [tracking_pick_node]: class=pet_labeled conf=0.97 anchor=(275.0,624.1) kf_x=267.2 kf_vx=0.00 pending=1397 confirmed=True holding=False
[INFO] [1788861108.152667061] [tracking_pick_node]: class=pet_labeled conf=0.97 anchor=(274.9,624.0) kf_x=267.2 kf_vx=-0.00 pending=1398 confirmed=True holding=False
[INFO] [1788861108.289206139] [tracking_pick_node]: class=pet_labeled conf=0.97 anchor=(274.9,624.0) kf_x=267.2 kf_vx=-0.00 pending=1399 confirmed=True holding=False
[INFO] [1788861108.420272858] [tracking_pick_node]: class=pet_labeled conf=0.97 anchor=(274.9,624.0) kf_x=267.2 kf_vx=-0.00 pending=1400 confirmed=True holding=False
[INFO] [1788861108.554714071] [tracking_pick_node]: class=pet_labeled conf=0.97 anchor=(274.9,624.0) kf_x=267.2 kf_vx=-0.00 pending=1401 confirmed=True holding=False
[INFO] [1788861108.687952530] [tracking_pick_node]: class=pet_labeled conf=0.97 anchor=(274.9,624.0) kf_x=267.2 kf_vx=-0.00 pending=1402 confirmed=True holding=False
[INFO] [1788861108.820670251] [tracking_pick_node]: class=pet_labeled conf=0.97 anchor=(275.0,624.0) kf_x=267.2 kf_vx=-0.00 pending=1403 confirmed=True holding=False
[INFO] [1788861108.952820129] [tracking_pick_node]: class=pet_labeled conf=0.97 anchor=(275.0,624.1) kf_x=267.2 kf_vx=0.00 pending=1404 confirmed=True holding=False
[INFO] [1788861109.090687480] [tracking_pick_node]: class=pet_labeled conf=0.97 anchor=(275.0,624.0) kf_x=267.2 kf_vx=0.00 pending=1405 confirmed=True holding=False
[INFO] [1788861109.221380099] [tracking_pick_node]: class=pet_labeled conf=0.97 anchor=(275.0,624.1) kf_x=267.2 kf_vx=0.00 pending=1406 confirmed=True holding=False
[INFO] [1788861109.351712244] [tracking_pick_node]: class=pet_labeled conf=0.97 anchor=(275.0,624.1) kf_x=267.2 kf_vx=0.00 pending=1407 confirmed=True holding=False
[INFO] [1788861109.487984241] [tracking_pick_node]: class=pet_labeled conf=0.97 anchor=(275.0,624.1) kf_x=267.2 kf_vx=0.00 pending=1408 confirmed=True holding=False
[INFO] [1788861109.620754217] [tracking_pick_node]: class=pet_labeled conf=0.97 anchor=(274.9,624.1) kf_x=267.2 kf_vx=0.00 pending=1409 confirmed=True holding=False
[INFO] [1788861109.753819320] [tracking_pick_node]: class=pet_labeled conf=0.97 anchor=(274.9,624.2) kf_x=267.2 kf_vx=0.00 pending=1410 confirmed=True holding=False
[INFO] [1788861109.887541444] [tracking_pick_node]: class=pet_labeled conf=0.97 anchor=(274.9,624.1) kf_x=267.2 kf_vx=0.00 pending=1411 confirmed=True holding=False
[INFO] [1788861110.019904717] [tracking_pick_node]: class=pet_labeled conf=0.97 anchor=(275.0,624.1) kf_x=267.2 kf_vx=0.00 pending=1412 confirmed=True holding=False
[INFO] [1788861110.153573276] [tracking_pick_node]: class=pet_labeled conf=0.97 anchor=(274.8,624.1) kf_x=267.2 kf_vx=0.00 pending=1413 confirmed=True holding=False
[INFO] [1788861110.288102260] [tracking_pick_node]: class=pet_labeled conf=0.97 anchor=(274.9,624.0) kf_x=267.2 kf_vx=0.00 pending=1414 confirmed=True holding=False
[INFO] [1788861110.419843373] [tracking_pick_node]: class=pet_labeled conf=0.97 anchor=(275.0,624.0) kf_x=267.2 kf_vx=0.00 pending=1415 confirmed=True holding=False
[INFO] [1788861110.552902841] [tracking_pick_node]: class=pet_labeled conf=0.97 anchor=(275.1,624.1) kf_x=267.2 kf_vx=0.00 pending=1416 confirmed=True holding=False
[INFO] [1788861110.689438215] [tracking_pick_node]: class=pet_labeled conf=0.97 anchor=(274.9,624.0) kf_x=267.2 kf_vx=0.00 pending=1417 confirmed=True holding=False
[INFO] [1788861110.821321701] [tracking_pick_node]: class=pet_labeled conf=0.97 anchor=(274.9,624.0) kf_x=267.2 kf_vx=0.00 pending=1418 confirmed=True holding=False
[INFO] [1788861110.953990819] [tracking_pick_node]: class=pet_labeled conf=0.97 anchor=(275.0,624.1) kf_x=267.2 kf_vx=0.00 pending=1419 confirmed=True holding=False
[INFO] [1788861111.087808182] [tracking_pick_node]: class=pet_labeled conf=0.97 anchor=(275.1,624.2) kf_x=267.2 kf_vx=0.00 pending=1420 confirmed=True holding=False
[INFO] [1788861111.224738535] [tracking_pick_node]: class=pet_labeled conf=0.97 anchor=(274.9,624.1) kf_x=267.2 kf_vx=0.00 pending=1421 confirmed=True holding=False
[INFO] [1788861111.352662032] [tracking_pick_node]: class=pet_labeled conf=0.97 anchor=(275.1,624.0) kf_x=267.3 kf_vx=0.01 pending=1422 confirmed=True holding=False
[INFO] [1788861111.487581223] [tracking_pick_node]: class=pet_labeled conf=0.97 anchor=(274.9,624.0) kf_x=267.2 kf_vx=0.00 pending=1423 confirmed=True holding=False
[INFO] [1788861111.620111899] [tracking_pick_node]: class=pet_labeled conf=0.97 anchor=(275.0,624.0) kf_x=267.3 kf_vx=0.00 pending=1424 confirmed=True holding=False
[INFO] [1788861111.757929244] [tracking_pick_node]: class=pet_labeled conf=0.97 anchor=(274.8,624.0) kf_x=267.2 kf_vx=0.00 pending=1425 confirmed=True holding=False
[INFO] [1788861111.889085120] [tracking_pick_node]: class=pet_labeled conf=0.97 anchor=(274.9,624.0) kf_x=267.2 kf_vx=0.00 pending=1426 confirmed=True holding=False
[INFO] [1788861112.020336783] [tracking_pick_node]: class=pet_labeled conf=0.97 anchor=(275.0,624.1) kf_x=267.2 kf_vx=0.00 pending=1427 confirmed=True holding=False
[INFO] [1788861112.155993468] [tracking_pick_node]: class=pet_labeled conf=0.97 anchor=(274.9,624.1) kf_x=267.2 kf_vx=0.00 pending=1428 confirmed=True holding=False
[INFO] [1788861112.287976130] [tracking_pick_node]: class=pet_labeled conf=0.97 anchor=(275.0,624.1) kf_x=267.2 kf_vx=0.00 pending=1429 confirmed=True holding=False
[INFO] [1788861112.419829076] [tracking_pick_node]: class=pet_labeled conf=0.97 anchor=(274.9,624.1) kf_x=267.2 kf_vx=0.00 pending=1430 confirmed=True holding=False
[INFO] [1788861112.551697270] [tracking_pick_node]: class=pet_labeled conf=0.97 anchor=(275.1,624.1) kf_x=267.3 kf_vx=0.00 pending=1431 confirmed=True holding=False
[INFO] [1788861112.687831547] [tracking_pick_node]: class=pet_labeled conf=0.97 anchor=(275.0,624.2) kf_x=267.3 kf_vx=0.01 pending=1432 confirmed=True holding=False
[INFO] [1788861112.821112291] [tracking_pick_node]: class=pet_labeled conf=0.97 anchor=(275.0,624.1) kf_x=267.3 kf_vx=0.01 pending=1433 confirmed=True holding=False
[INFO] [1788861112.951518568] [tracking_pick_node]: class=pet_labeled conf=0.97 anchor=(275.0,624.0) kf_x=267.3 kf_vx=0.01 pending=1434 confirmed=True holding=False
[INFO] [1788861113.088448917] [tracking_pick_node]: class=pet_labeled conf=0.97 anchor=(274.9,624.0) kf_x=267.3 kf_vx=0.01 pending=1435 confirmed=True holding=False
[INFO] [1788861113.220083775] [tracking_pick_node]: class=pet_labeled conf=0.97 anchor=(275.0,624.0) kf_x=267.3 kf_vx=0.01 pending=1436 confirmed=True holding=False
[INFO] [1788861113.352378672] [tracking_pick_node]: class=pet_labeled conf=0.97 anchor=(275.0,624.1) kf_x=267.3 kf_vx=0.01 pending=1437 confirmed=True holding=False
[INFO] [1788861113.488296839] [tracking_pick_node]: class=pet_labeled conf=0.97 anchor=(275.0,624.0) kf_x=267.3 kf_vx=0.01 pending=1438 confirmed=True holding=False
[INFO] [1788861113.620409848] [tracking_pick_node]: class=pet_labeled conf=0.97 anchor=(274.8,624.1) kf_x=267.3 kf_vx=0.00 pending=1439 confirmed=True holding=False
[INFO] [1788861113.753428129] [tracking_pick_node]: class=pet_labeled conf=0.97 anchor=(274.9,624.0) kf_x=267.2 kf_vx=0.00 pending=1440 confirmed=True holding=False
[INFO] [1788861113.889792801] [tracking_pick_node]: class=pet_labeled conf=0.97 anchor=(274.9,624.1) kf_x=267.2 kf_vx=0.00 pending=1441 confirmed=True holding=False
[INFO] [1788861114.020189891] [tracking_pick_node]: class=pet_labeled conf=0.97 anchor=(274.9,624.1) kf_x=267.2 kf_vx=-0.00 pending=1442 confirmed=True holding=False
[INFO] [1788861114.153381403] [tracking_pick_node]: class=pet_labeled conf=0.97 anchor=(274.9,624.1) kf_x=267.2 kf_vx=-0.00 pending=1443 confirmed=True holding=False
[INFO] [1788861114.288834477] [tracking_pick_node]: class=pet_labeled conf=0.97 anchor=(275.0,624.0) kf_x=267.2 kf_vx=-0.00 pending=1444 confirmed=True holding=False
[INFO] [1788861114.421071375] [tracking_pick_node]: class=pet_labeled conf=0.97 anchor=(275.1,624.1) kf_x=267.2 kf_vx=0.00 pending=1445 confirmed=True holding=False
[INFO] [1788861114.556034549] [tracking_pick_node]: class=pet_labeled conf=0.97 anchor=(275.0,624.1) kf_x=267.3 kf_vx=0.00 pending=1446 confirmed=True holding=False
[INFO] [1788861114.688573195] [tracking_pick_node]: class=pet_labeled conf=0.97 anchor=(275.0,624.1) kf_x=267.3 kf_vx=0.00 pending=1447 confirmed=True holding=False
[INFO] [1788861114.820762831] [tracking_pick_node]: class=pet_labeled conf=0.97 anchor=(275.0,624.0) kf_x=267.3 kf_vx=0.00 pending=1448 confirmed=True holding=False
[INFO] [1788861114.952629557] [tracking_pick_node]: class=pet_labeled conf=0.97 anchor=(274.9,624.0) kf_x=267.3 kf_vx=0.00 pending=1449 confirmed=True holding=False
[INFO] [1788861115.088040359] [tracking_pick_node]: class=pet_labeled conf=0.97 anchor=(274.9,624.1) kf_x=267.3 kf_vx=0.00 pending=1450 confirmed=True holding=False
[INFO] [1788861115.219808276] [tracking_pick_node]: class=pet_labeled conf=0.97 anchor=(275.1,624.1) kf_x=267.3 kf_vx=0.00 pending=1451 confirmed=True holding=False
[INFO] [1788861115.352201272] [tracking_pick_node]: class=pet_labeled conf=0.97 anchor=(275.1,624.1) kf_x=267.3 kf_vx=0.01 pending=1452 confirmed=True holding=False
[INFO] [1788861115.489078640] [tracking_pick_node]: class=pet_labeled conf=0.97 anchor=(275.0,624.1) kf_x=267.3 kf_vx=0.00 pending=1453 confirmed=True holding=False
[INFO] [1788861115.619861302] [tracking_pick_node]: class=pet_labeled conf=0.97 anchor=(275.1,624.2) kf_x=267.3 kf_vx=0.01 pending=1454 confirmed=True holding=False
[INFO] [1788861115.753059220] [tracking_pick_node]: class=pet_labeled conf=0.97 anchor=(275.0,624.1) kf_x=267.3 kf_vx=0.01 pending=1455 confirmed=True holding=False
[INFO] [1788861115.889850740] [tracking_pick_node]: class=pet_labeled conf=0.97 anchor=(274.9,624.0) kf_x=267.3 kf_vx=0.00 pending=1456 confirmed=True holding=False
[INFO] [1788861116.019994775] [tracking_pick_node]: class=pet_labeled conf=0.97 anchor=(275.0,624.0) kf_x=267.3 kf_vx=0.00 pending=1457 confirmed=True holding=False
[INFO] [1788861116.151840834] [tracking_pick_node]: class=pet_labeled conf=0.97 anchor=(274.9,624.1) kf_x=267.3 kf_vx=0.00 pending=1458 confirmed=True holding=False
[INFO] [1788861116.289452074] [tracking_pick_node]: class=pet_labeled conf=0.97 anchor=(275.1,624.2) kf_x=267.3 kf_vx=0.00 pending=1459 confirmed=True holding=False
[INFO] [1788861116.420422955] [tracking_pick_node]: class=pet_labeled conf=0.97 anchor=(274.9,624.1) kf_x=267.3 kf_vx=0.00 pending=1460 confirmed=True holding=False
[INFO] [1788861116.556538650] [tracking_pick_node]: class=pet_labeled conf=0.97 anchor=(274.9,624.0) kf_x=267.3 kf_vx=0.00 pending=1461 confirmed=True holding=False
[INFO] [1788861116.688528708] [tracking_pick_node]: class=pet_labeled conf=0.97 anchor=(274.9,624.1) kf_x=267.3 kf_vx=0.00 pending=1462 confirmed=True holding=False
[INFO] [1788861116.819665776] [tracking_pick_node]: class=pet_labeled conf=0.97 anchor=(275.0,624.0) kf_x=267.3 kf_vx=0.00 pending=1463 confirmed=True holding=False
[INFO] [1788861116.959780970] [tracking_pick_node]: class=pet_labeled conf=0.97 anchor=(274.9,624.1) kf_x=267.3 kf_vx=-0.00 pending=1464 confirmed=True holding=False
[INFO] [1788861117.088350297] [tracking_pick_node]: class=pet_labeled conf=0.97 anchor=(274.9,624.1) kf_x=267.3 kf_vx=-0.00 pending=1465 confirmed=True holding=False
[INFO] [1788861117.220250888] [tracking_pick_node]: class=pet_labeled conf=0.97 anchor=(275.0,624.1) kf_x=267.3 kf_vx=-0.00 pending=1466 confirmed=True holding=False
[INFO] [1788861117.352593748] [tracking_pick_node]: class=pet_labeled conf=0.97 anchor=(275.0,624.1) kf_x=267.3 kf_vx=0.00 pending=1467 confirmed=True holding=False
[INFO] [1788861117.487927085] [tracking_pick_node]: class=pet_labeled conf=0.97 anchor=(274.9,624.2) kf_x=267.3 kf_vx=-0.00 pending=1468 confirmed=True holding=False
[INFO] [1788861117.619967507] [tracking_pick_node]: class=pet_labeled conf=0.97 anchor=(274.9,624.1) kf_x=267.2 kf_vx=-0.00 pending=1469 confirmed=True holding=False
[INFO] [1788861117.753029385] [tracking_pick_node]: class=pet_labeled conf=0.97 anchor=(275.1,624.1) kf_x=267.3 kf_vx=0.00 pending=1470 confirmed=True holding=False
[INFO] [1788861117.890606576] [tracking_pick_node]: class=pet_labeled conf=0.97 anchor=(275.0,624.1) kf_x=267.3 kf_vx=0.00 pending=1471 confirmed=True holding=False
[INFO] [1788861118.021488742] [tracking_pick_node]: class=pet_labeled conf=0.97 anchor=(274.9,624.1) kf_x=267.3 kf_vx=-0.00 pending=1472 confirmed=True holding=False
[INFO] [1788861118.152029287] [tracking_pick_node]: class=pet_labeled conf=0.97 anchor=(275.0,624.1) kf_x=267.3 kf_vx=-0.00 pending=1473 confirmed=True holding=False
[INFO] [1788861118.290266836] [tracking_pick_node]: class=pet_labeled conf=0.97 anchor=(274.9,624.1) kf_x=267.3 kf_vx=-0.00 pending=1474 confirmed=True holding=False
[INFO] [1788861118.421632788] [tracking_pick_node]: class=pet_labeled conf=0.97 anchor=(274.9,624.1) kf_x=267.3 kf_vx=-0.00 pending=1475 confirmed=True holding=False
[INFO] [1788861118.553398981] [tracking_pick_node]: class=pet_labeled conf=0.97 anchor=(274.9,624.1) kf_x=267.2 kf_vx=-0.00 pending=1476 confirmed=True holding=False
[INFO] [1788861118.696304381] [tracking_pick_node]: class=pet_labeled conf=0.97 anchor=(274.8,624.2) kf_x=267.2 kf_vx=-0.00 pending=1477 confirmed=True holding=False
[INFO] [1788861118.821991033] [tracking_pick_node]: class=pet_labeled conf=0.97 anchor=(275.0,624.0) kf_x=267.2 kf_vx=-0.00 pending=1478 confirmed=True holding=False
[INFO] [1788861118.952740686] [tracking_pick_node]: class=pet_labeled conf=0.97 anchor=(275.0,624.0) kf_x=267.2 kf_vx=-0.00 pending=1479 confirmed=True holding=False
[INFO] [1788861119.084961442] [tracking_pick_node]: class=pet_labeled conf=0.97 anchor=(275.0,624.1) kf_x=267.2 kf_vx=-0.00 pending=1480 confirmed=True holding=False
[INFO] [1788861119.221387809] [tracking_pick_node]: class=pet_labeled conf=0.97 anchor=(275.1,624.1) kf_x=267.3 kf_vx=-0.00 pending=1481 confirmed=True holding=False
[INFO] [1788861119.353534297] [tracking_pick_node]: class=pet_labeled conf=0.97 anchor=(274.9,624.0) kf_x=267.2 kf_vx=-0.00 pending=1482 confirmed=True holding=False
[INFO] [1788861119.485675244] [tracking_pick_node]: class=pet_labeled conf=0.97 anchor=(275.1,624.1) kf_x=267.3 kf_vx=0.00 pending=1483 confirmed=True holding=False
[INFO] [1788861119.626608541] [tracking_pick_node]: class=pet_labeled conf=0.97 anchor=(275.0,624.0) kf_x=267.3 kf_vx=0.00 pending=1484 confirmed=True holding=False
[INFO] [1788861119.751849319] [tracking_pick_node]: class=pet_labeled conf=0.97 anchor=(274.8,624.0) kf_x=267.2 kf_vx=-0.00 pending=1485 confirmed=True holding=False
[INFO] [1788861119.884503722] [tracking_pick_node]: class=pet_labeled conf=0.97 anchor=(275.0,624.1) kf_x=267.2 kf_vx=-0.00 pending=1486 confirmed=True holding=False
[INFO] [1788861120.020262076] [tracking_pick_node]: class=pet_labeled conf=0.97 anchor=(275.0,624.1) kf_x=267.2 kf_vx=-0.00 pending=1487 confirmed=True holding=False
[INFO] [1788861120.151795921] [tracking_pick_node]: class=pet_labeled conf=0.97 anchor=(275.0,624.1) kf_x=267.2 kf_vx=-0.00 pending=1488 confirmed=True holding=False
[INFO] [1788861120.288380038] [tracking_pick_node]: class=pet_labeled conf=0.97 anchor=(275.0,624.0) kf_x=267.2 kf_vx=-0.00 pending=1489 confirmed=True holding=False
[INFO] [1788861120.421124928] [tracking_pick_node]: class=pet_labeled conf=0.97 anchor=(275.0,624.1) kf_x=267.2 kf_vx=-0.00 pending=1490 confirmed=True holding=False
[INFO] [1788861120.558250318] [tracking_pick_node]: class=pet_labeled conf=0.97 anchor=(275.0,623.9) kf_x=267.2 kf_vx=-0.00 pending=1491 confirmed=True holding=False
[INFO] [1788861120.684800063] [tracking_pick_node]: class=pet_labeled conf=0.97 anchor=(275.0,624.1) kf_x=267.2 kf_vx=-0.00 pending=1492 confirmed=True holding=False
[INFO] [1788861120.820095653] [tracking_pick_node]: class=pet_labeled conf=0.97 anchor=(275.0,624.2) kf_x=267.3 kf_vx=0.00 pending=1493 confirmed=True holding=False
[INFO] [1788861120.951594533] [tracking_pick_node]: class=pet_labeled conf=0.97 anchor=(274.9,624.0) kf_x=267.2 kf_vx=-0.00 pending=1494 confirmed=True holding=False
[INFO] [1788861121.085302012] [tracking_pick_node]: class=pet_labeled conf=0.97 anchor=(275.0,624.1) kf_x=267.2 kf_vx=-0.00 pending=1495 confirmed=True holding=False
[INFO] [1788861121.219714476] [tracking_pick_node]: class=pet_labeled conf=0.97 anchor=(274.9,624.1) kf_x=267.2 kf_vx=-0.00 pending=1496 confirmed=True holding=False
[INFO] [1788861121.353240670] [tracking_pick_node]: class=pet_labeled conf=0.97 anchor=(275.0,623.9) kf_x=267.2 kf_vx=-0.00 pending=1497 confirmed=True holding=False
[INFO] [1788861121.484409734] [tracking_pick_node]: class=pet_labeled conf=0.97 anchor=(274.9,624.1) kf_x=267.2 kf_vx=-0.00 pending=1498 confirmed=True holding=False
[INFO] [1788861121.619510528] [tracking_pick_node]: class=pet_labeled conf=0.97 anchor=(275.0,624.0) kf_x=267.2 kf_vx=-0.00 pending=1499 confirmed=True holding=False
[INFO] [1788861121.751152225] [tracking_pick_node]: class=pet_labeled conf=0.97 anchor=(274.9,624.1) kf_x=267.2 kf_vx=-0.00 pending=1500 confirmed=True holding=False
[INFO] [1788861121.885177233] [tracking_pick_node]: class=pet_labeled conf=0.97 anchor=(275.0,624.0) kf_x=267.2 kf_vx=-0.00 pending=1501 confirmed=True holding=False
[INFO] [1788861122.022832867] [tracking_pick_node]: class=pet_labeled conf=0.97 anchor=(274.9,624.1) kf_x=267.2 kf_vx=-0.00 pending=1502 confirmed=True holding=False
[INFO] [1788861122.153452819] [tracking_pick_node]: class=pet_labeled conf=0.97 anchor=(274.9,624.0) kf_x=267.2 kf_vx=-0.00 pending=1503 confirmed=True holding=False
[INFO] [1788861122.284404506] [tracking_pick_node]: class=pet_labeled conf=0.97 anchor=(275.0,624.0) kf_x=267.2 kf_vx=-0.00 pending=1504 confirmed=True holding=False
[INFO] [1788861122.420205601] [tracking_pick_node]: class=pet_labeled conf=0.97 anchor=(275.0,624.0) kf_x=267.2 kf_vx=-0.00 pending=1505 confirmed=True holding=False
[INFO] [1788861122.551594547] [tracking_pick_node]: class=pet_labeled conf=0.96 anchor=(274.9,624.0) kf_x=267.2 kf_vx=-0.00 pending=1506 confirmed=True holding=False
[INFO] [1788861122.683852401] [tracking_pick_node]: class=pet_labeled conf=0.97 anchor=(275.0,624.0) kf_x=267.2 kf_vx=-0.00 pending=1507 confirmed=True holding=False
[INFO] [1788861122.822570868] [tracking_pick_node]: class=pet_labeled conf=0.97 anchor=(274.9,624.1) kf_x=267.2 kf_vx=-0.00 pending=1508 confirmed=True holding=False
[INFO] [1788861122.954658584] [tracking_pick_node]: class=pet_labeled conf=0.97 anchor=(275.0,624.0) kf_x=267.2 kf_vx=-0.00 pending=1509 confirmed=True holding=False
[INFO] [1788861123.085296186] [tracking_pick_node]: class=pet_labeled conf=0.97 anchor=(275.0,624.0) kf_x=267.2 kf_vx=-0.00 pending=1510 confirmed=True holding=False
[INFO] [1788861123.228929217] [tracking_pick_node]: class=pet_labeled conf=0.97 anchor=(274.8,624.0) kf_x=267.2 kf_vx=-0.00 pending=1511 confirmed=True holding=False
[INFO] [1788861123.352298224] [tracking_pick_node]: class=pet_labeled conf=0.97 anchor=(274.9,624.1) kf_x=267.2 kf_vx=-0.00 pending=1512 confirmed=True holding=False
[INFO] [1788861123.485640549] [tracking_pick_node]: class=pet_labeled conf=0.97 anchor=(274.9,624.1) kf_x=267.2 kf_vx=-0.00 pending=1513 confirmed=True holding=False
[INFO] [1788861123.621998857] [tracking_pick_node]: class=pet_labeled conf=0.97 anchor=(275.0,624.1) kf_x=267.2 kf_vx=-0.00 pending=1514 confirmed=True holding=False
[INFO] [1788861123.760513077] [tracking_pick_node]: class=pet_labeled conf=0.97 anchor=(275.0,624.1) kf_x=267.2 kf_vx=-0.00 pending=1515 confirmed=True holding=False
[INFO] [1788861123.884052893] [tracking_pick_node]: class=pet_labeled conf=0.97 anchor=(274.9,624.0) kf_x=267.2 kf_vx=-0.00 pending=1516 confirmed=True holding=False
[INFO] [1788861124.020969307] [tracking_pick_node]: class=pet_labeled conf=0.97 anchor=(274.9,624.0) kf_x=267.2 kf_vx=-0.00 pending=1517 confirmed=True holding=False
[INFO] [1788861124.156213376] [tracking_pick_node]: class=pet_labeled conf=0.97 anchor=(274.9,624.2) kf_x=267.2 kf_vx=-0.00 pending=1518 confirmed=True holding=False
[INFO] [1788861124.294933641] [tracking_pick_node]: class=pet_labeled conf=0.97 anchor=(275.0,624.2) kf_x=267.2 kf_vx=-0.00 pending=1519 confirmed=True holding=False
[INFO] [1788861124.420070983] [tracking_pick_node]: class=pet_labeled conf=0.97 anchor=(275.1,624.1) kf_x=267.2 kf_vx=0.00 pending=1520 confirmed=True holding=False
[INFO] [1788861124.552091159] [tracking_pick_node]: class=pet_labeled conf=0.97 anchor=(274.9,624.0) kf_x=267.2 kf_vx=-0.00 pending=1521 confirmed=True holding=False
[INFO] [1788861124.687737334] [tracking_pick_node]: class=pet_labeled conf=0.97 anchor=(274.9,624.1) kf_x=267.2 kf_vx=-0.00 pending=1522 confirmed=True holding=False
[INFO] [1788861124.821469088] [tracking_pick_node]: class=pet_labeled conf=0.97 anchor=(275.0,623.9) kf_x=267.2 kf_vx=0.00 pending=1523 confirmed=True holding=False
[INFO] [1788861124.951943563] [tracking_pick_node]: class=pet_labeled conf=0.97 anchor=(275.0,624.1) kf_x=267.2 kf_vx=0.00 pending=1524 confirmed=True holding=False
[INFO] [1788861125.084107666] [tracking_pick_node]: class=pet_labeled conf=0.97 anchor=(275.0,624.1) kf_x=267.2 kf_vx=0.00 pending=1525 confirmed=True holding=False
[INFO] [1788861125.225517466] [tracking_pick_node]: class=pet_labeled conf=0.97 anchor=(274.9,624.0) kf_x=267.2 kf_vx=0.00 pending=1526 confirmed=True holding=False
[INFO] [1788861125.354223219] [tracking_pick_node]: class=pet_labeled conf=0.97 anchor=(274.9,624.0) kf_x=267.2 kf_vx=-0.00 pending=1527 confirmed=True holding=False
[INFO] [1788861125.484264631] [tracking_pick_node]: class=pet_labeled conf=0.97 anchor=(274.9,624.1) kf_x=267.2 kf_vx=-0.00 pending=1528 confirmed=True holding=False
[INFO] [1788861125.622202400] [tracking_pick_node]: class=pet_labeled conf=0.97 anchor=(274.9,624.1) kf_x=267.2 kf_vx=-0.00 pending=1529 confirmed=True holding=False
[INFO] [1788861125.752183910] [tracking_pick_node]: class=pet_labeled conf=0.97 anchor=(275.0,623.9) kf_x=267.2 kf_vx=-0.00 pending=1530 confirmed=True holding=False
[INFO] [1788861125.884530061] [tracking_pick_node]: class=pet_labeled conf=0.97 anchor=(274.9,624.0) kf_x=267.2 kf_vx=-0.00 pending=1531 confirmed=True holding=False
[INFO] [1788861126.020972223] [tracking_pick_node]: class=pet_labeled conf=0.97 anchor=(275.0,624.1) kf_x=267.2 kf_vx=-0.00 pending=1532 confirmed=True holding=False
[INFO] [1788861126.152310156] [tracking_pick_node]: class=pet_labeled conf=0.97 anchor=(275.0,624.1) kf_x=267.2 kf_vx=-0.00 pending=1533 confirmed=True holding=False
[INFO] [1788861126.283944367] [tracking_pick_node]: class=pet_labeled conf=0.97 anchor=(274.9,624.1) kf_x=267.2 kf_vx=-0.00 pending=1534 confirmed=True holding=False
[INFO] [1788861126.419949931] [tracking_pick_node]: class=pet_labeled conf=0.97 anchor=(274.9,624.1) kf_x=267.2 kf_vx=-0.00 pending=1535 confirmed=True holding=False
[INFO] [1788861126.553968174] [tracking_pick_node]: class=pet_labeled conf=0.97 anchor=(275.0,624.0) kf_x=267.2 kf_vx=-0.00 pending=1536 confirmed=True holding=False
[INFO] [1788861126.685771794] [tracking_pick_node]: class=pet_labeled conf=0.97 anchor=(275.0,624.1) kf_x=267.2 kf_vx=-0.00 pending=1537 confirmed=True holding=False
[INFO] [1788861126.820786535] [tracking_pick_node]: class=pet_labeled conf=0.97 anchor=(274.9,624.1) kf_x=267.2 kf_vx=-0.00 pending=1538 confirmed=True holding=False
[INFO] [1788861126.952809907] [tracking_pick_node]: class=pet_labeled conf=0.97 anchor=(274.9,624.1) kf_x=267.2 kf_vx=-0.00 pending=1539 confirmed=True holding=False
[INFO] [1788861127.085857178] [tracking_pick_node]: class=pet_labeled conf=0.97 anchor=(275.0,624.1) kf_x=267.2 kf_vx=-0.00 pending=1540 confirmed=True holding=False
[INFO] [1788861127.221690536] [tracking_pick_node]: class=pet_labeled conf=0.97 anchor=(274.9,624.0) kf_x=267.2 kf_vx=-0.00 pending=1541 confirmed=True holding=False
[INFO] [1788861127.352086392] [tracking_pick_node]: class=pet_labeled conf=0.97 anchor=(275.0,624.0) kf_x=267.2 kf_vx=-0.00 pending=1542 confirmed=True holding=False
[INFO] [1788861127.486067157] [tracking_pick_node]: class=pet_labeled conf=0.97 anchor=(275.0,624.0) kf_x=267.2 kf_vx=0.00 pending=1543 confirmed=True holding=False
[INFO] [1788861127.622390120] [tracking_pick_node]: class=pet_labeled conf=0.97 anchor=(274.9,624.0) kf_x=267.2 kf_vx=-0.00 pending=1544 confirmed=True holding=False
[INFO] [1788861127.754501480] [tracking_pick_node]: class=pet_labeled conf=0.96 anchor=(274.9,624.0) kf_x=267.2 kf_vx=-0.00 pending=1545 confirmed=True holding=False
[INFO] [1788861127.884642985] [tracking_pick_node]: class=pet_labeled conf=0.97 anchor=(275.0,624.0) kf_x=267.2 kf_vx=-0.00 pending=1546 confirmed=True holding=False
[INFO] [1788861128.022058276] [tracking_pick_node]: class=pet_labeled conf=0.97 anchor=(274.9,624.0) kf_x=267.2 kf_vx=-0.00 pending=1547 confirmed=True holding=False
[INFO] [1788861128.152759542] [tracking_pick_node]: class=pet_labeled conf=0.97 anchor=(274.9,624.1) kf_x=267.2 kf_vx=-0.00 pending=1548 confirmed=True holding=False
[INFO] [1788861128.288869488] [tracking_pick_node]: class=pet_labeled conf=0.97 anchor=(275.0,624.1) kf_x=267.2 kf_vx=-0.00 pending=1549 confirmed=True holding=False
[INFO] [1788861128.420199030] [tracking_pick_node]: class=pet_labeled conf=0.97 anchor=(274.9,624.0) kf_x=267.2 kf_vx=-0.00 pending=1550 confirmed=True holding=False
[INFO] [1788861128.554217146] [tracking_pick_node]: class=pet_labeled conf=0.97 anchor=(275.0,624.0) kf_x=267.2 kf_vx=0.00 pending=1551 confirmed=True holding=False
[INFO] [1788861128.684301005] [tracking_pick_node]: class=pet_labeled conf=0.97 anchor=(275.0,624.0) kf_x=267.2 kf_vx=0.00 pending=1552 confirmed=True holding=False
[INFO] [1788861128.819719959] [tracking_pick_node]: class=pet_labeled conf=0.97 anchor=(275.1,624.1) kf_x=267.2 kf_vx=0.00 pending=1553 confirmed=True holding=False
[INFO] [1788861128.953193945] [tracking_pick_node]: class=pet_labeled conf=0.97 anchor=(274.9,624.1) kf_x=267.2 kf_vx=0.00 pending=1554 confirmed=True holding=False
[INFO] [1788861129.085786436] [tracking_pick_node]: class=pet_labeled conf=0.97 anchor=(275.0,624.1) kf_x=267.3 kf_vx=0.00 pending=1555 confirmed=True holding=False
[INFO] [1788861129.219820682] [tracking_pick_node]: class=pet_labeled conf=0.97 anchor=(275.0,624.1) kf_x=267.3 kf_vx=0.00 pending=1556 confirmed=True holding=False
[INFO] [1788861129.352407680] [tracking_pick_node]: class=pet_labeled conf=0.97 anchor=(275.0,624.2) kf_x=267.3 kf_vx=0.00 pending=1557 confirmed=True holding=False
[INFO] [1788861129.485356069] [tracking_pick_node]: class=pet_labeled conf=0.97 anchor=(274.9,624.1) kf_x=267.3 kf_vx=0.00 pending=1558 confirmed=True holding=False
[INFO] [1788861129.622096255] [tracking_pick_node]: class=pet_labeled conf=0.97 anchor=(274.8,624.1) kf_x=267.2 kf_vx=0.00 pending=1559 confirmed=True holding=False
[INFO] [1788861129.754552647] [tracking_pick_node]: class=pet_labeled conf=0.97 anchor=(274.9,624.1) kf_x=267.2 kf_vx=0.00 pending=1560 confirmed=True holding=False
[INFO] [1788861129.884884023] [tracking_pick_node]: class=pet_labeled conf=0.97 anchor=(275.0,624.0) kf_x=267.2 kf_vx=0.00 pending=1561 confirmed=True holding=False
[INFO] [1788861130.021032590] [tracking_pick_node]: class=pet_labeled conf=0.97 anchor=(274.8,624.0) kf_x=267.2 kf_vx=-0.00 pending=1562 confirmed=True holding=False
[INFO] [1788861130.152355202] [tracking_pick_node]: class=pet_labeled conf=0.97 anchor=(275.0,624.1) kf_x=267.2 kf_vx=-0.00 pending=1563 confirmed=True holding=False
[INFO] [1788861130.284133441] [tracking_pick_node]: class=pet_labeled conf=0.97 anchor=(274.9,624.1) kf_x=267.2 kf_vx=-0.00 pending=1564 confirmed=True holding=False
[INFO] [1788861130.420321803] [tracking_pick_node]: class=pet_labeled conf=0.97 anchor=(275.0,623.9) kf_x=267.2 kf_vx=-0.00 pending=1565 confirmed=True holding=False
[INFO] [1788861130.558276955] [tracking_pick_node]: class=pet_labeled conf=0.97 anchor=(274.9,624.1) kf_x=267.2 kf_vx=-0.00 pending=1566 confirmed=True holding=False
[INFO] [1788861130.684099674] [tracking_pick_node]: class=pet_labeled conf=0.97 anchor=(274.9,624.0) kf_x=267.2 kf_vx=-0.00 pending=1567 confirmed=True holding=False
[INFO] [1788861130.831601779] [tracking_pick_node]: class=pet_labeled conf=0.97 anchor=(275.0,624.1) kf_x=267.2 kf_vx=-0.00 pending=1568 confirmed=True holding=False
[INFO] [1788861130.953009252] [tracking_pick_node]: class=pet_labeled conf=0.96 anchor=(274.9,624.1) kf_x=267.2 kf_vx=-0.00 pending=1569 confirmed=True holding=False
[INFO] [1788861131.083975409] [tracking_pick_node]: class=pet_labeled conf=0.97 anchor=(274.9,623.9) kf_x=267.2 kf_vx=-0.00 pending=1570 confirmed=True holding=False
[INFO] [1788861131.220355763] [tracking_pick_node]: class=pet_labeled conf=0.97 anchor=(275.0,624.1) kf_x=267.2 kf_vx=-0.00 pending=1571 confirmed=True holding=False
[INFO] [1788861131.351959231] [tracking_pick_node]: class=pet_labeled conf=0.97 anchor=(274.9,624.1) kf_x=267.2 kf_vx=-0.00 pending=1572 confirmed=True holding=False
[INFO] [1788861131.493684526] [tracking_pick_node]: class=pet_labeled conf=0.97 anchor=(274.8,624.1) kf_x=267.2 kf_vx=-0.00 pending=1573 confirmed=True holding=False
[INFO] [1788861131.621928079] [tracking_pick_node]: class=pet_labeled conf=0.97 anchor=(274.9,624.1) kf_x=267.2 kf_vx=-0.00 pending=1574 confirmed=True holding=False
[INFO] [1788861131.751981036] [tracking_pick_node]: class=pet_labeled conf=0.97 anchor=(274.9,624.0) kf_x=267.2 kf_vx=-0.00 pending=1575 confirmed=True holding=False
[INFO] [1788861131.884792749] [tracking_pick_node]: class=pet_labeled conf=0.97 anchor=(275.0,624.0) kf_x=267.2 kf_vx=-0.00 pending=1576 confirmed=True holding=False
[INFO] [1788861132.017882608] [tracking_pick_node]: class=pet_labeled conf=0.97 anchor=(274.9,624.0) kf_x=267.2 kf_vx=-0.00 pending=1577 confirmed=True holding=False
[INFO] [1788861132.153196111] [tracking_pick_node]: class=pet_labeled conf=0.97 anchor=(274.9,624.1) kf_x=267.2 kf_vx=-0.00 pending=1578 confirmed=True holding=False
[INFO] [1788861132.284804826] [tracking_pick_node]: class=pet_labeled conf=0.97 anchor=(274.8,624.1) kf_x=267.2 kf_vx=-0.00 pending=1579 confirmed=True holding=False
[INFO] [1788861132.417461977] [tracking_pick_node]: class=pet_labeled conf=0.97 anchor=(275.0,624.0) kf_x=267.2 kf_vx=-0.00 pending=1580 confirmed=True holding=False
[INFO] [1788861132.554214944] [tracking_pick_node]: class=pet_labeled conf=0.97 anchor=(275.0,624.0) kf_x=267.2 kf_vx=-0.00 pending=1581 confirmed=True holding=False
[INFO] [1788861132.684264575] [tracking_pick_node]: class=pet_labeled conf=0.97 anchor=(274.9,624.0) kf_x=267.2 kf_vx=-0.00 pending=1582 confirmed=True holding=False
[INFO] [1788861132.819427859] [tracking_pick_node]: class=pet_labeled conf=0.97 anchor=(274.9,624.1) kf_x=267.2 kf_vx=-0.00 pending=1583 confirmed=True holding=False
[INFO] [1788861132.953661283] [tracking_pick_node]: class=pet_labeled conf=0.97 anchor=(274.9,624.1) kf_x=267.2 kf_vx=-0.00 pending=1584 confirmed=True holding=False
[INFO] [1788861133.084494483] [tracking_pick_node]: class=pet_labeled conf=0.97 anchor=(274.9,624.1) kf_x=267.2 kf_vx=-0.00 pending=1585 confirmed=True holding=False
[INFO] [1788861133.219446911] [tracking_pick_node]: class=pet_labeled conf=0.97 anchor=(275.0,624.1) kf_x=267.2 kf_vx=-0.00 pending=1586 confirmed=True holding=False
[INFO] [1788861133.356246851] [tracking_pick_node]: class=pet_labeled conf=0.97 anchor=(274.9,624.1) kf_x=267.2 kf_vx=-0.00 pending=1587 confirmed=True holding=False
[INFO] [1788861133.486420739] [tracking_pick_node]: class=pet_labeled conf=0.97 anchor=(275.0,624.1) kf_x=267.2 kf_vx=-0.00 pending=1588 confirmed=True holding=False
[INFO] [1788861133.619072314] [tracking_pick_node]: class=pet_labeled conf=0.97 anchor=(274.9,624.0) kf_x=267.2 kf_vx=-0.00 pending=1589 confirmed=True holding=False
[INFO] [1788861133.753038160] [tracking_pick_node]: class=pet_labeled conf=0.97 anchor=(274.9,624.2) kf_x=267.2 kf_vx=-0.00 pending=1590 confirmed=True holding=False
[INFO] [1788861133.886286087] [tracking_pick_node]: class=pet_labeled conf=0.97 anchor=(275.1,624.1) kf_x=267.2 kf_vx=-0.00 pending=1591 confirmed=True holding=False
[INFO] [1788861134.017113981] [tracking_pick_node]: class=pet_labeled conf=0.97 anchor=(275.0,624.2) kf_x=267.2 kf_vx=0.00 pending=1592 confirmed=True holding=False
[INFO] [1788861134.153641066] [tracking_pick_node]: class=pet_labeled conf=0.97 anchor=(275.0,624.1) kf_x=267.2 kf_vx=0.00 pending=1593 confirmed=True holding=False
[INFO] [1788861134.285940294] [tracking_pick_node]: class=pet_labeled conf=0.97 anchor=(274.9,624.1) kf_x=267.2 kf_vx=0.00 pending=1594 confirmed=True holding=False
[INFO] [1788861134.416253697] [tracking_pick_node]: class=pet_labeled conf=0.97 anchor=(274.9,624.1) kf_x=267.2 kf_vx=0.00 pending=1595 confirmed=True holding=False
[INFO] [1788861134.552526742] [tracking_pick_node]: class=pet_labeled conf=0.97 anchor=(275.0,624.0) kf_x=267.2 kf_vx=0.00 pending=1596 confirmed=True holding=False
[INFO] [1788861134.684173928] [tracking_pick_node]: class=pet_labeled conf=0.97 anchor=(274.9,624.0) kf_x=267.2 kf_vx=-0.00 pending=1597 confirmed=True holding=False
[INFO] [1788861134.816809087] [tracking_pick_node]: class=pet_labeled conf=0.97 anchor=(274.8,624.0) kf_x=267.2 kf_vx=-0.00 pending=1598 confirmed=True holding=False
[INFO] [1788861134.953238457] [tracking_pick_node]: class=pet_labeled conf=0.97 anchor=(274.9,624.1) kf_x=267.2 kf_vx=-0.00 pending=1599 confirmed=True holding=False
[INFO] [1788861135.086345667] [tracking_pick_node]: class=pet_labeled conf=0.97 anchor=(275.0,624.1) kf_x=267.2 kf_vx=-0.00 pending=1600 confirmed=True holding=False
[INFO] [1788861135.216271940] [tracking_pick_node]: class=pet_labeled conf=0.97 anchor=(275.0,624.1) kf_x=267.2 kf_vx=-0.00 pending=1601 confirmed=True holding=False
[INFO] [1788861135.352865224] [tracking_pick_node]: class=pet_labeled conf=0.97 anchor=(274.8,624.0) kf_x=267.2 kf_vx=-0.00 pending=1602 confirmed=True holding=False
[INFO] [1788861135.484660187] [tracking_pick_node]: class=pet_labeled conf=0.97 anchor=(274.9,624.1) kf_x=267.2 kf_vx=-0.00 pending=1603 confirmed=True holding=False
[INFO] [1788861135.616855650] [tracking_pick_node]: class=pet_labeled conf=0.97 anchor=(275.1,624.1) kf_x=267.2 kf_vx=0.00 pending=1604 confirmed=True holding=False
[INFO] [1788861135.753500341] [tracking_pick_node]: class=pet_labeled conf=0.97 anchor=(274.9,624.1) kf_x=267.2 kf_vx=-0.00 pending=1605 confirmed=True holding=False
[INFO] [1788861135.886772492] [tracking_pick_node]: class=pet_labeled conf=0.97 anchor=(275.0,624.0) kf_x=267.2 kf_vx=0.00 pending=1606 confirmed=True holding=False
[INFO] [1788861136.016493438] [tracking_pick_node]: class=pet_labeled conf=0.97 anchor=(275.0,624.2) kf_x=267.2 kf_vx=0.00 pending=1607 confirmed=True holding=False
[INFO] [1788861136.153080065] [tracking_pick_node]: class=pet_labeled conf=0.97 anchor=(274.8,624.0) kf_x=267.2 kf_vx=-0.00 pending=1608 confirmed=True holding=False
[INFO] [1788861136.284724063] [tracking_pick_node]: class=pet_labeled conf=0.97 anchor=(275.0,624.1) kf_x=267.2 kf_vx=0.00 pending=1609 confirmed=True holding=False
[INFO] [1788861136.416149926] [tracking_pick_node]: class=pet_labeled conf=0.97 anchor=(275.0,624.1) kf_x=267.2 kf_vx=0.00 pending=1610 confirmed=True holding=False
[INFO] [1788861136.553734603] [tracking_pick_node]: class=pet_labeled conf=0.97 anchor=(274.9,624.0) kf_x=267.2 kf_vx=0.00 pending=1611 confirmed=True holding=False
[INFO] [1788861136.686589397] [tracking_pick_node]: class=pet_labeled conf=0.97 anchor=(274.9,624.1) kf_x=267.2 kf_vx=0.00 pending=1612 confirmed=True holding=False
[INFO] [1788861136.816723410] [tracking_pick_node]: class=pet_labeled conf=0.97 anchor=(274.9,624.0) kf_x=267.2 kf_vx=-0.00 pending=1613 confirmed=True holding=False
[INFO] [1788861136.953329455] [tracking_pick_node]: class=pet_labeled conf=0.97 anchor=(274.9,624.1) kf_x=267.2 kf_vx=-0.00 pending=1614 confirmed=True holding=False
[INFO] [1788861137.086909294] [tracking_pick_node]: class=pet_labeled conf=0.97 anchor=(274.9,624.0) kf_x=267.2 kf_vx=-0.00 pending=1615 confirmed=True holding=False
[INFO] [1788861137.215954682] [tracking_pick_node]: class=pet_labeled conf=0.97 anchor=(274.9,624.0) kf_x=267.2 kf_vx=-0.00 pending=1616 confirmed=True holding=False
[INFO] [1788861137.351787122] [tracking_pick_node]: class=pet_labeled conf=0.97 anchor=(274.9,624.0) kf_x=267.2 kf_vx=-0.00 pending=1617 confirmed=True holding=False
[INFO] [1788861137.485733684] [tracking_pick_node]: class=pet_labeled conf=0.97 anchor=(274.8,624.0) kf_x=267.2 kf_vx=-0.00 pending=1618 confirmed=True holding=False
[INFO] [1788861137.618867141] [tracking_pick_node]: class=pet_labeled conf=0.97 anchor=(274.9,624.0) kf_x=267.2 kf_vx=-0.00 pending=1619 confirmed=True holding=False
[INFO] [1788861137.755090192] [tracking_pick_node]: class=pet_labeled conf=0.97 anchor=(274.9,624.1) kf_x=267.2 kf_vx=-0.00 pending=1620 confirmed=True holding=False
[INFO] [1788861137.886007743] [tracking_pick_node]: class=pet_labeled conf=0.97 anchor=(275.0,624.1) kf_x=267.2 kf_vx=-0.00 pending=1621 confirmed=True holding=False
[INFO] [1788861138.017414147] [tracking_pick_node]: class=pet_labeled conf=0.97 anchor=(274.9,624.1) kf_x=267.2 kf_vx=-0.00 pending=1622 confirmed=True holding=False
[INFO] [1788861138.152262949] [tracking_pick_node]: class=pet_labeled conf=0.97 anchor=(274.9,624.1) kf_x=267.2 kf_vx=-0.00 pending=1623 confirmed=True holding=False
[INFO] [1788861138.284411761] [tracking_pick_node]: class=pet_labeled conf=0.97 anchor=(274.9,624.1) kf_x=267.2 kf_vx=-0.00 pending=1624 confirmed=True holding=False
[INFO] [1788861138.416786048] [tracking_pick_node]: class=pet_labeled conf=0.97 anchor=(275.0,624.1) kf_x=267.2 kf_vx=-0.00 pending=1625 confirmed=True holding=False
[INFO] [1788861138.552023883] [tracking_pick_node]: class=pet_labeled conf=0.97 anchor=(275.1,624.0) kf_x=267.2 kf_vx=0.00 pending=1626 confirmed=True holding=False
[INFO] [1788861138.683874593] [tracking_pick_node]: class=pet_labeled conf=0.97 anchor=(274.9,624.1) kf_x=267.2 kf_vx=-0.00 pending=1627 confirmed=True holding=False
[INFO] [1788861138.816525884] [tracking_pick_node]: class=pet_labeled conf=0.97 anchor=(275.0,624.2) kf_x=267.2 kf_vx=0.00 pending=1628 confirmed=True holding=False
[INFO] [1788861138.952029794] [tracking_pick_node]: class=pet_labeled conf=0.97 anchor=(275.0,624.1) kf_x=267.2 kf_vx=0.00 pending=1629 confirmed=True holding=False
[INFO] [1788861139.083665174] [tracking_pick_node]: class=pet_labeled conf=0.97 anchor=(275.0,624.0) kf_x=267.2 kf_vx=0.00 pending=1630 confirmed=True holding=False
[INFO] [1788861139.217661847] [tracking_pick_node]: class=pet_labeled conf=0.97 anchor=(275.0,624.1) kf_x=267.2 kf_vx=0.00 pending=1631 confirmed=True holding=False
[INFO] [1788861139.353996346] [tracking_pick_node]: class=pet_labeled conf=0.97 anchor=(275.0,624.1) kf_x=267.2 kf_vx=0.00 pending=1632 confirmed=True holding=False
[INFO] [1788861139.485151125] [tracking_pick_node]: class=pet_labeled conf=0.97 anchor=(275.0,624.1) kf_x=267.2 kf_vx=0.00 pending=1633 confirmed=True holding=False
[INFO] [1788861139.616282501] [tracking_pick_node]: class=pet_labeled conf=0.97 anchor=(275.0,624.0) kf_x=267.2 kf_vx=0.00 pending=1634 confirmed=True holding=False
[INFO] [1788861139.752788837] [tracking_pick_node]: class=pet_labeled conf=0.97 anchor=(274.9,624.1) kf_x=267.2 kf_vx=0.00 pending=1635 confirmed=True holding=False
[INFO] [1788861139.883654014] [tracking_pick_node]: class=pet_labeled conf=0.97 anchor=(274.9,624.0) kf_x=267.2 kf_vx=0.00 pending=1636 confirmed=True holding=False
[INFO] [1788861140.019266021] [tracking_pick_node]: class=pet_labeled conf=0.97 anchor=(274.9,624.1) kf_x=267.2 kf_vx=0.00 pending=1637 confirmed=True holding=False
[INFO] [1788861140.154865265] [tracking_pick_node]: class=pet_labeled conf=0.97 anchor=(274.9,624.1) kf_x=267.2 kf_vx=0.00 pending=1638 confirmed=True holding=False
[INFO] [1788861140.284652333] [tracking_pick_node]: class=pet_labeled conf=0.97 anchor=(274.9,624.0) kf_x=267.2 kf_vx=0.00 pending=1639 confirmed=True holding=False
[INFO] [1788861140.417946636] [tracking_pick_node]: class=pet_labeled conf=0.97 anchor=(275.0,624.1) kf_x=267.2 kf_vx=0.00 pending=1640 confirmed=True holding=False
[INFO] [1788861140.553511534] [tracking_pick_node]: class=pet_labeled conf=0.97 anchor=(274.9,624.0) kf_x=267.2 kf_vx=0.00 pending=1641 confirmed=True holding=False
[INFO] [1788861140.686343042] [tracking_pick_node]: class=pet_labeled conf=0.97 anchor=(275.0,624.1) kf_x=267.2 kf_vx=0.00 pending=1642 confirmed=True holding=False
[INFO] [1788861140.819196360] [tracking_pick_node]: class=pet_labeled conf=0.97 anchor=(274.9,624.2) kf_x=267.2 kf_vx=0.00 pending=1643 confirmed=True holding=False
[INFO] [1788861140.953580789] [tracking_pick_node]: class=pet_labeled conf=0.97 anchor=(274.9,624.1) kf_x=267.2 kf_vx=0.00 pending=1644 confirmed=True holding=False
[INFO] [1788861141.084858749] [tracking_pick_node]: class=pet_labeled conf=0.97 anchor=(275.0,624.0) kf_x=267.2 kf_vx=0.00 pending=1645 confirmed=True holding=False
[INFO] [1788861141.216610878] [tracking_pick_node]: class=pet_labeled conf=0.97 anchor=(274.9,624.1) kf_x=267.2 kf_vx=0.00 pending=1646 confirmed=True holding=False
[INFO] [1788861141.352850600] [tracking_pick_node]: class=pet_labeled conf=0.97 anchor=(275.0,624.1) kf_x=267.2 kf_vx=0.00 pending=1647 confirmed=True holding=False
[INFO] [1788861141.487953681] [tracking_pick_node]: class=pet_labeled conf=0.97 anchor=(274.9,624.1) kf_x=267.2 kf_vx=0.00 pending=1648 confirmed=True holding=False
[INFO] [1788861141.616246648] [tracking_pick_node]: class=pet_labeled conf=0.97 anchor=(274.9,624.0) kf_x=267.2 kf_vx=0.00 pending=1649 confirmed=True holding=False
[INFO] [1788861141.757431684] [tracking_pick_node]: class=pet_labeled conf=0.97 anchor=(274.9,624.1) kf_x=267.2 kf_vx=0.00 pending=1650 confirmed=True holding=False
[INFO] [1788861141.887978785] [tracking_pick_node]: class=pet_labeled conf=0.97 anchor=(274.9,624.0) kf_x=267.2 kf_vx=0.00 pending=1651 confirmed=True holding=False
[INFO] [1788861142.020715348] [tracking_pick_node]: class=pet_labeled conf=0.97 anchor=(274.9,624.0) kf_x=267.2 kf_vx=-0.00 pending=1652 confirmed=True holding=False
[INFO] [1788861142.153371000] [tracking_pick_node]: class=pet_labeled conf=0.97 anchor=(275.0,624.0) kf_x=267.2 kf_vx=0.00 pending=1653 confirmed=True holding=False
[INFO] [1788861142.286936568] [tracking_pick_node]: class=pet_labeled conf=0.97 anchor=(274.9,624.1) kf_x=267.2 kf_vx=0.00 pending=1654 confirmed=True holding=False
[INFO] [1788861142.416927808] [tracking_pick_node]: class=pet_labeled conf=0.97 anchor=(275.0,624.1) kf_x=267.2 kf_vx=0.00 pending=1655 confirmed=True holding=False
[INFO] [1788861142.552259651] [tracking_pick_node]: class=pet_labeled conf=0.97 anchor=(274.8,624.1) kf_x=267.2 kf_vx=-0.00 pending=1656 confirmed=True holding=False
[INFO] [1788861142.685044356] [tracking_pick_node]: class=pet_labeled conf=0.97 anchor=(274.9,624.0) kf_x=267.2 kf_vx=-0.00 pending=1657 confirmed=True holding=False
[INFO] [1788861142.818234012] [tracking_pick_node]: class=pet_labeled conf=0.97 anchor=(275.0,624.0) kf_x=267.2 kf_vx=-0.00 pending=1658 confirmed=True holding=False
[INFO] [1788861142.953716510] [tracking_pick_node]: class=pet_labeled conf=0.97 anchor=(275.0,624.1) kf_x=267.2 kf_vx=0.00 pending=1659 confirmed=True holding=False
[INFO] [1788861143.085429828] [tracking_pick_node]: class=pet_labeled conf=0.97 anchor=(275.0,624.0) kf_x=267.2 kf_vx=0.00 pending=1660 confirmed=True holding=False
[INFO] [1788861143.222360837] [tracking_pick_node]: class=pet_labeled conf=0.97 anchor=(274.9,624.1) kf_x=267.2 kf_vx=-0.00 pending=1661 confirmed=True holding=False
[INFO] [1788861143.355009575] [tracking_pick_node]: class=pet_labeled conf=0.97 anchor=(274.9,624.1) kf_x=267.2 kf_vx=0.00 pending=1662 confirmed=True holding=False
[INFO] [1788861143.485389867] [tracking_pick_node]: class=pet_labeled conf=0.97 anchor=(275.0,624.0) kf_x=267.2 kf_vx=0.00 pending=1663 confirmed=True holding=False
[INFO] [1788861143.617553303] [tracking_pick_node]: class=pet_labeled conf=0.97 anchor=(274.9,624.0) kf_x=267.2 kf_vx=-0.00 pending=1664 confirmed=True holding=False
[INFO] [1788861143.755641564] [tracking_pick_node]: class=pet_labeled conf=0.97 anchor=(274.9,624.1) kf_x=267.2 kf_vx=-0.00 pending=1665 confirmed=True holding=False
[INFO] [1788861143.885609828] [tracking_pick_node]: class=pet_labeled conf=0.97 anchor=(274.9,624.1) kf_x=267.2 kf_vx=-0.00 pending=1666 confirmed=True holding=False
[INFO] [1788861144.017848988] [tracking_pick_node]: class=pet_labeled conf=0.97 anchor=(274.9,624.1) kf_x=267.2 kf_vx=-0.00 pending=1667 confirmed=True holding=False
[INFO] [1788861144.154125054] [tracking_pick_node]: class=pet_labeled conf=0.97 anchor=(275.0,624.1) kf_x=267.2 kf_vx=-0.00 pending=1668 confirmed=True holding=False
[INFO] [1788861144.284297977] [tracking_pick_node]: class=pet_labeled conf=0.97 anchor=(274.9,624.2) kf_x=267.2 kf_vx=-0.00 pending=1669 confirmed=True holding=False
[INFO] [1788861144.418063015] [tracking_pick_node]: class=pet_labeled conf=0.97 anchor=(274.9,624.0) kf_x=267.2 kf_vx=-0.00 pending=1670 confirmed=True holding=False
[INFO] [1788861144.555341572] [tracking_pick_node]: class=pet_labeled conf=0.97 anchor=(275.0,624.1) kf_x=267.2 kf_vx=-0.00 pending=1671 confirmed=True holding=False
[INFO] [1788861144.687143590] [tracking_pick_node]: class=pet_labeled conf=0.97 anchor=(274.9,624.1) kf_x=267.2 kf_vx=-0.00 pending=1672 confirmed=True holding=False
[INFO] [1788861144.818115667] [tracking_pick_node]: class=pet_labeled conf=0.97 anchor=(275.0,624.0) kf_x=267.2 kf_vx=-0.00 pending=1673 confirmed=True holding=False
[INFO] [1788861144.952753313] [tracking_pick_node]: class=pet_labeled conf=0.97 anchor=(274.9,624.1) kf_x=267.2 kf_vx=-0.00 pending=1674 confirmed=True holding=False
[INFO] [1788861145.084042308] [tracking_pick_node]: class=pet_labeled conf=0.97 anchor=(274.8,624.0) kf_x=267.2 kf_vx=-0.00 pending=1675 confirmed=True holding=False
[INFO] [1788861145.216474705] [tracking_pick_node]: class=pet_labeled conf=0.97 anchor=(274.9,624.0) kf_x=267.2 kf_vx=-0.00 pending=1676 confirmed=True holding=False
[INFO] [1788861145.350222457] [tracking_pick_node]: class=pet_labeled conf=0.97 anchor=(274.9,624.2) kf_x=267.2 kf_vx=-0.00 pending=1677 confirmed=True holding=False
[INFO] [1788861145.487307517] [tracking_pick_node]: class=pet_labeled conf=0.97 anchor=(274.9,624.1) kf_x=267.2 kf_vx=-0.00 pending=1678 confirmed=True holding=False
[INFO] [1788861145.617116424] [tracking_pick_node]: class=pet_labeled conf=0.97 anchor=(275.0,624.0) kf_x=267.2 kf_vx=-0.00 pending=1679 confirmed=True holding=False
[INFO] [1788861145.750017872] [tracking_pick_node]: class=pet_labeled conf=0.97 anchor=(274.9,624.2) kf_x=267.2 kf_vx=-0.00 pending=1680 confirmed=True holding=False
[INFO] [1788861145.886367885] [tracking_pick_node]: class=pet_labeled conf=0.97 anchor=(275.0,624.2) kf_x=267.2 kf_vx=-0.00 pending=1681 confirmed=True holding=False
[INFO] [1788861146.016295731] [tracking_pick_node]: class=pet_labeled conf=0.97 anchor=(275.0,624.0) kf_x=267.2 kf_vx=0.00 pending=1682 confirmed=True holding=False
[INFO] [1788861146.149521682] [tracking_pick_node]: class=pet_labeled conf=0.97 anchor=(274.9,624.1) kf_x=267.2 kf_vx=0.00 pending=1683 confirmed=True holding=False
[INFO] [1788861146.285553462] [tracking_pick_node]: class=pet_labeled conf=0.97 anchor=(274.9,624.1) kf_x=267.2 kf_vx=0.00 pending=1684 confirmed=True holding=False
[INFO] [1788861146.417664680] [tracking_pick_node]: class=pet_labeled conf=0.97 anchor=(275.0,624.1) kf_x=267.2 kf_vx=0.00 pending=1685 confirmed=True holding=False
[INFO] [1788861146.551964452] [tracking_pick_node]: class=pet_labeled conf=0.97 anchor=(275.1,624.1) kf_x=267.2 kf_vx=0.00 pending=1686 confirmed=True holding=False
[INFO] [1788861146.684870986] [tracking_pick_node]: class=pet_labeled conf=0.97 anchor=(274.9,624.0) kf_x=267.2 kf_vx=0.00 pending=1687 confirmed=True holding=False
[INFO] [1788861146.816611975] [tracking_pick_node]: class=pet_labeled conf=0.97 anchor=(275.0,624.1) kf_x=267.2 kf_vx=0.00 pending=1688 confirmed=True holding=False
[INFO] [1788861146.949749480] [tracking_pick_node]: class=pet_labeled conf=0.97 anchor=(274.9,624.1) kf_x=267.2 kf_vx=0.00 pending=1689 confirmed=True holding=False
[INFO] [1788861147.085389659] [tracking_pick_node]: class=pet_labeled conf=0.97 anchor=(275.0,624.1) kf_x=267.2 kf_vx=0.00 pending=1690 confirmed=True holding=False
[INFO] [1788861147.217757133] [tracking_pick_node]: class=pet_labeled conf=0.97 anchor=(274.9,624.1) kf_x=267.2 kf_vx=0.00 pending=1691 confirmed=True holding=False
[INFO] [1788861147.348111493] [tracking_pick_node]: class=pet_labeled conf=0.97 anchor=(275.0,624.0) kf_x=267.2 kf_vx=0.00 pending=1692 confirmed=True holding=False
[INFO] [1788861147.485392340] [tracking_pick_node]: class=pet_labeled conf=0.97 anchor=(275.0,624.0) kf_x=267.2 kf_vx=0.00 pending=1693 confirmed=True holding=False
[INFO] [1788861147.616438417] [tracking_pick_node]: class=pet_labeled conf=0.97 anchor=(274.9,624.0) kf_x=267.2 kf_vx=0.00 pending=1694 confirmed=True holding=False
[INFO] [1788861147.748402288] [tracking_pick_node]: class=pet_labeled conf=0.97 anchor=(275.0,624.2) kf_x=267.2 kf_vx=0.00 pending=1695 confirmed=True holding=False
[INFO] [1788861147.884408404] [tracking_pick_node]: class=pet_labeled conf=0.97 anchor=(274.8,624.1) kf_x=267.2 kf_vx=0.00 pending=1696 confirmed=True holding=False
[INFO] [1788861148.016405499] [tracking_pick_node]: class=pet_labeled conf=0.97 anchor=(274.9,624.1) kf_x=267.2 kf_vx=-0.00 pending=1697 confirmed=True holding=False
[INFO] [1788861148.150950315] [tracking_pick_node]: class=pet_labeled conf=0.97 anchor=(275.0,624.0) kf_x=267.2 kf_vx=0.00 pending=1698 confirmed=True holding=False
[INFO] [1788861148.284342115] [tracking_pick_node]: class=pet_labeled conf=0.97 anchor=(275.0,624.0) kf_x=267.2 kf_vx=0.00 pending=1699 confirmed=True holding=False
[INFO] [1788861148.418619367] [tracking_pick_node]: class=pet_labeled conf=0.97 anchor=(274.9,624.1) kf_x=267.2 kf_vx=-0.00 pending=1700 confirmed=True holding=False
[INFO] [1788861148.555762739] [tracking_pick_node]: class=pet_labeled conf=0.97 anchor=(275.0,624.1) kf_x=267.2 kf_vx=0.00 pending=1701 confirmed=True holding=False
[INFO] [1788861148.685865796] [tracking_pick_node]: class=pet_labeled conf=0.97 anchor=(274.9,624.1) kf_x=267.2 kf_vx=-0.00 pending=1702 confirmed=True holding=False
[INFO] [1788861148.816726425] [tracking_pick_node]: class=pet_labeled conf=0.97 anchor=(275.0,624.1) kf_x=267.2 kf_vx=0.00 pending=1703 confirmed=True holding=False
[INFO] [1788861148.949804404] [tracking_pick_node]: class=pet_labeled conf=0.97 anchor=(274.9,624.0) kf_x=267.2 kf_vx=-0.00 pending=1704 confirmed=True holding=False
[INFO] [1788861149.085653100] [tracking_pick_node]: class=pet_labeled conf=0.97 anchor=(274.9,624.0) kf_x=267.2 kf_vx=-0.00 pending=1705 confirmed=True holding=False
[INFO] [1788861149.216151487] [tracking_pick_node]: class=pet_labeled conf=0.97 anchor=(274.9,624.0) kf_x=267.2 kf_vx=-0.00 pending=1706 confirmed=True holding=False
[INFO] [1788861149.354879578] [tracking_pick_node]: class=pet_labeled conf=0.97 anchor=(274.9,624.1) kf_x=267.2 kf_vx=-0.00 pending=1707 confirmed=True holding=False
[INFO] [1788861149.484845112] [tracking_pick_node]: class=pet_labeled conf=0.97 anchor=(275.0,624.1) kf_x=267.2 kf_vx=-0.00 pending=1708 confirmed=True holding=False
[INFO] [1788861149.617341100] [tracking_pick_node]: class=pet_labeled conf=0.97 anchor=(275.0,624.0) kf_x=267.2 kf_vx=0.00 pending=1709 confirmed=True holding=False
[INFO] [1788861149.749228105] [tracking_pick_node]: class=pet_labeled conf=0.97 anchor=(275.0,624.1) kf_x=267.2 kf_vx=0.00 pending=1710 confirmed=True holding=False
[INFO] [1788861149.888030319] [tracking_pick_node]: class=pet_labeled conf=0.97 anchor=(274.8,624.0) kf_x=267.2 kf_vx=-0.00 pending=1711 confirmed=True holding=False
[INFO] [1788861150.016389606] [tracking_pick_node]: class=pet_labeled conf=0.97 anchor=(274.9,624.2) kf_x=267.2 kf_vx=-0.00 pending=1712 confirmed=True holding=False
[INFO] [1788861150.151930327] [tracking_pick_node]: class=pet_labeled conf=0.97 anchor=(274.9,624.1) kf_x=267.2 kf_vx=-0.00 pending=1713 confirmed=True holding=False
[INFO] [1788861150.284125431] [tracking_pick_node]: class=pet_labeled conf=0.97 anchor=(275.0,624.1) kf_x=267.2 kf_vx=-0.00 pending=1714 confirmed=True holding=False
[INFO] [1788861150.418083623] [tracking_pick_node]: class=pet_labeled conf=0.97 anchor=(274.9,624.0) kf_x=267.2 kf_vx=-0.00 pending=1715 confirmed=True holding=False
[INFO] [1788861150.550108473] [tracking_pick_node]: class=pet_labeled conf=0.97 anchor=(274.9,624.0) kf_x=267.2 kf_vx=-0.00 pending=1716 confirmed=True holding=False
[INFO] [1788861150.686878511] [tracking_pick_node]: class=pet_labeled conf=0.97 anchor=(274.9,624.1) kf_x=267.2 kf_vx=-0.00 pending=1717 confirmed=True holding=False
[INFO] [1788861150.821386173] [tracking_pick_node]: class=pet_labeled conf=0.97 anchor=(274.9,624.0) kf_x=267.2 kf_vx=-0.00 pending=1718 confirmed=True holding=False
[INFO] [1788861150.952302472] [tracking_pick_node]: class=pet_labeled conf=0.97 anchor=(275.0,624.0) kf_x=267.2 kf_vx=-0.00 pending=1719 confirmed=True holding=False
[INFO] [1788861151.085570048] [tracking_pick_node]: class=pet_labeled conf=0.97 anchor=(275.0,624.1) kf_x=267.2 kf_vx=-0.00 pending=1720 confirmed=True holding=False
[INFO] [1788861151.217329435] [tracking_pick_node]: class=pet_labeled conf=0.97 anchor=(274.9,624.0) kf_x=267.2 kf_vx=-0.00 pending=1721 confirmed=True holding=False
[INFO] [1788861151.348560360] [tracking_pick_node]: class=pet_labeled conf=0.97 anchor=(274.9,624.1) kf_x=267.2 kf_vx=-0.00 pending=1722 confirmed=True holding=False
[INFO] [1788861151.484092201] [tracking_pick_node]: class=pet_labeled conf=0.97 anchor=(275.0,624.0) kf_x=267.2 kf_vx=-0.00 pending=1723 confirmed=True holding=False
[INFO] [1788861151.616458868] [tracking_pick_node]: class=pet_labeled conf=0.97 anchor=(274.9,624.1) kf_x=267.2 kf_vx=-0.00 pending=1724 confirmed=True holding=False
[INFO] [1788861151.754467893] [tracking_pick_node]: class=pet_labeled conf=0.97 anchor=(274.9,624.0) kf_x=267.2 kf_vx=-0.00 pending=1725 confirmed=True holding=False
[INFO] [1788861151.887560608] [tracking_pick_node]: class=pet_labeled conf=0.97 anchor=(274.9,624.1) kf_x=267.2 kf_vx=-0.00 pending=1726 confirmed=True holding=False
[INFO] [1788861152.017414704] [tracking_pick_node]: class=pet_labeled conf=0.96 anchor=(274.9,624.0) kf_x=267.2 kf_vx=-0.00 pending=1727 confirmed=True holding=False
[INFO] [1788861152.150053019] [tracking_pick_node]: class=pet_labeled conf=0.97 anchor=(274.9,624.1) kf_x=267.2 kf_vx=-0.00 pending=1728 confirmed=True holding=False
[INFO] [1788861152.283930883] [tracking_pick_node]: class=pet_labeled conf=0.97 anchor=(274.9,624.1) kf_x=267.2 kf_vx=-0.00 pending=1729 confirmed=True holding=False
[INFO] [1788861152.416708810] [tracking_pick_node]: class=pet_labeled conf=0.97 anchor=(274.9,624.1) kf_x=267.2 kf_vx=-0.00 pending=1730 confirmed=True holding=False
[INFO] [1788861152.548702602] [tracking_pick_node]: class=pet_labeled conf=0.97 anchor=(274.9,624.1) kf_x=267.2 kf_vx=-0.00 pending=1731 confirmed=True holding=False
[INFO] [1788861152.687072266] [tracking_pick_node]: class=pet_labeled conf=0.97 anchor=(274.9,624.0) kf_x=267.2 kf_vx=-0.00 pending=1732 confirmed=True holding=False
[INFO] [1788861152.818243572] [tracking_pick_node]: class=pet_labeled conf=0.97 anchor=(274.9,624.1) kf_x=267.2 kf_vx=-0.00 pending=1733 confirmed=True holding=False
[INFO] [1788861152.950479332] [tracking_pick_node]: class=pet_labeled conf=0.97 anchor=(275.0,624.1) kf_x=267.2 kf_vx=-0.00 pending=1734 confirmed=True holding=False
[INFO] [1788861153.085695521] [tracking_pick_node]: class=pet_labeled conf=0.97 anchor=(275.0,624.1) kf_x=267.2 kf_vx=-0.00 pending=1735 confirmed=True holding=False
[INFO] [1788861153.219994073] [tracking_pick_node]: class=pet_labeled conf=0.97 anchor=(274.9,624.0) kf_x=267.2 kf_vx=-0.00 pending=1736 confirmed=True holding=False
[INFO] [1788861153.348923189] [tracking_pick_node]: class=pet_labeled conf=0.97 anchor=(274.9,624.1) kf_x=267.2 kf_vx=-0.00 pending=1737 confirmed=True holding=False
[INFO] [1788861153.484223334] [tracking_pick_node]: class=pet_labeled conf=0.97 anchor=(274.9,624.1) kf_x=267.2 kf_vx=-0.00 pending=1738 confirmed=True holding=False
[INFO] [1788861153.617628498] [tracking_pick_node]: class=pet_labeled conf=0.97 anchor=(274.9,624.2) kf_x=267.2 kf_vx=-0.00 pending=1739 confirmed=True holding=False
[INFO] [1788861153.748776966] [tracking_pick_node]: class=pet_labeled conf=0.97 anchor=(274.9,624.0) kf_x=267.2 kf_vx=-0.00 pending=1740 confirmed=True holding=False
[INFO] [1788861153.883989524] [tracking_pick_node]: class=pet_labeled conf=0.97 anchor=(274.9,624.1) kf_x=267.2 kf_vx=-0.00 pending=1741 confirmed=True holding=False
[INFO] [1788861154.017879533] [tracking_pick_node]: class=pet_labeled conf=0.97 anchor=(274.9,624.1) kf_x=267.2 kf_vx=-0.00 pending=1742 confirmed=True holding=False
[INFO] [1788861154.149922198] [tracking_pick_node]: class=pet_labeled conf=0.97 anchor=(275.0,624.1) kf_x=267.2 kf_vx=-0.00 pending=1743 confirmed=True holding=False
[INFO] [1788861154.285048344] [tracking_pick_node]: class=pet_labeled conf=0.97 anchor=(275.0,624.1) kf_x=267.2 kf_vx=-0.00 pending=1744 confirmed=True holding=False
[INFO] [1788861154.417634786] [tracking_pick_node]: class=pet_labeled conf=0.97 anchor=(275.0,624.2) kf_x=267.2 kf_vx=0.00 pending=1745 confirmed=True holding=False
[INFO] [1788861154.550187587] [tracking_pick_node]: class=pet_labeled conf=0.97 anchor=(275.0,624.1) kf_x=267.2 kf_vx=0.00 pending=1746 confirmed=True holding=False
[INFO] [1788861154.685373836] [tracking_pick_node]: class=pet_labeled conf=0.97 anchor=(274.9,624.1) kf_x=267.2 kf_vx=0.00 pending=1747 confirmed=True holding=False
[INFO] [1788861154.816700744] [tracking_pick_node]: class=pet_labeled conf=0.97 anchor=(274.9,624.0) kf_x=267.2 kf_vx=0.00 pending=1748 confirmed=True holding=False
[INFO] [1788861154.947962335] [tracking_pick_node]: class=pet_labeled conf=0.97 anchor=(274.8,624.1) kf_x=267.2 kf_vx=-0.00 pending=1749 confirmed=True holding=False
[INFO] [1788861155.086931059] [tracking_pick_node]: class=pet_labeled conf=0.97 anchor=(274.9,624.1) kf_x=267.2 kf_vx=-0.00 pending=1750 confirmed=True holding=False
[INFO] [1788861155.224770022] [tracking_pick_node]: class=pet_labeled conf=0.97 anchor=(274.9,624.1) kf_x=267.2 kf_vx=-0.00 pending=1751 confirmed=True holding=False
[INFO] [1788861155.349501307] [tracking_pick_node]: class=pet_labeled conf=0.97 anchor=(274.9,624.1) kf_x=267.2 kf_vx=-0.00 pending=1752 confirmed=True holding=False
[INFO] [1788861155.487723226] [tracking_pick_node]: class=pet_labeled conf=0.97 anchor=(274.9,624.0) kf_x=267.2 kf_vx=-0.00 pending=1753 confirmed=True holding=False
[INFO] [1788861155.616985814] [tracking_pick_node]: class=pet_labeled conf=0.97 anchor=(274.9,624.1) kf_x=267.2 kf_vx=-0.00 pending=1754 confirmed=True holding=False
[INFO] [1788861155.749488575] [tracking_pick_node]: class=pet_labeled conf=0.97 anchor=(274.9,624.1) kf_x=267.2 kf_vx=-0.00 pending=1755 confirmed=True holding=False
[INFO] [1788861155.884625592] [tracking_pick_node]: class=pet_labeled conf=0.97 anchor=(275.0,624.1) kf_x=267.2 kf_vx=-0.00 pending=1756 confirmed=True holding=False
[INFO] [1788861156.018451066] [tracking_pick_node]: class=pet_labeled conf=0.97 anchor=(275.0,624.1) kf_x=267.2 kf_vx=-0.00 pending=1757 confirmed=True holding=False
[INFO] [1788861156.149287490] [tracking_pick_node]: class=pet_labeled conf=0.97 anchor=(275.0,624.1) kf_x=267.2 kf_vx=0.00 pending=1758 confirmed=True holding=False
[INFO] [1788861156.285363782] [tracking_pick_node]: class=pet_labeled conf=0.97 anchor=(274.9,624.1) kf_x=267.2 kf_vx=-0.00 pending=1759 confirmed=True holding=False
[INFO] [1788861156.417355295] [tracking_pick_node]: class=pet_labeled conf=0.97 anchor=(274.9,624.1) kf_x=267.2 kf_vx=-0.00 pending=1760 confirmed=True holding=False
[INFO] [1788861156.550827308] [tracking_pick_node]: class=pet_labeled conf=0.96 anchor=(274.9,624.0) kf_x=267.2 kf_vx=-0.00 pending=1761 confirmed=True holding=False
[INFO] [1788861156.685110101] [tracking_pick_node]: class=pet_labeled conf=0.97 anchor=(274.9,624.2) kf_x=267.2 kf_vx=-0.00 pending=1762 confirmed=True holding=False
[INFO] [1788861156.816986932] [tracking_pick_node]: class=pet_labeled conf=0.97 anchor=(275.0,624.0) kf_x=267.2 kf_vx=-0.00 pending=1763 confirmed=True holding=False
[INFO] [1788861156.949672689] [tracking_pick_node]: class=pet_labeled conf=0.96 anchor=(274.8,624.1) kf_x=267.2 kf_vx=-0.00 pending=1764 confirmed=True holding=False
[INFO] [1788861157.090122877] [tracking_pick_node]: class=pet_labeled conf=0.97 anchor=(274.9,624.1) kf_x=267.2 kf_vx=-0.00 pending=1765 confirmed=True holding=False
[INFO] [1788861157.220020733] [tracking_pick_node]: class=pet_labeled conf=0.97 anchor=(275.1,624.0) kf_x=267.2 kf_vx=0.00 pending=1766 confirmed=True holding=False
[INFO] [1788861157.348910478] [tracking_pick_node]: class=pet_labeled conf=0.97 anchor=(275.0,624.1) kf_x=267.2 kf_vx=0.00 pending=1767 confirmed=True holding=False
[INFO] [1788861157.485894034] [tracking_pick_node]: class=pet_labeled conf=0.97 anchor=(274.9,624.1) kf_x=267.2 kf_vx=0.00 pending=1768 confirmed=True holding=False
[INFO] [1788861157.620013766] [tracking_pick_node]: class=pet_labeled conf=0.97 anchor=(274.9,624.1) kf_x=267.2 kf_vx=0.00 pending=1769 confirmed=True holding=False
[INFO] [1788861157.750768462] [tracking_pick_node]: class=pet_labeled conf=0.97 anchor=(274.9,624.1) kf_x=267.2 kf_vx=0.00 pending=1770 confirmed=True holding=False
[INFO] [1788861157.884640506] [tracking_pick_node]: class=pet_labeled conf=0.97 anchor=(274.9,624.1) kf_x=267.2 kf_vx=0.00 pending=1771 confirmed=True holding=False
[INFO] [1788861158.016692653] [tracking_pick_node]: class=pet_labeled conf=0.97 anchor=(275.0,624.1) kf_x=267.2 kf_vx=0.00 pending=1772 confirmed=True holding=False
[INFO] [1788861158.149961321] [tracking_pick_node]: class=pet_labeled conf=0.97 anchor=(275.0,624.1) kf_x=267.2 kf_vx=0.00 pending=1773 confirmed=True holding=False
[INFO] [1788861158.281563130] [tracking_pick_node]: class=pet_labeled conf=0.97 anchor=(275.0,624.1) kf_x=267.2 kf_vx=0.00 pending=1774 confirmed=True holding=False
[INFO] [1788861158.417867815] [tracking_pick_node]: class=pet_labeled conf=0.97 anchor=(275.0,624.1) kf_x=267.2 kf_vx=0.01 pending=1775 confirmed=True holding=False
[INFO] [1788861158.549183442] [tracking_pick_node]: class=pet_labeled conf=0.97 anchor=(275.1,624.1) kf_x=267.3 kf_vx=0.01 pending=1776 confirmed=True holding=False
[INFO] [1788861158.681196834] [tracking_pick_node]: class=pet_labeled conf=0.97 anchor=(275.0,624.1) kf_x=267.3 kf_vx=0.01 pending=1777 confirmed=True holding=False
[INFO] [1788861158.816569093] [tracking_pick_node]: class=pet_labeled conf=0.97 anchor=(275.0,624.1) kf_x=267.3 kf_vx=0.01 pending=1778 confirmed=True holding=False
[INFO] [1788861158.948685189] [tracking_pick_node]: class=pet_labeled conf=0.97 anchor=(274.9,624.1) kf_x=267.3 kf_vx=0.01 pending=1779 confirmed=True holding=False
[INFO] [1788861159.083157360] [tracking_pick_node]: class=pet_labeled conf=0.97 anchor=(275.0,624.1) kf_x=267.3 kf_vx=0.01 pending=1780 confirmed=True holding=False
[INFO] [1788861159.218738159] [tracking_pick_node]: class=pet_labeled conf=0.97 anchor=(275.0,624.0) kf_x=267.3 kf_vx=0.01 pending=1781 confirmed=True holding=False
[INFO] [1788861159.348534787] [tracking_pick_node]: class=pet_labeled conf=0.97 anchor=(275.1,624.0) kf_x=267.3 kf_vx=0.01 pending=1782 confirmed=True holding=False
[INFO] [1788861159.480925148] [tracking_pick_node]: class=pet_labeled conf=0.97 anchor=(274.9,624.0) kf_x=267.3 kf_vx=0.01 pending=1783 confirmed=True holding=False
[INFO] [1788861159.617818510] [tracking_pick_node]: class=pet_labeled conf=0.97 anchor=(274.9,624.1) kf_x=267.3 kf_vx=0.01 pending=1784 confirmed=True holding=False
[INFO] [1788861159.749047039] [tracking_pick_node]: class=pet_labeled conf=0.97 anchor=(274.9,624.1) kf_x=267.3 kf_vx=0.01 pending=1785 confirmed=True holding=False
[INFO] [1788861159.880859230] [tracking_pick_node]: class=pet_labeled conf=0.97 anchor=(274.9,624.2) kf_x=267.3 kf_vx=0.00 pending=1786 confirmed=True holding=False
[INFO] [1788861160.017268256] [tracking_pick_node]: class=pet_labeled conf=0.97 anchor=(275.0,624.2) kf_x=267.3 kf_vx=0.00 pending=1787 confirmed=True holding=False
[INFO] [1788861160.150229708] [tracking_pick_node]: class=pet_labeled conf=0.97 anchor=(274.9,624.1) kf_x=267.3 kf_vx=0.00 pending=1788 confirmed=True holding=False
[INFO] [1788861160.289710706] [tracking_pick_node]: class=pet_labeled conf=0.97 anchor=(274.8,624.1) kf_x=267.2 kf_vx=0.00 pending=1789 confirmed=True holding=False
[INFO] [1788861160.424353433] [tracking_pick_node]: class=pet_labeled conf=0.97 anchor=(274.8,624.0) kf_x=267.2 kf_vx=-0.00 pending=1790 confirmed=True holding=False
[INFO] [1788861160.553826535] [tracking_pick_node]: class=pet_labeled conf=0.97 anchor=(274.9,624.0) kf_x=267.2 kf_vx=-0.00 pending=1791 confirmed=True holding=False
[INFO] [1788861160.680738177] [tracking_pick_node]: class=pet_labeled conf=0.97 anchor=(274.9,624.0) kf_x=267.2 kf_vx=-0.00 pending=1792 confirmed=True holding=False
[INFO] [1788861160.818548671] [tracking_pick_node]: class=pet_labeled conf=0.97 anchor=(274.9,624.2) kf_x=267.2 kf_vx=-0.00 pending=1793 confirmed=True holding=False
[INFO] [1788861160.950743558] [tracking_pick_node]: class=pet_labeled conf=0.97 anchor=(275.0,624.1) kf_x=267.2 kf_vx=-0.00 pending=1794 confirmed=True holding=False
[INFO] [1788861161.082653855] [tracking_pick_node]: class=pet_labeled conf=0.97 anchor=(275.0,624.1) kf_x=267.2 kf_vx=-0.00 pending=1795 confirmed=True holding=False
[INFO] [1788861161.218535720] [tracking_pick_node]: class=pet_labeled conf=0.97 anchor=(274.9,624.2) kf_x=267.2 kf_vx=-0.00 pending=1796 confirmed=True holding=False
[INFO] [1788861161.348496567] [tracking_pick_node]: class=pet_labeled conf=0.97 anchor=(275.0,624.0) kf_x=267.2 kf_vx=0.00 pending=1797 confirmed=True holding=False
[INFO] [1788861161.480947994] [tracking_pick_node]: class=pet_labeled conf=0.97 anchor=(274.9,624.1) kf_x=267.2 kf_vx=0.00 pending=1798 confirmed=True holding=False
[INFO] [1788861161.616158282] [tracking_pick_node]: class=pet_labeled conf=0.97 anchor=(274.9,623.9) kf_x=267.2 kf_vx=0.00 pending=1799 confirmed=True holding=False
[INFO] [1788861161.749992718] [tracking_pick_node]: class=pet_labeled conf=0.97 anchor=(274.9,624.1) kf_x=267.2 kf_vx=-0.00 pending=1800 confirmed=True holding=False
[INFO] [1788861161.885816042] [tracking_pick_node]: class=pet_labeled conf=0.97 anchor=(275.0,624.1) kf_x=267.2 kf_vx=-0.00 pending=1801 confirmed=True holding=False
[INFO] [1788861162.019429071] [tracking_pick_node]: class=pet_labeled conf=0.97 anchor=(274.9,624.1) kf_x=267.2 kf_vx=-0.00 pending=1802 confirmed=True holding=False
[INFO] [1788861162.149366739] [tracking_pick_node]: class=pet_labeled conf=0.97 anchor=(275.0,624.1) kf_x=267.2 kf_vx=0.00 pending=1803 confirmed=True holding=False
[INFO] [1788861162.280252688] [tracking_pick_node]: class=pet_labeled conf=0.97 anchor=(274.9,624.0) kf_x=267.2 kf_vx=0.00 pending=1804 confirmed=True holding=False
[INFO] [1788861162.424534129] [tracking_pick_node]: class=pet_labeled conf=0.97 anchor=(275.0,624.1) kf_x=267.2 kf_vx=0.00 pending=1805 confirmed=True holding=False
[INFO] [1788861162.548420578] [tracking_pick_node]: class=pet_labeled conf=0.97 anchor=(275.0,624.0) kf_x=267.2 kf_vx=0.00 pending=1806 confirmed=True holding=False
[INFO] [1788861162.681535677] [tracking_pick_node]: class=pet_labeled conf=0.97 anchor=(274.9,624.1) kf_x=267.2 kf_vx=0.00 pending=1807 confirmed=True holding=False
[INFO] [1788861162.819089017] [tracking_pick_node]: class=pet_labeled conf=0.97 anchor=(274.9,624.0) kf_x=267.2 kf_vx=-0.00 pending=1808 confirmed=True holding=False
[INFO] [1788861162.949834460] [tracking_pick_node]: class=pet_labeled conf=0.96 anchor=(274.9,624.0) kf_x=267.2 kf_vx=-0.00 pending=1809 confirmed=True holding=False
[INFO] [1788861163.082995411] [tracking_pick_node]: class=pet_labeled conf=0.97 anchor=(274.9,624.2) kf_x=267.2 kf_vx=-0.00 pending=1810 confirmed=True holding=False
[INFO] [1788861163.217971993] [tracking_pick_node]: class=pet_labeled conf=0.97 anchor=(275.0,624.0) kf_x=267.2 kf_vx=-0.00 pending=1811 confirmed=True holding=False
[INFO] [1788861163.354101949] [tracking_pick_node]: class=pet_labeled conf=0.97 anchor=(275.0,624.1) kf_x=267.2 kf_vx=-0.00 pending=1812 confirmed=True holding=False
[INFO] [1788861163.481258907] [tracking_pick_node]: class=pet_labeled conf=0.97 anchor=(274.8,624.1) kf_x=267.2 kf_vx=-0.00 pending=1813 confirmed=True holding=False
[INFO] [1788861163.618178217] [tracking_pick_node]: class=pet_labeled conf=0.97 anchor=(274.9,624.1) kf_x=267.2 kf_vx=-0.00 pending=1814 confirmed=True holding=False
[INFO] [1788861163.750088687] [tracking_pick_node]: class=pet_labeled conf=0.97 anchor=(275.0,624.0) kf_x=267.2 kf_vx=-0.00 pending=1815 confirmed=True holding=False
[INFO] [1788861163.881537947] [tracking_pick_node]: class=pet_labeled conf=0.97 anchor=(275.0,624.1) kf_x=267.2 kf_vx=-0.00 pending=1816 confirmed=True holding=False
[INFO] [1788861164.017096868] [tracking_pick_node]: class=pet_labeled conf=0.97 anchor=(274.9,624.1) kf_x=267.2 kf_vx=-0.00 pending=1817 confirmed=True holding=False
[INFO] [1788861164.148560974] [tracking_pick_node]: class=pet_labeled conf=0.97 anchor=(274.9,624.0) kf_x=267.2 kf_vx=-0.00 pending=1818 confirmed=True holding=False
[INFO] [1788861164.280759057] [tracking_pick_node]: class=pet_labeled conf=0.97 anchor=(274.9,624.2) kf_x=267.2 kf_vx=-0.00 pending=1819 confirmed=True holding=False
[INFO] [1788861164.419446875] [tracking_pick_node]: class=pet_labeled conf=0.97 anchor=(274.9,624.0) kf_x=267.2 kf_vx=-0.00 pending=1820 confirmed=True holding=False
[INFO] [1788861164.548886811] [tracking_pick_node]: class=pet_labeled conf=0.97 anchor=(274.9,624.1) kf_x=267.2 kf_vx=-0.00 pending=1821 confirmed=True holding=False
[INFO] [1788861164.682279288] [tracking_pick_node]: class=pet_labeled conf=0.97 anchor=(275.0,624.0) kf_x=267.2 kf_vx=-0.00 pending=1822 confirmed=True holding=False
[INFO] [1788861164.817424527] [tracking_pick_node]: class=pet_labeled conf=0.97 anchor=(274.9,624.1) kf_x=267.2 kf_vx=-0.00 pending=1823 confirmed=True holding=False
[INFO] [1788861164.949536671] [tracking_pick_node]: class=pet_labeled conf=0.97 anchor=(274.9,624.1) kf_x=267.2 kf_vx=-0.00 pending=1824 confirmed=True holding=False
[INFO] [1788861165.080881903] [tracking_pick_node]: class=pet_labeled conf=0.97 anchor=(275.0,624.1) kf_x=267.2 kf_vx=-0.00 pending=1825 confirmed=True holding=False
[INFO] [1788861165.217720967] [tracking_pick_node]: class=pet_labeled conf=0.97 anchor=(274.9,624.1) kf_x=267.2 kf_vx=-0.00 pending=1826 confirmed=True holding=False
[INFO] [1788861165.348726378] [tracking_pick_node]: class=pet_labeled conf=0.97 anchor=(275.0,624.1) kf_x=267.2 kf_vx=-0.00 pending=1827 confirmed=True holding=False
[INFO] [1788861165.480863291] [tracking_pick_node]: class=pet_labeled conf=0.97 anchor=(274.9,624.1) kf_x=267.2 kf_vx=-0.00 pending=1828 confirmed=True holding=False
[INFO] [1788861165.617319014] [tracking_pick_node]: class=pet_labeled conf=0.97 anchor=(274.8,624.1) kf_x=267.2 kf_vx=-0.00 pending=1829 confirmed=True holding=False
[INFO] [1788861165.748897404] [tracking_pick_node]: class=pet_labeled conf=0.97 anchor=(275.0,624.2) kf_x=267.2 kf_vx=-0.00 pending=1830 confirmed=True holding=False
[INFO] [1788861165.881093427] [tracking_pick_node]: class=pet_labeled conf=0.97 anchor=(275.0,624.1) kf_x=267.2 kf_vx=-0.00 pending=1831 confirmed=True holding=False
[INFO] [1788861166.017306825] [tracking_pick_node]: class=pet_labeled conf=0.97 anchor=(274.9,624.1) kf_x=267.2 kf_vx=-0.00 pending=1832 confirmed=True holding=False
[INFO] [1788861166.151195211] [tracking_pick_node]: class=pet_labeled conf=0.97 anchor=(275.0,624.1) kf_x=267.2 kf_vx=-0.00 pending=1833 confirmed=True holding=False
[INFO] [1788861166.280659255] [tracking_pick_node]: class=pet_labeled conf=0.97 anchor=(275.0,624.1) kf_x=267.2 kf_vx=0.00 pending=1834 confirmed=True holding=False
[INFO] [1788861166.420278791] [tracking_pick_node]: class=pet_labeled conf=0.97 anchor=(275.0,624.1) kf_x=267.2 kf_vx=0.00 pending=1835 confirmed=True holding=False
[INFO] [1788861166.549080667] [tracking_pick_node]: class=pet_labeled conf=0.97 anchor=(274.9,624.1) kf_x=267.2 kf_vx=0.00 pending=1836 confirmed=True holding=False
[INFO] [1788861166.680491994] [tracking_pick_node]: class=pet_labeled conf=0.97 anchor=(275.1,624.1) kf_x=267.2 kf_vx=0.00 pending=1837 confirmed=True holding=False
[INFO] [1788861166.823799890] [tracking_pick_node]: class=pet_labeled conf=0.97 anchor=(275.0,624.2) kf_x=267.2 kf_vx=0.00 pending=1838 confirmed=True holding=False
[INFO] [1788861166.949969352] [tracking_pick_node]: class=pet_labeled conf=0.96 anchor=(274.9,624.0) kf_x=267.2 kf_vx=0.00 pending=1839 confirmed=True holding=False
[INFO] [1788861167.081943780] [tracking_pick_node]: class=pet_labeled conf=0.97 anchor=(274.9,624.1) kf_x=267.2 kf_vx=0.00 pending=1840 confirmed=True holding=False
[INFO] [1788861167.218050873] [tracking_pick_node]: class=pet_labeled conf=0.97 anchor=(274.9,624.1) kf_x=267.2 kf_vx=0.00 pending=1841 confirmed=True holding=False
[INFO] [1788861167.349538594] [tracking_pick_node]: class=pet_labeled conf=0.97 anchor=(274.9,624.1) kf_x=267.2 kf_vx=0.00 pending=1842 confirmed=True holding=False
[INFO] [1788861167.481126221] [tracking_pick_node]: class=pet_labeled conf=0.96 anchor=(274.8,624.1) kf_x=267.2 kf_vx=0.00 pending=1843 confirmed=True holding=False
[INFO] [1788861167.618337686] [tracking_pick_node]: class=pet_labeled conf=0.97 anchor=(275.0,624.1) kf_x=267.2 kf_vx=0.00 pending=1844 confirmed=True holding=False
[INFO] [1788861167.749970181] [tracking_pick_node]: class=pet_labeled conf=0.97 anchor=(274.9,624.1) kf_x=267.2 kf_vx=0.00 pending=1845 confirmed=True holding=False
[INFO] [1788861167.880637587] [tracking_pick_node]: class=pet_labeled conf=0.97 anchor=(275.0,624.2) kf_x=267.2 kf_vx=0.00 pending=1846 confirmed=True holding=False
[INFO] [1788861168.017222805] [tracking_pick_node]: class=pet_labeled conf=0.97 anchor=(274.9,624.0) kf_x=267.2 kf_vx=-0.00 pending=1847 confirmed=True holding=False
[INFO] [1788861168.150742942] [tracking_pick_node]: class=pet_labeled conf=0.97 anchor=(274.9,624.0) kf_x=267.2 kf_vx=-0.00 pending=1848 confirmed=True holding=False
[INFO] [1788861168.280542188] [tracking_pick_node]: class=pet_labeled conf=0.97 anchor=(275.0,624.1) kf_x=267.2 kf_vx=0.00 pending=1849 confirmed=True holding=False
[INFO] [1788861168.417883277] [tracking_pick_node]: class=pet_labeled conf=0.97 anchor=(274.8,624.1) kf_x=267.2 kf_vx=-0.00 pending=1850 confirmed=True holding=False
[INFO] [1788861168.550117266] [tracking_pick_node]: class=pet_labeled conf=0.97 anchor=(275.0,624.1) kf_x=267.2 kf_vx=-0.00 pending=1851 confirmed=True holding=False
[INFO] [1788861168.680707805] [tracking_pick_node]: class=pet_labeled conf=0.97 anchor=(274.9,624.1) kf_x=267.2 kf_vx=-0.00 pending=1852 confirmed=True holding=False
[INFO] [1788861168.817524690] [tracking_pick_node]: class=pet_labeled conf=0.97 anchor=(275.0,624.1) kf_x=267.2 kf_vx=0.00 pending=1853 confirmed=True holding=False
[INFO] [1788861168.949664545] [tracking_pick_node]: class=pet_labeled conf=0.97 anchor=(274.8,624.1) kf_x=267.2 kf_vx=-0.00 pending=1854 confirmed=True holding=False
[INFO] [1788861169.081731522] [tracking_pick_node]: class=pet_labeled conf=0.97 anchor=(275.0,624.1) kf_x=267.2 kf_vx=-0.00 pending=1855 confirmed=True holding=False
[INFO] [1788861169.217172867] [tracking_pick_node]: class=pet_labeled conf=0.97 anchor=(275.1,624.1) kf_x=267.2 kf_vx=0.00 pending=1856 confirmed=True holding=False
[INFO] [1788861169.349297754] [tracking_pick_node]: class=pet_labeled conf=0.97 anchor=(274.9,624.1) kf_x=267.2 kf_vx=0.00 pending=1857 confirmed=True holding=False
[INFO] [1788861169.482133958] [tracking_pick_node]: class=pet_labeled conf=0.97 anchor=(274.8,624.1) kf_x=267.2 kf_vx=0.00 pending=1858 confirmed=True holding=False
[INFO] [1788861169.616957419] [tracking_pick_node]: class=pet_labeled conf=0.97 anchor=(274.9,624.0) kf_x=267.2 kf_vx=-0.00 pending=1859 confirmed=True holding=False
[INFO] [1788861169.749642355] [tracking_pick_node]: class=pet_labeled conf=0.97 anchor=(275.0,624.1) kf_x=267.2 kf_vx=0.00 pending=1860 confirmed=True holding=False
[INFO] [1788861169.880793027] [tracking_pick_node]: class=pet_labeled conf=0.97 anchor=(274.9,624.1) kf_x=267.2 kf_vx=0.00 pending=1861 confirmed=True holding=False
[INFO] [1788861170.024653888] [tracking_pick_node]: class=pet_labeled conf=0.97 anchor=(274.9,624.0) kf_x=267.2 kf_vx=-0.00 pending=1862 confirmed=True holding=False
[INFO] [1788861170.149362712] [tracking_pick_node]: class=pet_labeled conf=0.97 anchor=(274.9,624.0) kf_x=267.2 kf_vx=-0.00 pending=1863 confirmed=True holding=False
[INFO] [1788861170.281106794] [tracking_pick_node]: class=pet_labeled conf=0.97 anchor=(275.0,624.0) kf_x=267.2 kf_vx=-0.00 pending=1864 confirmed=True holding=False
[INFO] [1788861170.417898438] [tracking_pick_node]: class=pet_labeled conf=0.97 anchor=(274.8,624.0) kf_x=267.2 kf_vx=-0.00 pending=1865 confirmed=True holding=False
[INFO] [1788861170.549249849] [tracking_pick_node]: class=pet_labeled conf=0.97 anchor=(275.0,624.2) kf_x=267.2 kf_vx=-0.00 pending=1866 confirmed=True holding=False
[INFO] [1788861170.681202551] [tracking_pick_node]: class=pet_labeled conf=0.97 anchor=(274.9,624.1) kf_x=267.2 kf_vx=-0.00 pending=1867 confirmed=True holding=False
[INFO] [1788861170.816537447] [tracking_pick_node]: class=pet_labeled conf=0.97 anchor=(275.0,624.1) kf_x=267.2 kf_vx=-0.00 pending=1868 confirmed=True holding=False
[INFO] [1788861170.948984349] [tracking_pick_node]: class=pet_labeled conf=0.97 anchor=(274.8,624.1) kf_x=267.2 kf_vx=-0.00 pending=1869 confirmed=True holding=False
[INFO] [1788861171.082531898] [tracking_pick_node]: class=pet_labeled conf=0.97 anchor=(274.9,624.0) kf_x=267.2 kf_vx=-0.00 pending=1870 confirmed=True holding=False
[INFO] [1788861171.217334534] [tracking_pick_node]: class=pet_labeled conf=0.97 anchor=(275.0,624.1) kf_x=267.2 kf_vx=-0.00 pending=1871 confirmed=True holding=False
[INFO] [1788861171.349442473] [tracking_pick_node]: class=pet_labeled conf=0.97 anchor=(274.8,624.0) kf_x=267.2 kf_vx=-0.00 pending=1872 confirmed=True holding=False
[INFO] [1788861171.485374629] [tracking_pick_node]: class=pet_labeled conf=0.97 anchor=(275.0,624.2) kf_x=267.2 kf_vx=-0.00 pending=1873 confirmed=True holding=False
[INFO] [1788861171.613462756] [tracking_pick_node]: class=pet_labeled conf=0.97 anchor=(275.0,624.1) kf_x=267.2 kf_vx=-0.00 pending=1874 confirmed=True holding=False
[INFO] [1788861171.748741178] [tracking_pick_node]: class=pet_labeled conf=0.97 anchor=(274.9,624.1) kf_x=267.2 kf_vx=-0.00 pending=1875 confirmed=True holding=False
[INFO] [1788861171.883962387] [tracking_pick_node]: class=pet_labeled conf=0.97 anchor=(275.0,624.0) kf_x=267.2 kf_vx=-0.00 pending=1876 confirmed=True holding=False
[INFO] [1788861172.012787681] [tracking_pick_node]: class=pet_labeled conf=0.97 anchor=(275.0,624.2) kf_x=267.2 kf_vx=0.00 pending=1877 confirmed=True holding=False
[INFO] [1788861172.149533012] [tracking_pick_node]: class=pet_labeled conf=0.97 anchor=(275.0,624.1) kf_x=267.2 kf_vx=0.00 pending=1878 confirmed=True holding=False
[INFO] [1788861172.282559350] [tracking_pick_node]: class=pet_labeled conf=0.97 anchor=(275.0,624.2) kf_x=267.2 kf_vx=0.00 pending=1879 confirmed=True holding=False
[INFO] [1788861172.413358091] [tracking_pick_node]: class=pet_labeled conf=0.97 anchor=(275.0,624.1) kf_x=267.2 kf_vx=0.00 pending=1880 confirmed=True holding=False
[INFO] [1788861172.549846010] [tracking_pick_node]: class=pet_labeled conf=0.97 anchor=(275.0,624.2) kf_x=267.2 kf_vx=0.00 pending=1881 confirmed=True holding=False
[INFO] [1788861172.681632300] [tracking_pick_node]: class=pet_labeled conf=0.97 anchor=(275.1,624.1) kf_x=267.2 kf_vx=0.00 pending=1882 confirmed=True holding=False
[INFO] [1788861172.818230685] [tracking_pick_node]: class=pet_labeled conf=0.96 anchor=(274.9,624.0) kf_x=267.2 kf_vx=0.00 pending=1883 confirmed=True holding=False
[INFO] [1788861172.949008849] [tracking_pick_node]: class=pet_labeled conf=0.97 anchor=(274.9,624.1) kf_x=267.2 kf_vx=0.00 pending=1884 confirmed=True holding=False
[INFO] [1788861173.083381408] [tracking_pick_node]: class=pet_labeled conf=0.97 anchor=(275.0,624.1) kf_x=267.2 kf_vx=0.00 pending=1885 confirmed=True holding=False
[INFO] [1788861173.213877112] [tracking_pick_node]: class=pet_labeled conf=0.97 anchor=(274.9,624.1) kf_x=267.2 kf_vx=0.00 pending=1886 confirmed=True holding=False
[INFO] [1788861173.348961579] [tracking_pick_node]: class=pet_labeled conf=0.97 anchor=(274.9,624.1) kf_x=267.2 kf_vx=0.00 pending=1887 confirmed=True holding=False
[INFO] [1788861173.480653534] [tracking_pick_node]: class=pet_labeled conf=0.97 anchor=(275.0,624.1) kf_x=267.2 kf_vx=0.00 pending=1888 confirmed=True holding=False
[INFO] [1788861173.614619260] [tracking_pick_node]: class=pet_labeled conf=0.97 anchor=(275.0,624.1) kf_x=267.2 kf_vx=0.00 pending=1889 confirmed=True holding=False
[INFO] [1788861173.763201569] [tracking_pick_node]: class=pet_labeled conf=0.96 anchor=(274.9,624.0) kf_x=267.2 kf_vx=0.00 pending=1890 confirmed=True holding=False
[INFO] [1788861173.885923616] [tracking_pick_node]: class=pet_labeled conf=0.97 anchor=(274.9,623.9) kf_x=267.2 kf_vx=0.00 pending=1891 confirmed=True holding=False
[INFO] [1788861174.014149070] [tracking_pick_node]: class=pet_labeled conf=0.97 anchor=(274.9,624.2) kf_x=267.2 kf_vx=0.00 pending=1892 confirmed=True holding=False
[INFO] [1788861174.149573653] [tracking_pick_node]: class=pet_labeled conf=0.97 anchor=(274.9,624.0) kf_x=267.2 kf_vx=0.00 pending=1893 confirmed=True holding=False
[INFO] [1788861174.281262278] [tracking_pick_node]: class=pet_labeled conf=0.97 anchor=(274.9,624.1) kf_x=267.2 kf_vx=-0.00 pending=1894 confirmed=True holding=False
[INFO] [1788861174.414489588] [tracking_pick_node]: class=pet_labeled conf=0.97 anchor=(275.0,624.0) kf_x=267.2 kf_vx=-0.00 pending=1895 confirmed=True holding=False
[INFO] [1788861174.549639269] [tracking_pick_node]: class=pet_labeled conf=0.97 anchor=(275.0,624.0) kf_x=267.2 kf_vx=-0.00 pending=1896 confirmed=True holding=False
[INFO] [1788861174.682751248] [tracking_pick_node]: class=pet_labeled conf=0.97 anchor=(275.0,624.0) kf_x=267.2 kf_vx=0.00 pending=1897 confirmed=True holding=False
[INFO] [1788861174.813671542] [tracking_pick_node]: class=pet_labeled conf=0.97 anchor=(275.0,624.1) kf_x=267.2 kf_vx=0.00 pending=1898 confirmed=True holding=False
[INFO] [1788861174.948366414] [tracking_pick_node]: class=pet_labeled conf=0.97 anchor=(274.9,624.0) kf_x=267.2 kf_vx=0.00 pending=1899 confirmed=True holding=False
[INFO] [1788861175.081612799] [tracking_pick_node]: class=pet_labeled conf=0.97 anchor=(275.0,624.2) kf_x=267.2 kf_vx=0.00 pending=1900 confirmed=True holding=False
[INFO] [1788861175.213009047] [tracking_pick_node]: class=pet_labeled conf=0.97 anchor=(274.9,624.1) kf_x=267.2 kf_vx=0.00 pending=1901 confirmed=True holding=False
[INFO] [1788861175.350483729] [tracking_pick_node]: class=pet_labeled conf=0.97 anchor=(275.0,624.0) kf_x=267.2 kf_vx=0.00 pending=1902 confirmed=True holding=False
[INFO] [1788861175.483792293] [tracking_pick_node]: class=pet_labeled conf=0.97 anchor=(275.0,624.0) kf_x=267.2 kf_vx=0.00 pending=1903 confirmed=True holding=False
[INFO] [1788861175.614917008] [tracking_pick_node]: class=pet_labeled conf=0.97 anchor=(274.8,624.0) kf_x=267.2 kf_vx=-0.00 pending=1904 confirmed=True holding=False
[INFO] [1788861175.752038229] [tracking_pick_node]: class=pet_labeled conf=0.97 anchor=(275.0,624.0) kf_x=267.2 kf_vx=0.00 pending=1905 confirmed=True holding=False
[INFO] [1788861175.882709539] [tracking_pick_node]: class=pet_labeled conf=0.97 anchor=(274.9,624.0) kf_x=267.2 kf_vx=-0.00 pending=1906 confirmed=True holding=False
[INFO] [1788861176.016665336] [tracking_pick_node]: class=pet_labeled conf=0.97 anchor=(275.0,624.2) kf_x=267.2 kf_vx=0.00 pending=1907 confirmed=True holding=False
[INFO] [1788861176.149000416] [tracking_pick_node]: class=pet_labeled conf=0.97 anchor=(275.1,624.2) kf_x=267.2 kf_vx=0.00 pending=1908 confirmed=True holding=False
[INFO] [1788861176.282135039] [tracking_pick_node]: class=pet_labeled conf=0.97 anchor=(274.9,624.1) kf_x=267.2 kf_vx=0.00 pending=1909 confirmed=True holding=False
[INFO] [1788861176.413202541] [tracking_pick_node]: class=pet_labeled conf=0.97 anchor=(274.9,624.1) kf_x=267.2 kf_vx=0.00 pending=1910 confirmed=True holding=False
[INFO] [1788861176.549867670] [tracking_pick_node]: class=pet_labeled conf=0.97 anchor=(274.9,624.0) kf_x=267.2 kf_vx=-0.00 pending=1911 confirmed=True holding=False
[INFO] [1788861176.682084882] [tracking_pick_node]: class=pet_labeled conf=0.97 anchor=(274.9,624.1) kf_x=267.2 kf_vx=-0.00 pending=1912 confirmed=True holding=False
[INFO] [1788861176.813357570] [tracking_pick_node]: class=pet_labeled conf=0.97 anchor=(274.9,624.0) kf_x=267.2 kf_vx=-0.00 pending=1913 confirmed=True holding=False
[INFO] [1788861176.956982996] [tracking_pick_node]: class=pet_labeled conf=0.97 anchor=(275.0,624.1) kf_x=267.2 kf_vx=0.00 pending=1914 confirmed=True holding=False
[INFO] [1788861177.083579261] [tracking_pick_node]: class=pet_labeled conf=0.97 anchor=(275.0,624.1) kf_x=267.2 kf_vx=0.00 pending=1915 confirmed=True holding=False
[INFO] [1788861177.214895606] [tracking_pick_node]: class=pet_labeled conf=0.97 anchor=(275.0,624.1) kf_x=267.2 kf_vx=0.00 pending=1916 confirmed=True holding=False
[INFO] [1788861177.352342691] [tracking_pick_node]: class=pet_labeled conf=0.97 anchor=(274.9,624.2) kf_x=267.2 kf_vx=0.00 pending=1917 confirmed=True holding=False
[INFO] [1788861177.481221205] [tracking_pick_node]: class=pet_labeled conf=0.97 anchor=(274.9,624.1) kf_x=267.2 kf_vx=0.00 pending=1918 confirmed=True holding=False
[INFO] [1788861177.614660756] [tracking_pick_node]: class=pet_labeled conf=0.97 anchor=(274.9,624.1) kf_x=267.2 kf_vx=0.00 pending=1919 confirmed=True holding=False
[INFO] [1788861177.749922734] [tracking_pick_node]: class=pet_labeled conf=0.97 anchor=(274.9,624.1) kf_x=267.2 kf_vx=-0.00 pending=1920 confirmed=True holding=False
[INFO] [1788861177.886637251] [tracking_pick_node]: class=pet_labeled conf=0.97 anchor=(274.9,624.1) kf_x=267.2 kf_vx=-0.00 pending=1921 confirmed=True holding=False
[INFO] [1788861178.013305527] [tracking_pick_node]: class=pet_labeled conf=0.97 anchor=(274.9,624.1) kf_x=267.2 kf_vx=-0.00 pending=1922 confirmed=True holding=False
[INFO] [1788861178.148928169] [tracking_pick_node]: class=pet_labeled conf=0.97 anchor=(274.9,624.1) kf_x=267.2 kf_vx=-0.00 pending=1923 confirmed=True holding=False
[INFO] [1788861178.281029717] [tracking_pick_node]: class=pet_labeled conf=0.97 anchor=(274.9,624.1) kf_x=267.2 kf_vx=-0.00 pending=1924 confirmed=True holding=False
[INFO] [1788861178.413252328] [tracking_pick_node]: class=pet_labeled conf=0.97 anchor=(275.0,624.0) kf_x=267.2 kf_vx=-0.00 pending=1925 confirmed=True holding=False
[INFO] [1788861178.552601975] [tracking_pick_node]: class=pet_labeled conf=0.97 anchor=(274.9,624.1) kf_x=267.2 kf_vx=-0.00 pending=1926 confirmed=True holding=False
[INFO] [1788861178.682558101] [tracking_pick_node]: class=pet_labeled conf=0.97 anchor=(274.9,624.1) kf_x=267.2 kf_vx=-0.00 pending=1927 confirmed=True holding=False
[INFO] [1788861178.813099408] [tracking_pick_node]: class=pet_labeled conf=0.96 anchor=(274.9,624.1) kf_x=267.2 kf_vx=-0.00 pending=1928 confirmed=True holding=False
[INFO] [1788861178.950585574] [tracking_pick_node]: class=pet_labeled conf=0.97 anchor=(274.9,624.0) kf_x=267.2 kf_vx=-0.00 pending=1929 confirmed=True holding=False
[INFO] [1788861179.082896368] [tracking_pick_node]: class=pet_labeled conf=0.97 anchor=(275.0,624.0) kf_x=267.2 kf_vx=-0.00 pending=1930 confirmed=True holding=False
[INFO] [1788861179.214304281] [tracking_pick_node]: class=pet_labeled conf=0.97 anchor=(274.9,624.1) kf_x=267.2 kf_vx=-0.00 pending=1931 confirmed=True holding=False
[INFO] [1788861179.349115821] [tracking_pick_node]: class=pet_labeled conf=0.97 anchor=(275.0,624.1) kf_x=267.2 kf_vx=-0.00 pending=1932 confirmed=True holding=False
[INFO] [1788861179.487489498] [tracking_pick_node]: class=pet_labeled conf=0.97 anchor=(274.9,624.1) kf_x=267.2 kf_vx=-0.00 pending=1933 confirmed=True holding=False
[INFO] [1788861179.614591740] [tracking_pick_node]: class=pet_labeled conf=0.97 anchor=(275.0,624.0) kf_x=267.2 kf_vx=-0.00 pending=1934 confirmed=True holding=False
[INFO] [1788861179.749157090] [tracking_pick_node]: class=pet_labeled conf=0.97 anchor=(274.9,624.2) kf_x=267.2 kf_vx=-0.00 pending=1935 confirmed=True holding=False
[INFO] [1788861179.883092336] [tracking_pick_node]: class=pet_labeled conf=0.97 anchor=(275.1,624.1) kf_x=267.2 kf_vx=0.00 pending=1936 confirmed=True holding=False
[INFO] [1788861180.017604001] [tracking_pick_node]: class=pet_labeled conf=0.97 anchor=(274.9,624.0) kf_x=267.2 kf_vx=0.00 pending=1937 confirmed=True holding=False
[INFO] [1788861180.149358890] [tracking_pick_node]: class=pet_labeled conf=0.97 anchor=(274.9,624.0) kf_x=267.2 kf_vx=-0.00 pending=1938 confirmed=True holding=False
[INFO] [1788861180.280778420] [tracking_pick_node]: class=pet_labeled conf=0.97 anchor=(275.0,624.1) kf_x=267.2 kf_vx=-0.00 pending=1939 confirmed=True holding=False
[INFO] [1788861180.416533141] [tracking_pick_node]: class=pet_labeled conf=0.97 anchor=(275.0,624.1) kf_x=267.2 kf_vx=0.00 pending=1940 confirmed=True holding=False
[INFO] [1788861180.549369322] [tracking_pick_node]: class=pet_labeled conf=0.97 anchor=(275.0,624.2) kf_x=267.2 kf_vx=0.00 pending=1941 confirmed=True holding=False
[INFO] [1788861180.682210838] [tracking_pick_node]: class=pet_labeled conf=0.97 anchor=(275.0,624.1) kf_x=267.2 kf_vx=0.00 pending=1942 confirmed=True holding=False
[INFO] [1788861180.812830303] [tracking_pick_node]: class=pet_labeled conf=0.97 anchor=(274.9,624.1) kf_x=267.2 kf_vx=0.00 pending=1943 confirmed=True holding=False
[INFO] [1788861180.949116331] [tracking_pick_node]: class=pet_labeled conf=0.97 anchor=(275.0,624.1) kf_x=267.2 kf_vx=0.00 pending=1944 confirmed=True holding=False
[INFO] [1788861181.080852817] [tracking_pick_node]: class=pet_labeled conf=0.97 anchor=(275.1,624.1) kf_x=267.2 kf_vx=0.00 pending=1945 confirmed=True holding=False
[INFO] [1788861181.212785136] [tracking_pick_node]: class=pet_labeled conf=0.97 anchor=(275.0,624.1) kf_x=267.3 kf_vx=0.00 pending=1946 confirmed=True holding=False
[INFO] [1788861181.349032331] [tracking_pick_node]: class=pet_labeled conf=0.97 anchor=(274.9,624.1) kf_x=267.3 kf_vx=0.00 pending=1947 confirmed=True holding=False
[INFO] [1788861181.480849801] [tracking_pick_node]: class=pet_labeled conf=0.97 anchor=(274.9,624.1) kf_x=267.2 kf_vx=0.00 pending=1948 confirmed=True holding=False
[INFO] [1788861181.622763551] [tracking_pick_node]: class=pet_labeled conf=0.97 anchor=(275.0,624.0) kf_x=267.2 kf_vx=0.00 pending=1949 confirmed=True holding=False
[INFO] [1788861181.749726717] [tracking_pick_node]: class=pet_labeled conf=0.97 anchor=(274.9,624.1) kf_x=267.2 kf_vx=0.00 pending=1950 confirmed=True holding=False
[INFO] [1788861181.881480616] [tracking_pick_node]: class=pet_labeled conf=0.97 anchor=(274.9,624.1) kf_x=267.2 kf_vx=0.00 pending=1951 confirmed=True holding=False
[INFO] [1788861182.012929300] [tracking_pick_node]: class=pet_labeled conf=0.97 anchor=(275.0,624.1) kf_x=267.2 kf_vx=0.00 pending=1952 confirmed=True holding=False
[INFO] [1788861182.148969417] [tracking_pick_node]: class=pet_labeled conf=0.97 anchor=(274.9,624.1) kf_x=267.2 kf_vx=0.00 pending=1953 confirmed=True holding=False
[INFO] [1788861182.281558597] [tracking_pick_node]: class=pet_labeled conf=0.97 anchor=(275.0,624.1) kf_x=267.2 kf_vx=0.00 pending=1954 confirmed=True holding=False
[INFO] [1788861182.415082803] [tracking_pick_node]: class=pet_labeled conf=0.97 anchor=(274.9,624.1) kf_x=267.2 kf_vx=0.00 pending=1955 confirmed=True holding=False
[INFO] [1788861182.550475577] [tracking_pick_node]: class=pet_labeled conf=0.96 anchor=(274.9,624.1) kf_x=267.2 kf_vx=-0.00 pending=1956 confirmed=True holding=False
[INFO] [1788861182.681246232] [tracking_pick_node]: class=pet_labeled conf=0.97 anchor=(275.0,624.1) kf_x=267.2 kf_vx=-0.00 pending=1957 confirmed=True holding=False
[INFO] [1788861182.814076426] [tracking_pick_node]: class=pet_labeled conf=0.97 anchor=(274.9,624.1) kf_x=267.2 kf_vx=-0.00 pending=1958 confirmed=True holding=False
[INFO] [1788861182.949006439] [tracking_pick_node]: class=pet_labeled conf=0.97 anchor=(275.0,624.2) kf_x=267.2 kf_vx=-0.00 pending=1959 confirmed=True holding=False
[INFO] [1788861183.083332585] [tracking_pick_node]: class=pet_labeled conf=0.97 anchor=(274.8,624.1) kf_x=267.2 kf_vx=-0.00 pending=1960 confirmed=True holding=False
[INFO] [1788861183.214610193] [tracking_pick_node]: class=pet_labeled conf=0.97 anchor=(275.0,624.0) kf_x=267.2 kf_vx=-0.00 pending=1961 confirmed=True holding=False
[INFO] [1788861183.349111423] [tracking_pick_node]: class=pet_labeled conf=0.97 anchor=(275.0,624.1) kf_x=267.2 kf_vx=-0.00 pending=1962 confirmed=True holding=False
[INFO] [1788861183.483605282] [tracking_pick_node]: class=pet_labeled conf=0.97 anchor=(275.0,624.1) kf_x=267.2 kf_vx=0.00 pending=1963 confirmed=True holding=False
[INFO] [1788861183.614428405] [tracking_pick_node]: class=pet_labeled conf=0.97 anchor=(275.0,624.0) kf_x=267.2 kf_vx=0.00 pending=1964 confirmed=True holding=False
[INFO] [1788861183.749240348] [tracking_pick_node]: class=pet_labeled conf=0.97 anchor=(274.9,624.0) kf_x=267.2 kf_vx=-0.00 pending=1965 confirmed=True holding=False
[INFO] [1788861183.880869237] [tracking_pick_node]: class=pet_labeled conf=0.97 anchor=(275.0,624.1) kf_x=267.2 kf_vx=0.00 pending=1966 confirmed=True holding=False
[INFO] [1788861184.013150205] [tracking_pick_node]: class=pet_labeled conf=0.97 anchor=(274.9,624.0) kf_x=267.2 kf_vx=-0.00 pending=1967 confirmed=True holding=False
[INFO] [1788861184.149171213] [tracking_pick_node]: class=pet_labeled conf=0.97 anchor=(275.0,624.2) kf_x=267.2 kf_vx=0.00 pending=1968 confirmed=True holding=False
[INFO] [1788861184.283172103] [tracking_pick_node]: class=pet_labeled conf=0.97 anchor=(275.0,624.2) kf_x=267.2 kf_vx=0.00 pending=1969 confirmed=True holding=False
[INFO] [1788861184.415256421] [tracking_pick_node]: class=pet_labeled conf=0.97 anchor=(274.9,624.1) kf_x=267.2 kf_vx=0.00 pending=1970 confirmed=True holding=False
[INFO] [1788861184.549961573] [tracking_pick_node]: class=pet_labeled conf=0.97 anchor=(275.0,624.1) kf_x=267.2 kf_vx=0.00 pending=1971 confirmed=True holding=False
[INFO] [1788861184.683069212] [tracking_pick_node]: class=pet_labeled conf=0.97 anchor=(275.0,624.0) kf_x=267.2 kf_vx=0.00 pending=1972 confirmed=True holding=False
[INFO] [1788861184.814609140] [tracking_pick_node]: class=pet_labeled conf=0.97 anchor=(274.9,624.2) kf_x=267.2 kf_vx=0.00 pending=1973 confirmed=True holding=False
[INFO] [1788861184.944910372] [tracking_pick_node]: class=pet_labeled conf=0.97 anchor=(274.9,624.1) kf_x=267.2 kf_vx=0.00 pending=1974 confirmed=True holding=False
[INFO] [1788861185.081105980] [tracking_pick_node]: class=pet_labeled conf=0.97 anchor=(274.9,624.2) kf_x=267.2 kf_vx=0.00 pending=1975 confirmed=True holding=False
[INFO] [1788861185.213221768] [tracking_pick_node]: class=pet_labeled conf=0.97 anchor=(274.9,624.0) kf_x=267.2 kf_vx=-0.00 pending=1976 confirmed=True holding=False
[INFO] [1788861185.346769495] [tracking_pick_node]: class=pet_labeled conf=0.97 anchor=(275.0,624.2) kf_x=267.2 kf_vx=0.00 pending=1977 confirmed=True holding=False
[INFO] [1788861185.482033905] [tracking_pick_node]: class=pet_labeled conf=0.97 anchor=(275.0,624.0) kf_x=267.2 kf_vx=0.00 pending=1978 confirmed=True holding=False
[INFO] [1788861185.613602316] [tracking_pick_node]: class=pet_labeled conf=0.97 anchor=(275.0,624.1) kf_x=267.2 kf_vx=0.00 pending=1979 confirmed=True holding=False
[INFO] [1788861185.750631912] [tracking_pick_node]: class=pet_labeled conf=0.97 anchor=(274.9,624.1) kf_x=267.2 kf_vx=-0.00 pending=1980 confirmed=True holding=False
[INFO] [1788861185.881292843] [tracking_pick_node]: class=pet_labeled conf=0.97 anchor=(274.9,624.1) kf_x=267.2 kf_vx=-0.00 pending=1981 confirmed=True holding=False
[INFO] [1788861186.013075925] [tracking_pick_node]: class=pet_labeled conf=0.97 anchor=(274.8,624.1) kf_x=267.2 kf_vx=-0.00 pending=1982 confirmed=True holding=False
[INFO] [1788861186.148013158] [tracking_pick_node]: class=pet_labeled conf=0.97 anchor=(275.0,624.1) kf_x=267.2 kf_vx=-0.00 pending=1983 confirmed=True holding=False
[INFO] [1788861186.282780509] [tracking_pick_node]: class=pet_labeled conf=0.97 anchor=(274.9,624.2) kf_x=267.2 kf_vx=-0.00 pending=1984 confirmed=True holding=False
[INFO] [1788861186.416527223] [tracking_pick_node]: class=pet_labeled conf=0.97 anchor=(275.0,624.0) kf_x=267.2 kf_vx=-0.00 pending=1985 confirmed=True holding=False
[INFO] [1788861186.547255028] [tracking_pick_node]: class=pet_labeled conf=0.97 anchor=(274.9,624.1) kf_x=267.2 kf_vx=-0.00 pending=1986 confirmed=True holding=False
[INFO] [1788861186.682686304] [tracking_pick_node]: class=pet_labeled conf=0.97 anchor=(275.0,624.2) kf_x=267.2 kf_vx=0.00 pending=1987 confirmed=True holding=False
[INFO] [1788861186.813249834] [tracking_pick_node]: class=pet_labeled conf=0.97 anchor=(274.9,624.1) kf_x=267.2 kf_vx=-0.00 pending=1988 confirmed=True holding=False
[INFO] [1788861186.954253068] [tracking_pick_node]: class=pet_labeled conf=0.96 anchor=(275.0,624.1) kf_x=267.2 kf_vx=-0.00 pending=1989 confirmed=True holding=False
[INFO] [1788861187.082502892] [tracking_pick_node]: class=pet_labeled conf=0.97 anchor=(275.0,624.1) kf_x=267.2 kf_vx=0.00 pending=1990 confirmed=True holding=False
[INFO] [1788861187.213310202] [tracking_pick_node]: class=pet_labeled conf=0.97 anchor=(274.9,624.0) kf_x=267.2 kf_vx=0.00 pending=1991 confirmed=True holding=False
[INFO] [1788861187.345723021] [tracking_pick_node]: class=pet_labeled conf=0.97 anchor=(274.9,624.0) kf_x=267.2 kf_vx=-0.00 pending=1992 confirmed=True holding=False
[INFO] [1788861187.481865430] [tracking_pick_node]: class=pet_labeled conf=0.97 anchor=(274.9,624.0) kf_x=267.2 kf_vx=-0.00 pending=1993 confirmed=True holding=False
[INFO] [1788861187.615314452] [tracking_pick_node]: class=pet_labeled conf=0.97 anchor=(275.0,624.2) kf_x=267.2 kf_vx=0.00 pending=1994 confirmed=True holding=False
[INFO] [1788861187.748874944] [tracking_pick_node]: class=pet_labeled conf=0.97 anchor=(274.9,624.1) kf_x=267.2 kf_vx=-0.00 pending=1995 confirmed=True holding=False
[INFO] [1788861187.882603267] [tracking_pick_node]: class=pet_labeled conf=0.97 anchor=(275.0,624.1) kf_x=267.2 kf_vx=0.00 pending=1996 confirmed=True holding=False
[INFO] [1788861188.019186645] [tracking_pick_node]: class=pet_labeled conf=0.97 anchor=(274.9,624.2) kf_x=267.2 kf_vx=0.00 pending=1997 confirmed=True holding=False
[INFO] [1788861188.146954216] [tracking_pick_node]: class=pet_labeled conf=0.97 anchor=(274.9,624.1) kf_x=267.2 kf_vx=-0.00 pending=1998 confirmed=True holding=False
[INFO] [1788861188.281531066] [tracking_pick_node]: class=pet_labeled conf=0.97 anchor=(274.9,624.1) kf_x=267.2 kf_vx=-0.00 pending=1999 confirmed=True holding=False
[INFO] [1788861188.416302117] [tracking_pick_node]: class=pet_labeled conf=0.97 anchor=(275.0,624.1) kf_x=267.2 kf_vx=0.00 pending=2000 confirmed=True holding=False
[INFO] [1788861188.551589503] [tracking_pick_node]: class=pet_labeled conf=0.97 anchor=(274.9,624.1) kf_x=267.2 kf_vx=-0.00 pending=2001 confirmed=True holding=False
[INFO] [1788861188.681412426] [tracking_pick_node]: class=pet_labeled conf=0.97 anchor=(274.9,624.1) kf_x=267.2 kf_vx=-0.00 pending=2002 confirmed=True holding=False
[INFO] [1788861188.815793822] [tracking_pick_node]: class=pet_labeled conf=0.97 anchor=(274.9,624.0) kf_x=267.2 kf_vx=-0.00 pending=2003 confirmed=True holding=False
[INFO] [1788861188.948469327] [tracking_pick_node]: class=pet_labeled conf=0.97 anchor=(274.9,624.1) kf_x=267.2 kf_vx=-0.00 pending=2004 confirmed=True holding=False
[INFO] [1788861189.086523923] [tracking_pick_node]: class=pet_labeled conf=0.97 anchor=(274.9,624.0) kf_x=267.2 kf_vx=-0.00 pending=2005 confirmed=True holding=False
[INFO] [1788861189.215958330] [tracking_pick_node]: class=pet_labeled conf=0.97 anchor=(274.9,624.1) kf_x=267.2 kf_vx=-0.00 pending=2006 confirmed=True holding=False
[INFO] [1788861189.345770521] [tracking_pick_node]: class=pet_labeled conf=0.97 anchor=(274.9,624.1) kf_x=267.2 kf_vx=-0.00 pending=2007 confirmed=True holding=False
[INFO] [1788861189.481830987] [tracking_pick_node]: class=pet_labeled conf=0.97 anchor=(274.9,624.1) kf_x=267.2 kf_vx=-0.00 pending=2008 confirmed=True holding=False
[INFO] [1788861189.612566394] [tracking_pick_node]: class=pet_labeled conf=0.97 anchor=(275.0,624.1) kf_x=267.2 kf_vx=-0.00 pending=2009 confirmed=True holding=False
[INFO] [1788861189.747548249] [tracking_pick_node]: class=pet_labeled conf=0.97 anchor=(275.0,624.0) kf_x=267.2 kf_vx=-0.00 pending=2010 confirmed=True holding=False
[INFO] [1788861189.881275219] [tracking_pick_node]: class=pet_labeled conf=0.97 anchor=(274.9,624.1) kf_x=267.2 kf_vx=-0.00 pending=2011 confirmed=True holding=False
[INFO] [1788861190.016259465] [tracking_pick_node]: class=pet_labeled conf=0.97 anchor=(274.8,624.1) kf_x=267.2 kf_vx=-0.00 pending=2012 confirmed=True holding=False
[INFO] [1788861190.145346788] [tracking_pick_node]: class=pet_labeled conf=0.97 anchor=(275.0,624.0) kf_x=267.2 kf_vx=-0.00 pending=2013 confirmed=True holding=False
[INFO] [1788861190.281926632] [tracking_pick_node]: class=pet_labeled conf=0.97 anchor=(275.0,624.2) kf_x=267.2 kf_vx=-0.00 pending=2014 confirmed=True holding=False
[INFO] [1788861190.418297214] [tracking_pick_node]: class=pet_labeled conf=0.97 anchor=(274.9,624.1) kf_x=267.2 kf_vx=-0.00 pending=2015 confirmed=True holding=False
[INFO] [1788861190.549775345] [tracking_pick_node]: class=pet_labeled conf=0.96 anchor=(274.8,624.1) kf_x=267.2 kf_vx=-0.00 pending=2016 confirmed=True holding=False
[INFO] [1788861190.681414180] [tracking_pick_node]: class=pet_labeled conf=0.97 anchor=(274.9,624.1) kf_x=267.2 kf_vx=-0.00 pending=2017 confirmed=True holding=False
[INFO] [1788861190.818233042] [tracking_pick_node]: class=pet_labeled conf=0.97 anchor=(274.9,624.1) kf_x=267.2 kf_vx=-0.00 pending=2018 confirmed=True holding=False
[INFO] [1788861190.948344572] [tracking_pick_node]: class=pet_labeled conf=0.97 anchor=(274.9,624.2) kf_x=267.2 kf_vx=-0.00 pending=2019 confirmed=True holding=False
[INFO] [1788861191.083882792] [tracking_pick_node]: class=pet_labeled conf=0.97 anchor=(275.0,624.1) kf_x=267.2 kf_vx=-0.00 pending=2020 confirmed=True holding=False
[INFO] [1788861191.214593769] [tracking_pick_node]: class=pet_labeled conf=0.97 anchor=(275.1,624.1) kf_x=267.2 kf_vx=0.00 pending=2021 confirmed=True holding=False
[INFO] [1788861191.346425791] [tracking_pick_node]: class=pet_labeled conf=0.97 anchor=(274.9,624.1) kf_x=267.2 kf_vx=0.00 pending=2022 confirmed=True holding=False
[INFO] [1788861191.481076242] [tracking_pick_node]: class=pet_labeled conf=0.97 anchor=(274.9,624.2) kf_x=267.2 kf_vx=-0.00 pending=2023 confirmed=True holding=False
[INFO] [1788861191.613913267] [tracking_pick_node]: class=pet_labeled conf=0.97 anchor=(275.0,624.2) kf_x=267.2 kf_vx=0.00 pending=2024 confirmed=True holding=False
[INFO] [1788861191.745014885] [tracking_pick_node]: class=pet_labeled conf=0.97 anchor=(274.8,624.1) kf_x=267.2 kf_vx=-0.00 pending=2025 confirmed=True holding=False
[INFO] [1788861191.883937719] [tracking_pick_node]: class=pet_labeled conf=0.97 anchor=(275.0,624.1) kf_x=267.2 kf_vx=0.00 pending=2026 confirmed=True holding=False
[INFO] [1788861192.015200268] [tracking_pick_node]: class=pet_labeled conf=0.97 anchor=(274.9,624.0) kf_x=267.2 kf_vx=-0.00 pending=2027 confirmed=True holding=False
[INFO] [1788861192.145460796] [tracking_pick_node]: class=pet_labeled conf=0.97 anchor=(275.0,624.1) kf_x=267.2 kf_vx=0.00 pending=2028 confirmed=True holding=False
[INFO] [1788861192.282377302] [tracking_pick_node]: class=pet_labeled conf=0.97 anchor=(274.9,624.2) kf_x=267.2 kf_vx=0.00 pending=2029 confirmed=True holding=False
[INFO] [1788861192.413892185] [tracking_pick_node]: class=pet_labeled conf=0.97 anchor=(275.0,624.1) kf_x=267.2 kf_vx=0.00 pending=2030 confirmed=True holding=False
[INFO] [1788861192.545505312] [tracking_pick_node]: class=pet_labeled conf=0.97 anchor=(275.0,624.3) kf_x=267.2 kf_vx=0.00 pending=2031 confirmed=True holding=False
[INFO] [1788861192.681328433] [tracking_pick_node]: class=pet_labeled conf=0.96 anchor=(274.9,624.0) kf_x=267.2 kf_vx=0.00 pending=2032 confirmed=True holding=False
[INFO] [1788861192.813373464] [tracking_pick_node]: class=pet_labeled conf=0.97 anchor=(275.1,624.0) kf_x=267.2 kf_vx=0.00 pending=2033 confirmed=True holding=False
[INFO] [1788861192.946857402] [tracking_pick_node]: class=pet_labeled conf=0.97 anchor=(275.0,624.1) kf_x=267.2 kf_vx=0.00 pending=2034 confirmed=True holding=False
[INFO] [1788861193.081249800] [tracking_pick_node]: class=pet_labeled conf=0.97 anchor=(274.9,624.1) kf_x=267.2 kf_vx=0.00 pending=2035 confirmed=True holding=False
[INFO] [1788861193.215604344] [tracking_pick_node]: class=pet_labeled conf=0.97 anchor=(275.0,624.1) kf_x=267.2 kf_vx=0.00 pending=2036 confirmed=True holding=False
[INFO] [1788861193.345701410] [tracking_pick_node]: class=pet_labeled conf=0.97 anchor=(274.8,624.1) kf_x=267.2 kf_vx=0.00 pending=2037 confirmed=True holding=False
[INFO] [1788861193.481049343] [tracking_pick_node]: class=pet_labeled conf=0.97 anchor=(275.0,624.1) kf_x=267.2 kf_vx=0.00 pending=2038 confirmed=True holding=False
[INFO] [1788861193.621265404] [tracking_pick_node]: class=pet_labeled conf=0.97 anchor=(274.9,624.1) kf_x=267.2 kf_vx=0.00 pending=2039 confirmed=True holding=False
[INFO] [1788861193.746100886] [tracking_pick_node]: class=pet_labeled conf=0.97 anchor=(274.9,624.1) kf_x=267.2 kf_vx=0.00 pending=2040 confirmed=True holding=False
[INFO] [1788861193.882856644] [tracking_pick_node]: class=pet_labeled conf=0.97 anchor=(274.9,624.1) kf_x=267.2 kf_vx=0.00 pending=2041 confirmed=True holding=False
[INFO] [1788861194.013652989] [tracking_pick_node]: class=pet_labeled conf=0.97 anchor=(275.0,624.2) kf_x=267.2 kf_vx=0.00 pending=2042 confirmed=True holding=False
[INFO] [1788861194.145660848] [tracking_pick_node]: class=pet_labeled conf=0.97 anchor=(274.9,624.2) kf_x=267.2 kf_vx=0.00 pending=2043 confirmed=True holding=False
[INFO] [1788861194.281101840] [tracking_pick_node]: class=pet_labeled conf=0.97 anchor=(275.0,624.1) kf_x=267.2 kf_vx=0.00 pending=2044 confirmed=True holding=False
[INFO] [1788861194.414640813] [tracking_pick_node]: class=pet_labeled conf=0.97 anchor=(274.9,624.1) kf_x=267.2 kf_vx=0.00 pending=2045 confirmed=True holding=False
[INFO] [1788861194.548689494] [tracking_pick_node]: class=pet_labeled conf=0.97 anchor=(274.9,624.1) kf_x=267.2 kf_vx=-0.00 pending=2046 confirmed=True holding=False
[INFO] [1788861194.682209161] [tracking_pick_node]: class=pet_labeled conf=0.97 anchor=(274.9,624.1) kf_x=267.2 kf_vx=-0.00 pending=2047 confirmed=True holding=False
[INFO] [1788861194.813673975] [tracking_pick_node]: class=pet_labeled conf=0.97 anchor=(274.9,624.1) kf_x=267.2 kf_vx=-0.00 pending=2048 confirmed=True holding=False
[INFO] [1788861194.946774832] [tracking_pick_node]: class=pet_labeled conf=0.97 anchor=(274.9,624.2) kf_x=267.2 kf_vx=-0.00 pending=2049 confirmed=True holding=False
[INFO] [1788861195.081497691] [tracking_pick_node]: class=pet_labeled conf=0.97 anchor=(274.9,624.1) kf_x=267.2 kf_vx=-0.00 pending=2050 confirmed=True holding=False
[INFO] [1788861195.213452834] [tracking_pick_node]: class=pet_labeled conf=0.97 anchor=(275.0,624.0) kf_x=267.2 kf_vx=-0.00 pending=2051 confirmed=True holding=False
[INFO] [1788861195.344587452] [tracking_pick_node]: class=pet_labeled conf=0.97 anchor=(274.9,624.1) kf_x=267.2 kf_vx=-0.00 pending=2052 confirmed=True holding=False
[INFO] [1788861195.483241238] [tracking_pick_node]: class=pet_labeled conf=0.97 anchor=(274.9,624.1) kf_x=267.2 kf_vx=-0.00 pending=2053 confirmed=True holding=False
[INFO] [1788861195.616757259] [tracking_pick_node]: class=pet_labeled conf=0.97 anchor=(275.0,624.1) kf_x=267.2 kf_vx=-0.00 pending=2054 confirmed=True holding=False
[INFO] [1788861195.746359326] [tracking_pick_node]: class=pet_labeled conf=0.97 anchor=(275.0,624.1) kf_x=267.2 kf_vx=0.00 pending=2055 confirmed=True holding=False
[INFO] [1788861195.882443508] [tracking_pick_node]: class=pet_labeled conf=0.97 anchor=(274.9,624.0) kf_x=267.2 kf_vx=-0.00 pending=2056 confirmed=True holding=False
[INFO] [1788861196.012983899] [tracking_pick_node]: class=pet_labeled conf=0.97 anchor=(274.9,624.1) kf_x=267.2 kf_vx=-0.00 pending=2057 confirmed=True holding=False
[INFO] [1788861196.145041104] [tracking_pick_node]: class=pet_labeled conf=0.97 anchor=(274.9,624.1) kf_x=267.2 kf_vx=-0.00 pending=2058 confirmed=True holding=False
[INFO] [1788861196.282447624] [tracking_pick_node]: class=pet_labeled conf=0.97 anchor=(274.9,624.1) kf_x=267.2 kf_vx=-0.00 pending=2059 confirmed=True holding=False
[INFO] [1788861196.414268149] [tracking_pick_node]: class=pet_labeled conf=0.97 anchor=(275.0,624.1) kf_x=267.2 kf_vx=-0.00 pending=2060 confirmed=True holding=False
[INFO] [1788861196.547092355] [tracking_pick_node]: class=pet_labeled conf=0.97 anchor=(275.1,624.1) kf_x=267.2 kf_vx=0.00 pending=2061 confirmed=True holding=False
[INFO] [1788861196.681355274] [tracking_pick_node]: class=pet_labeled conf=0.97 anchor=(274.9,624.2) kf_x=267.2 kf_vx=0.00 pending=2062 confirmed=True holding=False
[INFO] [1788861196.814169482] [tracking_pick_node]: class=pet_labeled conf=0.97 anchor=(274.9,624.1) kf_x=267.2 kf_vx=0.00 pending=2063 confirmed=True holding=False
[INFO] [1788861196.945656298] [tracking_pick_node]: class=pet_labeled conf=0.97 anchor=(274.9,624.1) kf_x=267.2 kf_vx=0.00 pending=2064 confirmed=True holding=False
[INFO] [1788861197.083955799] [tracking_pick_node]: class=pet_labeled conf=0.97 anchor=(274.9,624.1) kf_x=267.2 kf_vx=0.00 pending=2065 confirmed=True holding=False
[INFO] [1788861197.214063084] [tracking_pick_node]: class=pet_labeled conf=0.97 anchor=(275.0,624.1) kf_x=267.2 kf_vx=0.00 pending=2066 confirmed=True holding=False
[INFO] [1788861197.345631465] [tracking_pick_node]: class=pet_labeled conf=0.97 anchor=(274.9,624.1) kf_x=267.2 kf_vx=0.00 pending=2067 confirmed=True holding=False
[INFO] [1788861197.482182777] [tracking_pick_node]: class=pet_labeled conf=0.97 anchor=(275.0,624.2) kf_x=267.2 kf_vx=0.00 pending=2068 confirmed=True holding=False
[INFO] [1788861197.613303110] [tracking_pick_node]: class=pet_labeled conf=0.97 anchor=(275.0,624.1) kf_x=267.2 kf_vx=0.00 pending=2069 confirmed=True holding=False
[INFO] [1788861197.745605298] [tracking_pick_node]: class=pet_labeled conf=0.97 anchor=(275.0,624.0) kf_x=267.2 kf_vx=0.00 pending=2070 confirmed=True holding=False
[INFO] [1788861197.882635208] [tracking_pick_node]: class=pet_labeled conf=0.97 anchor=(275.0,624.1) kf_x=267.2 kf_vx=0.00 pending=2071 confirmed=True holding=False
[INFO] [1788861198.019911191] [tracking_pick_node]: class=pet_labeled conf=0.97 anchor=(275.0,624.1) kf_x=267.2 kf_vx=0.00 pending=2072 confirmed=True holding=False
[INFO] [1788861198.146168714] [tracking_pick_node]: class=pet_labeled conf=0.97 anchor=(274.9,624.2) kf_x=267.2 kf_vx=0.00 pending=2073 confirmed=True holding=False
[INFO] [1788861198.280895563] [tracking_pick_node]: class=pet_labeled conf=0.97 anchor=(274.9,624.1) kf_x=267.2 kf_vx=0.00 pending=2074 confirmed=True holding=False
[INFO] [1788861198.414225913] [tracking_pick_node]: class=pet_labeled conf=0.97 anchor=(275.1,624.2) kf_x=267.2 kf_vx=0.00 pending=2075 confirmed=True holding=False
[INFO] [1788861198.545231734] [tracking_pick_node]: class=pet_labeled conf=0.97 anchor=(274.9,624.1) kf_x=267.2 kf_vx=0.00 pending=2076 confirmed=True holding=False
[INFO] [1788861198.679489721] [tracking_pick_node]: class=pet_labeled conf=0.97 anchor=(274.9,624.1) kf_x=267.2 kf_vx=0.00 pending=2077 confirmed=True holding=False
[INFO] [1788861198.814150664] [tracking_pick_node]: class=pet_labeled conf=0.97 anchor=(274.9,624.1) kf_x=267.2 kf_vx=0.00 pending=2078 confirmed=True holding=False
[INFO] [1788861198.945561728] [tracking_pick_node]: class=pet_labeled conf=0.97 anchor=(274.8,624.1) kf_x=267.2 kf_vx=-0.00 pending=2079 confirmed=True holding=False
[INFO] [1788861199.077561958] [tracking_pick_node]: class=pet_labeled conf=0.97 anchor=(275.0,624.0) kf_x=267.2 kf_vx=-0.00 pending=2080 confirmed=True holding=False
[INFO] [1788861199.214756183] [tracking_pick_node]: class=pet_labeled conf=0.97 anchor=(275.0,624.2) kf_x=267.2 kf_vx=0.00 pending=2081 confirmed=True holding=False
[INFO] [1788861199.345919580] [tracking_pick_node]: class=pet_labeled conf=0.97 anchor=(275.0,624.1) kf_x=267.2 kf_vx=0.00 pending=2082 confirmed=True holding=False
[INFO] [1788861199.477753988] [tracking_pick_node]: class=pet_labeled conf=0.97 anchor=(274.9,624.1) kf_x=267.2 kf_vx=0.00 pending=2083 confirmed=True holding=False
[INFO] [1788861199.614466028] [tracking_pick_node]: class=pet_labeled conf=0.97 anchor=(275.0,624.2) kf_x=267.2 kf_vx=0.00 pending=2084 confirmed=True holding=False
[INFO] [1788861199.745479609] [tracking_pick_node]: class=pet_labeled conf=0.97 anchor=(274.9,624.1) kf_x=267.2 kf_vx=0.00 pending=2085 confirmed=True holding=False
[INFO] [1788861199.879219293] [tracking_pick_node]: class=pet_labeled conf=0.97 anchor=(274.9,624.1) kf_x=267.2 kf_vx=0.00 pending=2086 confirmed=True holding=False
[INFO] [1788861200.013125353] [tracking_pick_node]: class=pet_labeled conf=0.97 anchor=(274.9,624.0) kf_x=267.2 kf_vx=0.00 pending=2087 confirmed=True holding=False
[INFO] [1788861200.146216719] [tracking_pick_node]: class=pet_labeled conf=0.96 anchor=(274.9,624.1) kf_x=267.2 kf_vx=-0.00 pending=2088 confirmed=True holding=False
[INFO] [1788861200.279484125] [tracking_pick_node]: class=pet_labeled conf=0.97 anchor=(275.0,623.9) kf_x=267.2 kf_vx=-0.00 pending=2089 confirmed=True holding=False
[INFO] [1788861200.414737968] [tracking_pick_node]: class=pet_labeled conf=0.97 anchor=(274.9,624.1) kf_x=267.2 kf_vx=-0.00 pending=2090 confirmed=True holding=False
[INFO] [1788861200.546694132] [tracking_pick_node]: class=pet_labeled conf=0.97 anchor=(274.9,624.0) kf_x=267.2 kf_vx=-0.00 pending=2091 confirmed=True holding=False
[INFO] [1788861200.677698399] [tracking_pick_node]: class=pet_labeled conf=0.97 anchor=(275.0,624.1) kf_x=267.2 kf_vx=-0.00 pending=2092 confirmed=True holding=False
[INFO] [1788861200.814719837] [tracking_pick_node]: class=pet_labeled conf=0.97 anchor=(275.0,624.1) kf_x=267.2 kf_vx=-0.00 pending=2093 confirmed=True holding=False
[INFO] [1788861200.944998684] [tracking_pick_node]: class=pet_labeled conf=0.97 anchor=(274.9,624.1) kf_x=267.2 kf_vx=-0.00 pending=2094 confirmed=True holding=False
[INFO] [1788861201.077913543] [tracking_pick_node]: class=pet_labeled conf=0.97 anchor=(274.9,624.1) kf_x=267.2 kf_vx=-0.00 pending=2095 confirmed=True holding=False
[INFO] [1788861201.218359649] [tracking_pick_node]: class=pet_labeled conf=0.97 anchor=(275.0,624.1) kf_x=267.2 kf_vx=0.00 pending=2096 confirmed=True holding=False
[INFO] [1788861201.345478609] [tracking_pick_node]: class=pet_labeled conf=0.97 anchor=(275.0,624.1) kf_x=267.2 kf_vx=0.00 pending=2097 confirmed=True holding=False
[INFO] [1788861201.477580067] [tracking_pick_node]: class=pet_labeled conf=0.97 anchor=(274.9,624.0) kf_x=267.2 kf_vx=-0.00 pending=2098 confirmed=True holding=False
[INFO] [1788861201.614178797] [tracking_pick_node]: class=pet_labeled conf=0.97 anchor=(275.0,624.1) kf_x=267.2 kf_vx=0.00 pending=2099 confirmed=True holding=False
[INFO] [1788861201.747780738] [tracking_pick_node]: class=pet_labeled conf=0.97 anchor=(275.0,624.1) kf_x=267.2 kf_vx=0.00 pending=2100 confirmed=True holding=False
[INFO] [1788861201.877451604] [tracking_pick_node]: class=pet_labeled conf=0.97 anchor=(274.9,624.1) kf_x=267.2 kf_vx=-0.00 pending=2101 confirmed=True holding=False
[INFO] [1788861202.015177643] [tracking_pick_node]: class=pet_labeled conf=0.97 anchor=(275.1,624.0) kf_x=267.2 kf_vx=0.00 pending=2102 confirmed=True holding=False
[INFO] [1788861202.146851690] [tracking_pick_node]: class=pet_labeled conf=0.97 anchor=(275.0,624.0) kf_x=267.2 kf_vx=0.00 pending=2103 confirmed=True holding=False
[INFO] [1788861202.278188025] [tracking_pick_node]: class=pet_labeled conf=0.97 anchor=(274.9,624.1) kf_x=267.2 kf_vx=0.00 pending=2104 confirmed=True holding=False
[INFO] [1788861202.414737633] [tracking_pick_node]: class=pet_labeled conf=0.97 anchor=(275.0,624.1) kf_x=267.2 kf_vx=0.00 pending=2105 confirmed=True holding=False
[INFO] [1788861202.545768179] [tracking_pick_node]: class=pet_labeled conf=0.97 anchor=(274.9,624.1) kf_x=267.2 kf_vx=0.00 pending=2106 confirmed=True holding=False
[INFO] [1788861202.678025583] [tracking_pick_node]: class=pet_labeled conf=0.97 anchor=(274.9,624.1) kf_x=267.2 kf_vx=0.00 pending=2107 confirmed=True holding=False
[INFO] [1788861202.814878378] [tracking_pick_node]: class=pet_labeled conf=0.97 anchor=(275.0,624.1) kf_x=267.2 kf_vx=0.00 pending=2108 confirmed=True holding=False
[INFO] [1788861202.945171146] [tracking_pick_node]: class=pet_labeled conf=0.97 anchor=(275.0,624.0) kf_x=267.2 kf_vx=0.00 pending=2109 confirmed=True holding=False
[INFO] [1788861203.078456761] [tracking_pick_node]: class=pet_labeled conf=0.97 anchor=(274.9,624.2) kf_x=267.2 kf_vx=0.00 pending=2110 confirmed=True holding=False
[INFO] [1788861203.213645687] [tracking_pick_node]: class=pet_labeled conf=0.97 anchor=(275.0,624.2) kf_x=267.2 kf_vx=0.00 pending=2111 confirmed=True holding=False
[INFO] [1788861203.344926946] [tracking_pick_node]: class=pet_labeled conf=0.97 anchor=(275.0,624.2) kf_x=267.3 kf_vx=0.00 pending=2112 confirmed=True holding=False
[INFO] [1788861203.485406889] [tracking_pick_node]: class=pet_labeled conf=0.97 anchor=(275.0,624.1) kf_x=267.3 kf_vx=0.00 pending=2113 confirmed=True holding=False
[INFO] [1788861203.615876389] [tracking_pick_node]: class=pet_labeled conf=0.97 anchor=(275.0,624.1) kf_x=267.3 kf_vx=0.00 pending=2114 confirmed=True holding=False
[INFO] [1788861203.747046426] [tracking_pick_node]: class=pet_labeled conf=0.97 anchor=(274.9,624.2) kf_x=267.2 kf_vx=0.00 pending=2115 confirmed=True holding=False
[INFO] [1788861203.877776862] [tracking_pick_node]: class=pet_labeled conf=0.97 anchor=(274.9,624.2) kf_x=267.2 kf_vx=0.00 pending=2116 confirmed=True holding=False
[INFO] [1788861204.013613320] [tracking_pick_node]: class=pet_labeled conf=0.97 anchor=(275.0,624.1) kf_x=267.2 kf_vx=0.00 pending=2117 confirmed=True holding=False
[INFO] [1788861204.147880473] [tracking_pick_node]: class=pet_labeled conf=0.97 anchor=(275.0,624.1) kf_x=267.3 kf_vx=0.00 pending=2118 confirmed=True holding=False
[INFO] [1788861204.278359551] [tracking_pick_node]: class=pet_labeled conf=0.97 anchor=(274.9,624.2) kf_x=267.2 kf_vx=0.00 pending=2119 confirmed=True holding=False
[INFO] [1788861204.414356691] [tracking_pick_node]: class=pet_labeled conf=0.97 anchor=(274.9,624.1) kf_x=267.2 kf_vx=0.00 pending=2120 confirmed=True holding=False
[INFO] [1788861204.545013753] [tracking_pick_node]: class=pet_labeled conf=0.97 anchor=(274.9,624.2) kf_x=267.2 kf_vx=-0.00 pending=2121 confirmed=True holding=False
[INFO] [1788861204.680102722] [tracking_pick_node]: class=pet_labeled conf=0.97 anchor=(274.9,624.1) kf_x=267.2 kf_vx=-0.00 pending=2122 confirmed=True holding=False
[INFO] [1788861204.815338584] [tracking_pick_node]: class=pet_labeled conf=0.97 anchor=(275.0,624.1) kf_x=267.2 kf_vx=-0.00 pending=2123 confirmed=True holding=False
[INFO] [1788861204.946649279] [tracking_pick_node]: class=pet_labeled conf=0.97 anchor=(274.8,624.0) kf_x=267.2 kf_vx=-0.00 pending=2124 confirmed=True holding=False
[INFO] [1788861205.083862071] [tracking_pick_node]: class=pet_labeled conf=0.97 anchor=(274.9,624.1) kf_x=267.2 kf_vx=-0.00 pending=2125 confirmed=True holding=False
[INFO] [1788861205.213894790] [tracking_pick_node]: class=pet_labeled conf=0.97 anchor=(275.0,624.2) kf_x=267.2 kf_vx=-0.00 pending=2126 confirmed=True holding=False
[INFO] [1788861205.347253998] [tracking_pick_node]: class=pet_labeled conf=0.97 anchor=(275.0,624.0) kf_x=267.2 kf_vx=-0.00 pending=2127 confirmed=True holding=False
[INFO] [1788861205.479532663] [tracking_pick_node]: class=pet_labeled conf=0.97 anchor=(275.0,624.0) kf_x=267.2 kf_vx=-0.00 pending=2128 confirmed=True holding=False
[INFO] [1788861205.614143638] [tracking_pick_node]: class=pet_labeled conf=0.97 anchor=(275.0,624.1) kf_x=267.2 kf_vx=-0.00 pending=2129 confirmed=True holding=False
[INFO] [1788861205.746724505] [tracking_pick_node]: class=pet_labeled conf=0.97 anchor=(275.0,624.0) kf_x=267.2 kf_vx=-0.00 pending=2130 confirmed=True holding=False
[INFO] [1788861205.877783908] [tracking_pick_node]: class=pet_labeled conf=0.97 anchor=(275.0,624.1) kf_x=267.2 kf_vx=-0.00 pending=2131 confirmed=True holding=False
[INFO] [1788861206.013416090] [tracking_pick_node]: class=pet_labeled conf=0.97 anchor=(274.9,624.0) kf_x=267.2 kf_vx=-0.00 pending=2132 confirmed=True holding=False
[INFO] [1788861206.155802117] [tracking_pick_node]: class=pet_labeled conf=0.97 anchor=(274.9,624.1) kf_x=267.2 kf_vx=-0.00 pending=2133 confirmed=True holding=False
[INFO] [1788861206.278328066] [tracking_pick_node]: class=pet_labeled conf=0.97 anchor=(274.9,624.2) kf_x=267.2 kf_vx=-0.00 pending=2134 confirmed=True holding=False
[INFO] [1788861206.414056276] [tracking_pick_node]: class=pet_labeled conf=0.97 anchor=(275.0,624.1) kf_x=267.2 kf_vx=-0.00 pending=2135 confirmed=True holding=False
[INFO] [1788861206.546971556] [tracking_pick_node]: class=pet_labeled conf=0.97 anchor=(274.9,624.1) kf_x=267.2 kf_vx=-0.00 pending=2136 confirmed=True holding=False
[INFO] [1788861206.677279164] [tracking_pick_node]: class=pet_labeled conf=0.97 anchor=(275.0,624.0) kf_x=267.2 kf_vx=-0.00 pending=2137 confirmed=True holding=False
[INFO] [1788861206.813788551] [tracking_pick_node]: class=pet_labeled conf=0.97 anchor=(275.0,624.1) kf_x=267.2 kf_vx=0.00 pending=2138 confirmed=True holding=False
[INFO] [1788861206.945272943] [tracking_pick_node]: class=pet_labeled conf=0.97 anchor=(274.9,624.2) kf_x=267.2 kf_vx=0.00 pending=2139 confirmed=True holding=False
[INFO] [1788861207.079846556] [tracking_pick_node]: class=pet_labeled conf=0.97 anchor=(275.0,624.1) kf_x=267.2 kf_vx=0.00 pending=2140 confirmed=True holding=False
[INFO] [1788861207.213737774] [tracking_pick_node]: class=pet_labeled conf=0.97 anchor=(275.0,624.1) kf_x=267.2 kf_vx=0.00 pending=2141 confirmed=True holding=False
[INFO] [1788861207.348286205] [tracking_pick_node]: class=pet_labeled conf=0.97 anchor=(274.9,624.1) kf_x=267.2 kf_vx=0.00 pending=2142 confirmed=True holding=False
[INFO] [1788861207.478580561] [tracking_pick_node]: class=pet_labeled conf=0.97 anchor=(275.0,624.1) kf_x=267.2 kf_vx=0.00 pending=2143 confirmed=True holding=False
[INFO] [1788861207.613093269] [tracking_pick_node]: class=pet_labeled conf=0.97 anchor=(275.0,624.1) kf_x=267.3 kf_vx=0.00 pending=2144 confirmed=True holding=False
[INFO] [1788861207.749612737] [tracking_pick_node]: class=pet_labeled conf=0.97 anchor=(274.9,624.1) kf_x=267.2 kf_vx=0.00 pending=2145 confirmed=True holding=False
[INFO] [1788861207.878892548] [tracking_pick_node]: class=pet_labeled conf=0.97 anchor=(274.9,624.1) kf_x=267.2 kf_vx=0.00 pending=2146 confirmed=True holding=False
[INFO] [1788861208.014900194] [tracking_pick_node]: class=pet_labeled conf=0.97 anchor=(275.0,624.0) kf_x=267.2 kf_vx=0.00 pending=2147 confirmed=True holding=False
[INFO] [1788861208.145567372] [tracking_pick_node]: class=pet_labeled conf=0.97 anchor=(275.1,624.1) kf_x=267.3 kf_vx=0.00 pending=2148 confirmed=True holding=False
[INFO] [1788861208.279979739] [tracking_pick_node]: class=pet_labeled conf=0.97 anchor=(275.0,624.2) kf_x=267.3 kf_vx=0.00 pending=2149 confirmed=True holding=False
[INFO] [1788861208.414332937] [tracking_pick_node]: class=pet_labeled conf=0.97 anchor=(275.0,624.1) kf_x=267.3 kf_vx=0.01 pending=2150 confirmed=True holding=False
[INFO] [1788861208.547093454] [tracking_pick_node]: class=pet_labeled conf=0.97 anchor=(274.9,624.1) kf_x=267.3 kf_vx=0.00 pending=2151 confirmed=True holding=False
[INFO] [1788861208.678079330] [tracking_pick_node]: class=pet_labeled conf=0.97 anchor=(275.0,624.1) kf_x=267.3 kf_vx=0.00 pending=2152 confirmed=True holding=False
[INFO] [1788861208.816500065] [tracking_pick_node]: class=pet_labeled conf=0.97 anchor=(274.9,624.1) kf_x=267.3 kf_vx=0.00 pending=2153 confirmed=True holding=False
[INFO] [1788861208.948108834] [tracking_pick_node]: class=pet_labeled conf=0.97 anchor=(274.9,624.1) kf_x=267.3 kf_vx=0.00 pending=2154 confirmed=True holding=False
[INFO] [1788861209.081587368] [tracking_pick_node]: class=pet_labeled conf=0.97 anchor=(275.0,624.1) kf_x=267.3 kf_vx=0.00 pending=2155 confirmed=True holding=False
[INFO] [1788861209.218518305] [tracking_pick_node]: class=pet_labeled conf=0.97 anchor=(275.0,624.1) kf_x=267.3 kf_vx=0.00 pending=2156 confirmed=True holding=False
[INFO] [1788861209.348334670] [tracking_pick_node]: class=pet_labeled conf=0.97 anchor=(274.9,624.1) kf_x=267.3 kf_vx=0.00 pending=2157 confirmed=True holding=False
[INFO] [1788861209.478242499] [tracking_pick_node]: class=pet_labeled conf=0.97 anchor=(274.9,624.1) kf_x=267.3 kf_vx=0.00 pending=2158 confirmed=True holding=False
[INFO] [1788861209.613911438] [tracking_pick_node]: class=pet_labeled conf=0.97 anchor=(274.8,624.1) kf_x=267.2 kf_vx=-0.00 pending=2159 confirmed=True holding=False
[INFO] [1788861209.746451850] [tracking_pick_node]: class=pet_labeled conf=0.97 anchor=(274.9,624.1) kf_x=267.2 kf_vx=-0.00 pending=2160 confirmed=True holding=False
[INFO] [1788861209.879840398] [tracking_pick_node]: class=pet_labeled conf=0.97 anchor=(275.0,624.1) kf_x=267.2 kf_vx=-0.00 pending=2161 confirmed=True holding=False
[INFO] [1788861210.022541574] [tracking_pick_node]: class=pet_labeled conf=0.97 anchor=(275.0,624.0) kf_x=267.2 kf_vx=0.00 pending=2162 confirmed=True holding=False
[INFO] [1788861210.146475727] [tracking_pick_node]: class=pet_labeled conf=0.96 anchor=(274.9,624.1) kf_x=267.2 kf_vx=-0.00 pending=2163 confirmed=True holding=False
[INFO] [1788861210.277930893] [tracking_pick_node]: class=pet_labeled conf=0.97 anchor=(275.0,624.0) kf_x=267.2 kf_vx=-0.00 pending=2164 confirmed=True holding=False
[INFO] [1788861210.414235557] [tracking_pick_node]: class=pet_labeled conf=0.97 anchor=(274.9,624.1) kf_x=267.2 kf_vx=-0.00 pending=2165 confirmed=True holding=False
[INFO] [1788861210.545824755] [tracking_pick_node]: class=pet_labeled conf=0.96 anchor=(274.8,624.2) kf_x=267.2 kf_vx=-0.00 pending=2166 confirmed=True holding=False
[INFO] [1788861210.677655967] [tracking_pick_node]: class=pet_labeled conf=0.97 anchor=(274.9,624.1) kf_x=267.2 kf_vx=-0.00 pending=2167 confirmed=True holding=False
[INFO] [1788861210.814455995] [tracking_pick_node]: class=pet_labeled conf=0.97 anchor=(275.0,624.2) kf_x=267.2 kf_vx=-0.00 pending=2168 confirmed=True holding=False
[INFO] [1788861210.947673893] [tracking_pick_node]: class=pet_labeled conf=0.97 anchor=(275.0,624.1) kf_x=267.2 kf_vx=-0.00 pending=2169 confirmed=True holding=False
[INFO] [1788861211.077776049] [tracking_pick_node]: class=pet_labeled conf=0.97 anchor=(275.0,624.2) kf_x=267.2 kf_vx=-0.00 pending=2170 confirmed=True holding=False
[INFO] [1788861211.214224572] [tracking_pick_node]: class=pet_labeled conf=0.97 anchor=(274.9,624.0) kf_x=267.2 kf_vx=-0.00 pending=2171 confirmed=True holding=False
[INFO] [1788861211.344862290] [tracking_pick_node]: class=pet_labeled conf=0.97 anchor=(274.9,624.0) kf_x=267.2 kf_vx=-0.00 pending=2172 confirmed=True holding=False
[INFO] [1788861211.477755778] [tracking_pick_node]: class=pet_labeled conf=0.97 anchor=(275.0,624.2) kf_x=267.2 kf_vx=-0.00 pending=2173 confirmed=True holding=False
[INFO] [1788861211.611969204] [tracking_pick_node]: class=pet_labeled conf=0.97 anchor=(275.0,624.0) kf_x=267.2 kf_vx=-0.00 pending=2174 confirmed=True holding=False
[INFO] [1788861211.747418540] [tracking_pick_node]: class=pet_labeled conf=0.97 anchor=(274.9,624.1) kf_x=267.2 kf_vx=-0.00 pending=2175 confirmed=True holding=False
[INFO] [1788861211.878648150] [tracking_pick_node]: class=pet_labeled conf=0.97 anchor=(274.9,624.1) kf_x=267.2 kf_vx=-0.00 pending=2176 confirmed=True holding=False
[INFO] [1788861212.010412122] [tracking_pick_node]: class=pet_labeled conf=0.97 anchor=(274.9,624.1) kf_x=267.2 kf_vx=-0.00 pending=2177 confirmed=True holding=False
[INFO] [1788861212.146121922] [tracking_pick_node]: class=pet_labeled conf=0.97 anchor=(275.0,624.1) kf_x=267.2 kf_vx=-0.00 pending=2178 confirmed=True holding=False
[INFO] [1788861212.277803118] [tracking_pick_node]: class=pet_labeled conf=0.97 anchor=(274.9,624.1) kf_x=267.2 kf_vx=-0.00 pending=2179 confirmed=True holding=False
[INFO] [1788861212.408949004] [tracking_pick_node]: class=pet_labeled conf=0.97 anchor=(274.9,624.1) kf_x=267.2 kf_vx=-0.00 pending=2180 confirmed=True holding=False
[INFO] [1788861212.545090908] [tracking_pick_node]: class=pet_labeled conf=0.97 anchor=(275.0,624.2) kf_x=267.2 kf_vx=-0.00 pending=2181 confirmed=True holding=False
[INFO] [1788861212.678982932] [tracking_pick_node]: class=pet_labeled conf=0.97 anchor=(274.9,624.2) kf_x=267.2 kf_vx=-0.00 pending=2182 confirmed=True holding=False
[INFO] [1788861212.809056425] [tracking_pick_node]: class=pet_labeled conf=0.97 anchor=(275.0,623.9) kf_x=267.2 kf_vx=-0.00 pending=2183 confirmed=True holding=False
[INFO] [1788861212.950829653] [tracking_pick_node]: class=pet_labeled conf=0.97 anchor=(274.9,624.1) kf_x=267.2 kf_vx=-0.00 pending=2184 confirmed=True holding=False
[INFO] [1788861213.077119141] [tracking_pick_node]: class=pet_labeled conf=0.97 anchor=(274.9,624.1) kf_x=267.2 kf_vx=-0.00 pending=2185 confirmed=True holding=False
[INFO] [1788861213.209556479] [tracking_pick_node]: class=pet_labeled conf=0.97 anchor=(275.0,624.1) kf_x=267.2 kf_vx=0.00 pending=2186 confirmed=True holding=False
[INFO] [1788861213.348110440] [tracking_pick_node]: class=pet_labeled conf=0.97 anchor=(275.0,624.1) kf_x=267.2 kf_vx=0.00 pending=2187 confirmed=True holding=False
[INFO] [1788861213.477764272] [tracking_pick_node]: class=pet_labeled conf=0.97 anchor=(274.9,624.0) kf_x=267.2 kf_vx=-0.00 pending=2188 confirmed=True holding=False
[INFO] [1788861213.610759344] [tracking_pick_node]: class=pet_labeled conf=0.96 anchor=(274.9,624.1) kf_x=267.2 kf_vx=-0.00 pending=2189 confirmed=True holding=False
[INFO] [1788861213.746212454] [tracking_pick_node]: class=pet_labeled conf=0.97 anchor=(274.9,624.2) kf_x=267.2 kf_vx=-0.00 pending=2190 confirmed=True holding=False
[INFO] [1788861213.878187025] [tracking_pick_node]: class=pet_labeled conf=0.97 anchor=(274.9,624.1) kf_x=267.2 kf_vx=-0.00 pending=2191 confirmed=True holding=False
[INFO] [1788861214.009354430] [tracking_pick_node]: class=pet_labeled conf=0.97 anchor=(275.0,624.1) kf_x=267.2 kf_vx=-0.00 pending=2192 confirmed=True holding=False
[INFO] [1788861214.145433114] [tracking_pick_node]: class=pet_labeled conf=0.97 anchor=(275.0,624.1) kf_x=267.2 kf_vx=0.00 pending=2193 confirmed=True holding=False
[INFO] [1788861214.277152639] [tracking_pick_node]: class=pet_labeled conf=0.97 anchor=(275.0,624.0) kf_x=267.2 kf_vx=0.00 pending=2194 confirmed=True holding=False
[INFO] [1788861214.412041217] [tracking_pick_node]: class=pet_labeled conf=0.97 anchor=(275.0,624.1) kf_x=267.2 kf_vx=0.00 pending=2195 confirmed=True holding=False
[INFO] [1788861214.549966283] [tracking_pick_node]: class=pet_labeled conf=0.97 anchor=(275.0,624.1) kf_x=267.3 kf_vx=0.00 pending=2196 confirmed=True holding=False
[INFO] [1788861214.678923691] [tracking_pick_node]: class=pet_labeled conf=0.97 anchor=(275.0,624.1) kf_x=267.3 kf_vx=0.00 pending=2197 confirmed=True holding=False
[INFO] [1788861214.814599246] [tracking_pick_node]: class=pet_labeled conf=0.97 anchor=(275.1,624.1) kf_x=267.3 kf_vx=0.01 pending=2198 confirmed=True holding=False
[INFO] [1788861214.945372946] [tracking_pick_node]: class=pet_labeled conf=0.97 anchor=(275.0,624.1) kf_x=267.3 kf_vx=0.00 pending=2199 confirmed=True holding=False
[INFO] [1788861215.078109460] [tracking_pick_node]: class=pet_labeled conf=0.97 anchor=(275.0,624.1) kf_x=267.3 kf_vx=0.00 pending=2200 confirmed=True holding=False
[INFO] [1788861215.213078104] [tracking_pick_node]: class=pet_labeled conf=0.97 anchor=(275.0,624.1) kf_x=267.3 kf_vx=0.00 pending=2201 confirmed=True holding=False
[INFO] [1788861215.346074509] [tracking_pick_node]: class=pet_labeled conf=0.97 anchor=(274.9,624.1) kf_x=267.3 kf_vx=0.00 pending=2202 confirmed=True holding=False
[INFO] [1788861215.478209663] [tracking_pick_node]: class=pet_labeled conf=0.97 anchor=(275.0,624.1) kf_x=267.3 kf_vx=0.00 pending=2203 confirmed=True holding=False
[INFO] [1788861215.615698273] [tracking_pick_node]: class=pet_labeled conf=0.97 anchor=(275.0,624.1) kf_x=267.3 kf_vx=0.00 pending=2204 confirmed=True holding=False
[INFO] [1788861215.747835133] [tracking_pick_node]: class=pet_labeled conf=0.97 anchor=(274.9,624.1) kf_x=267.3 kf_vx=0.00 pending=2205 confirmed=True holding=False
[INFO] [1788861215.877967476] [tracking_pick_node]: class=pet_labeled conf=0.97 anchor=(274.9,624.1) kf_x=267.3 kf_vx=0.00 pending=2206 confirmed=True holding=False
[INFO] [1788861216.010111938] [tracking_pick_node]: class=pet_labeled conf=0.97 anchor=(274.9,624.0) kf_x=267.3 kf_vx=0.00 pending=2207 confirmed=True holding=False
[INFO] [1788861216.148357219] [tracking_pick_node]: class=pet_labeled conf=0.97 anchor=(275.0,624.1) kf_x=267.3 kf_vx=0.00 pending=2208 confirmed=True holding=False
[INFO] [1788861216.282790354] [tracking_pick_node]: class=pet_labeled conf=0.97 anchor=(274.9,624.1) kf_x=267.3 kf_vx=0.00 pending=2209 confirmed=True holding=False
[INFO] [1788861216.409418050] [tracking_pick_node]: class=pet_labeled conf=0.97 anchor=(274.9,624.1) kf_x=267.2 kf_vx=-0.00 pending=2210 confirmed=True holding=False
[INFO] [1788861216.547060848] [tracking_pick_node]: class=pet_labeled conf=0.97 anchor=(275.1,624.1) kf_x=267.3 kf_vx=0.00 pending=2211 confirmed=True holding=False
[INFO] [1788861216.681547173] [tracking_pick_node]: class=pet_labeled conf=0.97 anchor=(274.9,624.2) kf_x=267.3 kf_vx=0.00 pending=2212 confirmed=True holding=False
[INFO] [1788861216.814458736] [tracking_pick_node]: class=pet_labeled conf=0.97 anchor=(274.9,624.1) kf_x=267.3 kf_vx=0.00 pending=2213 confirmed=True holding=False
[INFO] [1788861216.945338712] [tracking_pick_node]: class=pet_labeled conf=0.97 anchor=(274.9,624.2) kf_x=267.2 kf_vx=-0.00 pending=2214 confirmed=True holding=False
[INFO] [1788861217.079691087] [tracking_pick_node]: class=pet_labeled conf=0.97 anchor=(274.9,624.2) kf_x=267.2 kf_vx=-0.00 pending=2215 confirmed=True holding=False
[INFO] [1788861217.211556229] [tracking_pick_node]: class=pet_labeled conf=0.97 anchor=(274.9,624.1) kf_x=267.2 kf_vx=-0.00 pending=2216 confirmed=True holding=False
[INFO] [1788861217.346161115] [tracking_pick_node]: class=pet_labeled conf=0.97 anchor=(275.0,624.1) kf_x=267.2 kf_vx=-0.00 pending=2217 confirmed=True holding=False
[INFO] [1788861217.482328305] [tracking_pick_node]: class=pet_labeled conf=0.97 anchor=(275.0,624.0) kf_x=267.2 kf_vx=-0.00 pending=2218 confirmed=True holding=False
[INFO] [1788861217.608847797] [tracking_pick_node]: class=pet_labeled conf=0.97 anchor=(274.9,624.1) kf_x=267.2 kf_vx=-0.00 pending=2219 confirmed=True holding=False
[INFO] [1788861217.745479558] [tracking_pick_node]: class=pet_labeled conf=0.96 anchor=(274.9,624.1) kf_x=267.2 kf_vx=-0.00 pending=2220 confirmed=True holding=False
[INFO] [1788861217.878753729] [tracking_pick_node]: class=pet_labeled conf=0.97 anchor=(275.0,624.0) kf_x=267.2 kf_vx=-0.00 pending=2221 confirmed=True holding=False
[INFO] [1788861218.009694244] [tracking_pick_node]: class=pet_labeled conf=0.96 anchor=(274.9,624.1) kf_x=267.2 kf_vx=-0.00 pending=2222 confirmed=True holding=False
[INFO] [1788861218.146081045] [tracking_pick_node]: class=pet_labeled conf=0.97 anchor=(275.0,624.1) kf_x=267.2 kf_vx=-0.00 pending=2223 confirmed=True holding=False
[INFO] [1788861218.278541103] [tracking_pick_node]: class=pet_labeled conf=0.97 anchor=(274.9,624.2) kf_x=267.2 kf_vx=-0.00 pending=2224 confirmed=True holding=False
[INFO] [1788861218.410780048] [tracking_pick_node]: class=pet_labeled conf=0.97 anchor=(274.9,624.1) kf_x=267.2 kf_vx=-0.00 pending=2225 confirmed=True holding=False
[INFO] [1788861218.546258660] [tracking_pick_node]: class=pet_labeled conf=0.97 anchor=(274.9,624.1) kf_x=267.2 kf_vx=-0.00 pending=2226 confirmed=True holding=False
[INFO] [1788861218.679128233] [tracking_pick_node]: class=pet_labeled conf=0.97 anchor=(274.9,624.1) kf_x=267.2 kf_vx=-0.01 pending=2227 confirmed=True holding=False
[INFO] [1788861218.812057207] [tracking_pick_node]: class=pet_labeled conf=0.97 anchor=(274.9,624.1) kf_x=267.2 kf_vx=-0.01 pending=2228 confirmed=True holding=False
[INFO] [1788861218.946323887] [tracking_pick_node]: class=pet_labeled conf=0.97 anchor=(275.0,624.2) kf_x=267.2 kf_vx=-0.00 pending=2229 confirmed=True holding=False
[INFO] [1788861219.077856455] [tracking_pick_node]: class=pet_labeled conf=0.97 anchor=(275.0,624.1) kf_x=267.2 kf_vx=-0.00 pending=2230 confirmed=True holding=False
[INFO] [1788861219.210212201] [tracking_pick_node]: class=pet_labeled conf=0.97 anchor=(275.0,624.1) kf_x=267.2 kf_vx=-0.00 pending=2231 confirmed=True holding=False
[INFO] [1788861219.345589455] [tracking_pick_node]: class=pet_labeled conf=0.97 anchor=(274.9,624.0) kf_x=267.2 kf_vx=-0.00 pending=2232 confirmed=True holding=False
[INFO] [1788861219.477973984] [tracking_pick_node]: class=pet_labeled conf=0.97 anchor=(274.9,624.1) kf_x=267.2 kf_vx=-0.00 pending=2233 confirmed=True holding=False
[INFO] [1788861219.609412508] [tracking_pick_node]: class=pet_labeled conf=0.97 anchor=(274.9,624.1) kf_x=267.2 kf_vx=-0.00 pending=2234 confirmed=True holding=False
[INFO] [1788861219.747779576] [tracking_pick_node]: class=pet_labeled conf=0.97 anchor=(275.0,624.0) kf_x=267.2 kf_vx=-0.00 pending=2235 confirmed=True holding=False
[INFO] [1788861219.877503973] [tracking_pick_node]: class=pet_labeled conf=0.97 anchor=(274.9,624.1) kf_x=267.2 kf_vx=-0.00 pending=2236 confirmed=True holding=False
[INFO] [1788861220.011395481] [tracking_pick_node]: class=pet_labeled conf=0.97 anchor=(275.0,624.1) kf_x=267.2 kf_vx=-0.00 pending=2237 confirmed=True holding=False
[INFO] [1788861220.145655090] [tracking_pick_node]: class=pet_labeled conf=0.96 anchor=(274.8,624.0) kf_x=267.2 kf_vx=-0.00 pending=2238 confirmed=True holding=False
[INFO] [1788861220.277256985] [tracking_pick_node]: class=pet_labeled conf=0.97 anchor=(274.9,624.0) kf_x=267.2 kf_vx=-0.00 pending=2239 confirmed=True holding=False
[INFO] [1788861220.409175898] [tracking_pick_node]: class=pet_labeled conf=0.97 anchor=(275.0,624.0) kf_x=267.2 kf_vx=-0.00 pending=2240 confirmed=True holding=False
[INFO] [1788861220.547902972] [tracking_pick_node]: class=pet_labeled conf=0.97 anchor=(275.0,624.1) kf_x=267.2 kf_vx=-0.00 pending=2241 confirmed=True holding=False
[INFO] [1788861220.678344929] [tracking_pick_node]: class=pet_labeled conf=0.97 anchor=(275.0,624.1) kf_x=267.2 kf_vx=-0.00 pending=2242 confirmed=True holding=False
[INFO] [1788861220.809850988] [tracking_pick_node]: class=pet_labeled conf=0.97 anchor=(275.0,624.1) kf_x=267.2 kf_vx=-0.00 pending=2243 confirmed=True holding=False
[INFO] [1788861220.945881581] [tracking_pick_node]: class=pet_labeled conf=0.96 anchor=(274.9,624.0) kf_x=267.2 kf_vx=-0.00 pending=2244 confirmed=True holding=False
[INFO] [1788861221.077793291] [tracking_pick_node]: class=pet_labeled conf=0.97 anchor=(274.9,624.1) kf_x=267.2 kf_vx=-0.00 pending=2245 confirmed=True holding=False
[INFO] [1788861221.209508193] [tracking_pick_node]: class=pet_labeled conf=0.97 anchor=(274.9,624.1) kf_x=267.2 kf_vx=-0.00 pending=2246 confirmed=True holding=False
[INFO] [1788861221.346188903] [tracking_pick_node]: class=pet_labeled conf=0.97 anchor=(275.0,624.0) kf_x=267.2 kf_vx=-0.00 pending=2247 confirmed=True holding=False
[INFO] [1788861221.478863465] [tracking_pick_node]: class=pet_labeled conf=0.97 anchor=(274.9,624.1) kf_x=267.2 kf_vx=-0.00 pending=2248 confirmed=True holding=False
[INFO] [1788861221.609687717] [tracking_pick_node]: class=pet_labeled conf=0.97 anchor=(274.9,624.1) kf_x=267.2 kf_vx=-0.00 pending=2249 confirmed=True holding=False
[INFO] [1788861221.745305112] [tracking_pick_node]: class=pet_labeled conf=0.97 anchor=(275.0,624.0) kf_x=267.2 kf_vx=0.00 pending=2250 confirmed=True holding=False
[INFO] [1788861221.878164874] [tracking_pick_node]: class=pet_labeled conf=0.97 anchor=(275.0,624.2) kf_x=267.2 kf_vx=0.00 pending=2251 confirmed=True holding=False
[INFO] [1788861222.010196424] [tracking_pick_node]: class=pet_labeled conf=0.97 anchor=(274.9,624.1) kf_x=267.2 kf_vx=0.00 pending=2252 confirmed=True holding=False
[INFO] [1788861222.145713927] [tracking_pick_node]: class=pet_labeled conf=0.97 anchor=(274.9,624.1) kf_x=267.2 kf_vx=0.00 pending=2253 confirmed=True holding=False
[INFO] [1788861222.280102486] [tracking_pick_node]: class=pet_labeled conf=0.97 anchor=(275.0,624.0) kf_x=267.2 kf_vx=0.00 pending=2254 confirmed=True holding=False
[INFO] [1788861222.412071534] [tracking_pick_node]: class=pet_labeled conf=0.97 anchor=(274.9,624.1) kf_x=267.2 kf_vx=0.00 pending=2255 confirmed=True holding=False
[INFO] [1788861222.546489639] [tracking_pick_node]: class=pet_labeled conf=0.97 anchor=(274.9,624.1) kf_x=267.2 kf_vx=0.00 pending=2256 confirmed=True holding=False
[INFO] [1788861222.680020084] [tracking_pick_node]: class=pet_labeled conf=0.97 anchor=(274.8,624.2) kf_x=267.2 kf_vx=-0.00 pending=2257 confirmed=True holding=False
[INFO] [1788861222.810295636] [tracking_pick_node]: class=pet_labeled conf=0.97 anchor=(274.9,624.2) kf_x=267.2 kf_vx=-0.00 pending=2258 confirmed=True holding=False
[INFO] [1788861222.945445156] [tracking_pick_node]: class=pet_labeled conf=0.97 anchor=(275.0,624.1) kf_x=267.2 kf_vx=-0.00 pending=2259 confirmed=True holding=False
[INFO] [1788861223.078536744] [tracking_pick_node]: class=pet_labeled conf=0.97 anchor=(275.0,624.2) kf_x=267.2 kf_vx=0.00 pending=2260 confirmed=True holding=False
[INFO] [1788861223.211829010] [tracking_pick_node]: class=pet_labeled conf=0.97 anchor=(274.9,624.1) kf_x=267.2 kf_vx=0.00 pending=2261 confirmed=True holding=False
[INFO] [1788861223.346343537] [tracking_pick_node]: class=pet_labeled conf=0.97 anchor=(275.0,624.2) kf_x=267.2 kf_vx=0.00 pending=2262 confirmed=True holding=False
[INFO] [1788861223.478106266] [tracking_pick_node]: class=pet_labeled conf=0.97 anchor=(275.0,624.0) kf_x=267.2 kf_vx=0.00 pending=2263 confirmed=True holding=False
[INFO] [1788861223.609510499] [tracking_pick_node]: class=pet_labeled conf=0.97 anchor=(275.0,624.1) kf_x=267.2 kf_vx=0.00 pending=2264 confirmed=True holding=False
[INFO] [1788861223.745579396] [tracking_pick_node]: class=pet_labeled conf=0.97 anchor=(275.0,624.1) kf_x=267.2 kf_vx=0.00 pending=2265 confirmed=True holding=False
[INFO] [1788861223.878598870] [tracking_pick_node]: class=pet_labeled conf=0.97 anchor=(274.9,624.0) kf_x=267.2 kf_vx=0.00 pending=2266 confirmed=True holding=False
[INFO] [1788861224.016676737] [tracking_pick_node]: class=pet_labeled conf=0.97 anchor=(274.9,624.1) kf_x=267.2 kf_vx=0.00 pending=2267 confirmed=True holding=False
[INFO] [1788861224.146787155] [tracking_pick_node]: class=pet_labeled conf=0.97 anchor=(275.0,624.0) kf_x=267.2 kf_vx=0.00 pending=2268 confirmed=True holding=False
[INFO] [1788861224.278199301] [tracking_pick_node]: class=pet_labeled conf=0.97 anchor=(275.0,624.1) kf_x=267.3 kf_vx=0.00 pending=2269 confirmed=True holding=False
[INFO] [1788861224.410677081] [tracking_pick_node]: class=pet_labeled conf=0.97 anchor=(274.8,624.1) kf_x=267.2 kf_vx=0.00 pending=2270 confirmed=True holding=False
[INFO] [1788861224.549745204] [tracking_pick_node]: class=pet_labeled conf=0.97 anchor=(274.9,624.1) kf_x=267.2 kf_vx=0.00 pending=2271 confirmed=True holding=False
[INFO] [1788861224.678549509] [tracking_pick_node]: class=pet_labeled conf=0.97 anchor=(275.0,624.1) kf_x=267.2 kf_vx=0.00 pending=2272 confirmed=True holding=False
[INFO] [1788861224.810923114] [tracking_pick_node]: class=pet_labeled conf=0.97 anchor=(274.9,624.1) kf_x=267.2 kf_vx=0.00 pending=2273 confirmed=True holding=False
[INFO] [1788861224.943282731] [tracking_pick_node]: class=pet_labeled conf=0.97 anchor=(275.0,624.1) kf_x=267.2 kf_vx=0.00 pending=2274 confirmed=True holding=False
[INFO] [1788861225.079216375] [tracking_pick_node]: class=pet_labeled conf=0.97 anchor=(274.9,624.1) kf_x=267.2 kf_vx=0.00 pending=2275 confirmed=True holding=False
[INFO] [1788861225.215657411] [tracking_pick_node]: class=pet_labeled conf=0.97 anchor=(275.0,624.0) kf_x=267.3 kf_vx=0.00 pending=2276 confirmed=True holding=False
[INFO] [1788861225.342937106] [tracking_pick_node]: class=pet_labeled conf=0.97 anchor=(275.1,624.1) kf_x=267.3 kf_vx=0.00 pending=2277 confirmed=True holding=False
[INFO] [1788861225.478054499] [tracking_pick_node]: class=pet_labeled conf=0.97 anchor=(275.0,624.1) kf_x=267.3 kf_vx=0.00 pending=2278 confirmed=True holding=False
[INFO] [1788861225.611457563] [tracking_pick_node]: class=pet_labeled conf=0.97 anchor=(274.9,624.1) kf_x=267.3 kf_vx=0.00 pending=2279 confirmed=True holding=False
[INFO] [1788861225.743229851] [tracking_pick_node]: class=pet_labeled conf=0.97 anchor=(275.0,624.1) kf_x=267.3 kf_vx=0.00 pending=2280 confirmed=True holding=False
[INFO] [1788861225.878616197] [tracking_pick_node]: class=pet_labeled conf=0.97 anchor=(274.9,624.1) kf_x=267.3 kf_vx=0.00 pending=2281 confirmed=True holding=False
[INFO] [1788861226.010079317] [tracking_pick_node]: class=pet_labeled conf=0.97 anchor=(274.9,624.1) kf_x=267.3 kf_vx=0.00 pending=2282 confirmed=True holding=False
[INFO] [1788861226.142638339] [tracking_pick_node]: class=pet_labeled conf=0.97 anchor=(275.0,624.1) kf_x=267.3 kf_vx=0.00 pending=2283 confirmed=True holding=False
[INFO] [1788861226.281606545] [tracking_pick_node]: class=pet_labeled conf=0.97 anchor=(274.9,624.1) kf_x=267.3 kf_vx=0.00 pending=2284 confirmed=True holding=False
[INFO] [1788861226.414243059] [tracking_pick_node]: class=pet_labeled conf=0.97 anchor=(275.0,624.1) kf_x=267.3 kf_vx=0.00 pending=2285 confirmed=True holding=False
[INFO] [1788861226.545882454] [tracking_pick_node]: class=pet_labeled conf=0.97 anchor=(274.9,624.0) kf_x=267.3 kf_vx=0.00 pending=2286 confirmed=True holding=False
[INFO] [1788861226.678669089] [tracking_pick_node]: class=pet_labeled conf=0.97 anchor=(274.8,624.0) kf_x=267.2 kf_vx=-0.00 pending=2287 confirmed=True holding=False
[INFO] [1788861226.810926677] [tracking_pick_node]: class=pet_labeled conf=0.97 anchor=(274.9,624.1) kf_x=267.2 kf_vx=-0.00 pending=2288 confirmed=True holding=False
[INFO] [1788861226.941845821] [tracking_pick_node]: class=pet_labeled conf=0.97 anchor=(275.0,624.1) kf_x=267.2 kf_vx=-0.00 pending=2289 confirmed=True holding=False
[INFO] [1788861227.077994337] [tracking_pick_node]: class=pet_labeled conf=0.97 anchor=(274.9,624.1) kf_x=267.2 kf_vx=-0.00 pending=2290 confirmed=True holding=False
[INFO] [1788861227.209794771] [tracking_pick_node]: class=pet_labeled conf=0.97 anchor=(274.9,624.1) kf_x=267.2 kf_vx=-0.00 pending=2291 confirmed=True holding=False
[INFO] [1788861227.342433884] [tracking_pick_node]: class=pet_labeled conf=0.97 anchor=(275.0,624.1) kf_x=267.2 kf_vx=-0.00 pending=2292 confirmed=True holding=False
[INFO] [1788861227.479823807] [tracking_pick_node]: class=pet_labeled conf=0.97 anchor=(275.0,624.1) kf_x=267.2 kf_vx=-0.00 pending=2293 confirmed=True holding=False
[INFO] [1788861227.614696528] [tracking_pick_node]: class=pet_labeled conf=0.97 anchor=(275.1,624.0) kf_x=267.2 kf_vx=0.00 pending=2294 confirmed=True holding=False
[INFO] [1788861227.746877506] [tracking_pick_node]: class=pet_labeled conf=0.97 anchor=(274.9,624.2) kf_x=267.2 kf_vx=0.00 pending=2295 confirmed=True holding=False
[INFO] [1788861227.878831763] [tracking_pick_node]: class=pet_labeled conf=0.97 anchor=(275.0,624.0) kf_x=267.2 kf_vx=0.00 pending=2296 confirmed=True holding=False
[INFO] [1788861228.010008852] [tracking_pick_node]: class=pet_labeled conf=0.97 anchor=(274.9,624.1) kf_x=267.2 kf_vx=0.00 pending=2297 confirmed=True holding=False
[INFO] [1788861228.144467767] [tracking_pick_node]: class=pet_labeled conf=0.97 anchor=(274.9,624.1) kf_x=267.2 kf_vx=-0.00 pending=2298 confirmed=True holding=False
[INFO] [1788861228.278445669] [tracking_pick_node]: class=pet_labeled conf=0.97 anchor=(275.0,624.2) kf_x=267.2 kf_vx=0.00 pending=2299 confirmed=True holding=False
[INFO] [1788861228.412583804] [tracking_pick_node]: class=pet_labeled conf=0.97 anchor=(275.0,624.0) kf_x=267.2 kf_vx=0.00 pending=2300 confirmed=True holding=False
[INFO] [1788861228.541697360] [tracking_pick_node]: class=pet_labeled conf=0.97 anchor=(275.0,624.1) kf_x=267.2 kf_vx=0.00 pending=2301 confirmed=True holding=False
[INFO] [1788861228.681119450] [tracking_pick_node]: class=pet_labeled conf=0.97 anchor=(275.0,624.1) kf_x=267.3 kf_vx=0.00 pending=2302 confirmed=True holding=False
[INFO] [1788861228.809765726] [tracking_pick_node]: class=pet_labeled conf=0.97 anchor=(275.0,624.1) kf_x=267.3 kf_vx=0.00 pending=2303 confirmed=True holding=False
[INFO] [1788861228.941449114] [tracking_pick_node]: class=pet_labeled conf=0.97 anchor=(274.9,624.1) kf_x=267.3 kf_vx=0.00 pending=2304 confirmed=True holding=False
[INFO] [1788861229.078992617] [tracking_pick_node]: class=pet_labeled conf=0.97 anchor=(275.0,624.2) kf_x=267.3 kf_vx=0.00 pending=2305 confirmed=True holding=False
[INFO] [1788861229.216031362] [tracking_pick_node]: class=pet_labeled conf=0.97 anchor=(274.9,624.2) kf_x=267.3 kf_vx=0.00 pending=2306 confirmed=True holding=False
[INFO] [1788861229.342993320] [tracking_pick_node]: class=pet_labeled conf=0.97 anchor=(275.0,624.1) kf_x=267.3 kf_vx=0.00 pending=2307 confirmed=True holding=False
[INFO] [1788861229.487742419] [tracking_pick_node]: class=pet_labeled conf=0.97 anchor=(274.9,624.2) kf_x=267.3 kf_vx=0.00 pending=2308 confirmed=True holding=False
[INFO] [1788861229.612073450] [tracking_pick_node]: class=pet_labeled conf=0.97 anchor=(275.0,624.1) kf_x=267.3 kf_vx=0.00 pending=2309 confirmed=True holding=False
[INFO] [1788861229.741553792] [tracking_pick_node]: class=pet_labeled conf=0.97 anchor=(275.0,624.1) kf_x=267.3 kf_vx=0.00 pending=2310 confirmed=True holding=False
[INFO] [1788861229.877414217] [tracking_pick_node]: class=pet_labeled conf=0.97 anchor=(275.0,624.1) kf_x=267.3 kf_vx=0.00 pending=2311 confirmed=True holding=False
[INFO] [1788861230.011408672] [tracking_pick_node]: class=pet_labeled conf=0.97 anchor=(274.9,624.0) kf_x=267.3 kf_vx=0.00 pending=2312 confirmed=True holding=False
[INFO] [1788861230.141569200] [tracking_pick_node]: class=pet_labeled conf=0.97 anchor=(275.0,624.1) kf_x=267.3 kf_vx=0.00 pending=2313 confirmed=True holding=False
[INFO] [1788861230.280023700] [tracking_pick_node]: class=pet_labeled conf=0.97 anchor=(274.9,624.2) kf_x=267.2 kf_vx=0.00 pending=2314 confirmed=True holding=False
[INFO] [1788861230.414484954] [tracking_pick_node]: class=pet_labeled conf=0.97 anchor=(274.9,624.0) kf_x=267.2 kf_vx=0.00 pending=2315 confirmed=True holding=False
[INFO] [1788861230.541718005] [tracking_pick_node]: class=pet_labeled conf=0.97 anchor=(274.9,624.0) kf_x=267.2 kf_vx=-0.00 pending=2316 confirmed=True holding=False
[INFO] [1788861230.677323640] [tracking_pick_node]: class=pet_labeled conf=0.97 anchor=(274.9,624.0) kf_x=267.2 kf_vx=-0.00 pending=2317 confirmed=True holding=False
[INFO] [1788861230.809847777] [tracking_pick_node]: class=pet_labeled conf=0.97 anchor=(275.0,624.1) kf_x=267.2 kf_vx=0.00 pending=2318 confirmed=True holding=False
[INFO] [1788861230.941940311] [tracking_pick_node]: class=pet_labeled conf=0.97 anchor=(274.9,624.1) kf_x=267.2 kf_vx=-0.00 pending=2319 confirmed=True holding=False
[INFO] [1788861231.080130996] [tracking_pick_node]: class=pet_labeled conf=0.97 anchor=(274.9,624.0) kf_x=267.2 kf_vx=-0.00 pending=2320 confirmed=True holding=False
[INFO] [1788861231.212680433] [tracking_pick_node]: class=pet_labeled conf=0.97 anchor=(274.8,624.2) kf_x=267.2 kf_vx=-0.00 pending=2321 confirmed=True holding=False
[INFO] [1788861231.342055109] [tracking_pick_node]: class=pet_labeled conf=0.97 anchor=(275.0,624.1) kf_x=267.2 kf_vx=-0.00 pending=2322 confirmed=True holding=False
[INFO] [1788861231.481627526] [tracking_pick_node]: class=pet_labeled conf=0.97 anchor=(275.0,624.2) kf_x=267.2 kf_vx=-0.00 pending=2323 confirmed=True holding=False
[INFO] [1788861231.614627255] [tracking_pick_node]: class=pet_labeled conf=0.97 anchor=(275.0,624.1) kf_x=267.2 kf_vx=-0.00 pending=2324 confirmed=True holding=False
[INFO] [1788861231.745385671] [tracking_pick_node]: class=pet_labeled conf=0.97 anchor=(274.9,624.1) kf_x=267.2 kf_vx=-0.00 pending=2325 confirmed=True holding=False
[INFO] [1788861231.877922678] [tracking_pick_node]: class=pet_labeled conf=0.97 anchor=(275.0,624.1) kf_x=267.2 kf_vx=-0.00 pending=2326 confirmed=True holding=False
[INFO] [1788861232.011327492] [tracking_pick_node]: class=pet_labeled conf=0.97 anchor=(274.9,624.1) kf_x=267.2 kf_vx=-0.00 pending=2327 confirmed=True holding=False
[INFO] [1788861232.142705846] [tracking_pick_node]: class=pet_labeled conf=0.97 anchor=(275.0,624.2) kf_x=267.2 kf_vx=-0.00 pending=2328 confirmed=True holding=False
[INFO] [1788861232.278754675] [tracking_pick_node]: class=pet_labeled conf=0.97 anchor=(275.0,624.1) kf_x=267.2 kf_vx=-0.00 pending=2329 confirmed=True holding=False
[INFO] [1788861232.411386536] [tracking_pick_node]: class=pet_labeled conf=0.97 anchor=(274.9,624.2) kf_x=267.2 kf_vx=-0.00 pending=2330 confirmed=True holding=False
[INFO] [1788861232.544057410] [tracking_pick_node]: class=pet_labeled conf=0.97 anchor=(275.0,624.1) kf_x=267.2 kf_vx=-0.00 pending=2331 confirmed=True holding=False
[INFO] [1788861232.679878765] [tracking_pick_node]: class=pet_labeled conf=0.97 anchor=(275.0,624.1) kf_x=267.2 kf_vx=0.00 pending=2332 confirmed=True holding=False
[INFO] [1788861232.810680156] [tracking_pick_node]: class=pet_labeled conf=0.97 anchor=(274.9,624.1) kf_x=267.2 kf_vx=-0.00 pending=2333 confirmed=True holding=False
[INFO] [1788861232.941928236] [tracking_pick_node]: class=pet_labeled conf=0.97 anchor=(275.0,624.2) kf_x=267.2 kf_vx=0.00 pending=2334 confirmed=True holding=False
[INFO] [1788861233.079213002] [tracking_pick_node]: class=pet_labeled conf=0.97 anchor=(275.0,624.1) kf_x=267.2 kf_vx=0.00 pending=2335 confirmed=True holding=False
[INFO] [1788861233.210726005] [tracking_pick_node]: class=pet_labeled conf=0.97 anchor=(274.9,624.1) kf_x=267.2 kf_vx=0.00 pending=2336 confirmed=True holding=False
[INFO] [1788861233.344776587] [tracking_pick_node]: class=pet_labeled conf=0.97 anchor=(275.0,624.2) kf_x=267.2 kf_vx=0.00 pending=2337 confirmed=True holding=False
[INFO] [1788861233.481617239] [tracking_pick_node]: class=pet_labeled conf=0.97 anchor=(274.9,624.1) kf_x=267.2 kf_vx=-0.00 pending=2338 confirmed=True holding=False
[INFO] [1788861233.612144358] [tracking_pick_node]: class=pet_labeled conf=0.97 anchor=(275.0,624.1) kf_x=267.2 kf_vx=0.00 pending=2339 confirmed=True holding=False
[INFO] [1788861233.743100227] [tracking_pick_node]: class=pet_labeled conf=0.97 anchor=(274.9,624.1) kf_x=267.2 kf_vx=-0.00 pending=2340 confirmed=True holding=False
[INFO] [1788861233.880574969] [tracking_pick_node]: class=pet_labeled conf=0.97 anchor=(275.0,624.1) kf_x=267.2 kf_vx=0.00 pending=2341 confirmed=True holding=False
[INFO] [1788861234.014241407] [tracking_pick_node]: class=pet_labeled conf=0.97 anchor=(275.0,624.1) kf_x=267.3 kf_vx=0.00 pending=2342 confirmed=True holding=False
[INFO] [1788861234.142256388] [tracking_pick_node]: class=pet_labeled conf=0.97 anchor=(275.1,624.1) kf_x=267.3 kf_vx=0.00 pending=2343 confirmed=True holding=False
[INFO] [1788861234.278487110] [tracking_pick_node]: class=pet_labeled conf=0.97 anchor=(274.9,624.0) kf_x=267.3 kf_vx=0.00 pending=2344 confirmed=True holding=False
[INFO] [1788861234.409709203] [tracking_pick_node]: class=pet_labeled conf=0.97 anchor=(275.0,624.1) kf_x=267.3 kf_vx=0.00 pending=2345 confirmed=True holding=False
[INFO] [1788861234.543385508] [tracking_pick_node]: class=pet_labeled conf=0.97 anchor=(275.0,624.2) kf_x=267.3 kf_vx=0.00 pending=2346 confirmed=True holding=False
[INFO] [1788861234.680115778] [tracking_pick_node]: class=pet_labeled conf=0.97 anchor=(274.9,624.1) kf_x=267.3 kf_vx=0.00 pending=2347 confirmed=True holding=False
[INFO] [1788861234.817247212] [tracking_pick_node]: class=pet_labeled conf=0.97 anchor=(275.0,624.1) kf_x=267.3 kf_vx=0.00 pending=2348 confirmed=True holding=False
[INFO] [1788861234.942950030] [tracking_pick_node]: class=pet_labeled conf=0.97 anchor=(274.9,624.1) kf_x=267.3 kf_vx=0.00 pending=2349 confirmed=True holding=False
[INFO] [1788861235.077705164] [tracking_pick_node]: class=pet_labeled conf=0.97 anchor=(275.0,624.0) kf_x=267.3 kf_vx=0.00 pending=2350 confirmed=True holding=False
[INFO] [1788861235.211333958] [tracking_pick_node]: class=pet_labeled conf=0.97 anchor=(274.9,624.0) kf_x=267.3 kf_vx=0.00 pending=2351 confirmed=True holding=False
[INFO] [1788861235.343510155] [tracking_pick_node]: class=pet_labeled conf=0.97 anchor=(274.9,624.0) kf_x=267.2 kf_vx=0.00 pending=2352 confirmed=True holding=False
[INFO] [1788861235.478179875] [tracking_pick_node]: class=pet_labeled conf=0.97 anchor=(275.0,624.1) kf_x=267.3 kf_vx=0.00 pending=2353 confirmed=True holding=False
[INFO] [1788861235.610057015] [tracking_pick_node]: class=pet_labeled conf=0.97 anchor=(275.0,624.1) kf_x=267.3 kf_vx=0.00 pending=2354 confirmed=True holding=False
[INFO] [1788861235.741762574] [tracking_pick_node]: class=pet_labeled conf=0.97 anchor=(275.0,624.0) kf_x=267.3 kf_vx=0.00 pending=2355 confirmed=True holding=False
[INFO] [1788861235.878758333] [tracking_pick_node]: class=pet_labeled conf=0.97 anchor=(274.9,624.1) kf_x=267.3 kf_vx=0.00 pending=2356 confirmed=True holding=False
[INFO] [1788861236.010424303] [tracking_pick_node]: class=pet_labeled conf=0.97 anchor=(274.9,624.1) kf_x=267.2 kf_vx=-0.00 pending=2357 confirmed=True holding=False
[INFO] [1788861236.142430387] [tracking_pick_node]: class=pet_labeled conf=0.97 anchor=(275.0,624.1) kf_x=267.3 kf_vx=0.00 pending=2358 confirmed=True holding=False
[INFO] [1788861236.279872028] [tracking_pick_node]: class=pet_labeled conf=0.97 anchor=(274.9,624.1) kf_x=267.2 kf_vx=-0.00 pending=2359 confirmed=True holding=False
[INFO] [1788861236.412389321] [tracking_pick_node]: class=pet_labeled conf=0.97 anchor=(275.1,624.1) kf_x=267.3 kf_vx=0.00 pending=2360 confirmed=True holding=False
[INFO] [1788861236.541948220] [tracking_pick_node]: class=pet_labeled conf=0.97 anchor=(274.9,624.1) kf_x=267.3 kf_vx=0.00 pending=2361 confirmed=True holding=False
[INFO] [1788861236.679412271] [tracking_pick_node]: class=pet_labeled conf=0.97 anchor=(274.9,624.1) kf_x=267.2 kf_vx=-0.00 pending=2362 confirmed=True holding=False
[INFO] [1788861236.811499874] [tracking_pick_node]: class=pet_labeled conf=0.97 anchor=(274.9,624.1) kf_x=267.2 kf_vx=-0.00 pending=2363 confirmed=True holding=False
[INFO] [1788861236.942381475] [tracking_pick_node]: class=pet_labeled conf=0.97 anchor=(274.9,624.1) kf_x=267.2 kf_vx=-0.00 pending=2364 confirmed=True holding=False
[INFO] [1788861237.078866594] [tracking_pick_node]: class=pet_labeled conf=0.97 anchor=(275.0,624.2) kf_x=267.2 kf_vx=-0.00 pending=2365 confirmed=True holding=False
[INFO] [1788861237.210837274] [tracking_pick_node]: class=pet_labeled conf=0.97 anchor=(275.1,624.2) kf_x=267.3 kf_vx=0.00 pending=2366 confirmed=True holding=False
[INFO] [1788861237.342182598] [tracking_pick_node]: class=pet_labeled conf=0.97 anchor=(274.9,624.1) kf_x=267.2 kf_vx=-0.00 pending=2367 confirmed=True holding=False
[INFO] [1788861237.482539773] [tracking_pick_node]: class=pet_labeled conf=0.97 anchor=(275.0,624.1) kf_x=267.3 kf_vx=0.00 pending=2368 confirmed=True holding=False
[INFO] [1788861237.611059154] [tracking_pick_node]: class=pet_labeled conf=0.97 anchor=(274.9,624.0) kf_x=267.2 kf_vx=-0.00 pending=2369 confirmed=True holding=False
[INFO] [1788861237.742000215] [tracking_pick_node]: class=pet_labeled conf=0.97 anchor=(275.0,624.0) kf_x=267.2 kf_vx=0.00 pending=2370 confirmed=True holding=False
[INFO] [1788861237.878331074] [tracking_pick_node]: class=pet_labeled conf=0.97 anchor=(275.0,624.1) kf_x=267.3 kf_vx=0.00 pending=2371 confirmed=True holding=False
[INFO] [1788861238.014187588] [tracking_pick_node]: class=pet_labeled conf=0.97 anchor=(274.9,624.1) kf_x=267.3 kf_vx=0.00 pending=2372 confirmed=True holding=False
[INFO] [1788861238.146213291] [tracking_pick_node]: class=pet_labeled conf=0.97 anchor=(275.0,624.1) kf_x=267.3 kf_vx=0.00 pending=2373 confirmed=True holding=False
[INFO] [1788861238.275930424] [tracking_pick_node]: class=pet_labeled conf=0.97 anchor=(274.9,624.1) kf_x=267.3 kf_vx=0.00 pending=2374 confirmed=True holding=False
[INFO] [1788861238.409971976] [tracking_pick_node]: class=pet_labeled conf=0.97 anchor=(274.9,624.0) kf_x=267.2 kf_vx=-0.00 pending=2375 confirmed=True holding=False
[INFO] [1788861238.541966423] [tracking_pick_node]: class=pet_labeled conf=0.97 anchor=(274.8,624.0) kf_x=267.2 kf_vx=-0.00 pending=2376 confirmed=True holding=False
[INFO] [1788861238.673394951] [tracking_pick_node]: class=pet_labeled conf=0.97 anchor=(275.0,624.1) kf_x=267.2 kf_vx=-0.00 pending=2377 confirmed=True holding=False
[INFO] [1788861238.814879596] [tracking_pick_node]: class=pet_labeled conf=0.97 anchor=(274.9,624.1) kf_x=267.2 kf_vx=-0.00 pending=2378 confirmed=True holding=False
[INFO] [1788861238.945648080] [tracking_pick_node]: class=pet_labeled conf=0.97 anchor=(274.9,624.1) kf_x=267.2 kf_vx=-0.00 pending=2379 confirmed=True holding=False
[INFO] [1788861239.075754165] [tracking_pick_node]: class=pet_labeled conf=0.97 anchor=(275.0,624.1) kf_x=267.2 kf_vx=-0.00 pending=2380 confirmed=True holding=False
[INFO] [1788861239.212525204] [tracking_pick_node]: class=pet_labeled conf=0.97 anchor=(275.0,624.1) kf_x=267.2 kf_vx=-0.00 pending=2381 confirmed=True holding=False
[INFO] [1788861239.344100890] [tracking_pick_node]: class=pet_labeled conf=0.97 anchor=(275.0,624.2) kf_x=267.2 kf_vx=-0.00 pending=2382 confirmed=True holding=False
[INFO] [1788861239.475951208] [tracking_pick_node]: class=pet_labeled conf=0.97 anchor=(275.0,624.1) kf_x=267.2 kf_vx=0.00 pending=2383 confirmed=True holding=False
[INFO] [1788861239.610275526] [tracking_pick_node]: class=pet_labeled conf=0.97 anchor=(274.9,624.1) kf_x=267.2 kf_vx=-0.00 pending=2384 confirmed=True holding=False
[INFO] [1788861239.747224306] [tracking_pick_node]: class=pet_labeled conf=0.97 anchor=(275.0,624.1) kf_x=267.2 kf_vx=0.00 pending=2385 confirmed=True holding=False
[INFO] [1788861239.873907398] [tracking_pick_node]: class=pet_labeled conf=0.97 anchor=(275.0,624.1) kf_x=267.2 kf_vx=0.00 pending=2386 confirmed=True holding=False
[INFO] [1788861240.010922580] [tracking_pick_node]: class=pet_labeled conf=0.97 anchor=(275.0,624.1) kf_x=267.2 kf_vx=0.00 pending=2387 confirmed=True holding=False
[INFO] [1788861240.144409652] [tracking_pick_node]: class=pet_labeled conf=0.97 anchor=(275.0,624.1) kf_x=267.3 kf_vx=0.00 pending=2388 confirmed=True holding=False
[INFO] [1788861240.275429446] [tracking_pick_node]: class=pet_labeled conf=0.97 anchor=(275.0,624.2) kf_x=267.3 kf_vx=0.00 pending=2389 confirmed=True holding=False
[INFO] [1788861240.410191459] [tracking_pick_node]: class=pet_labeled conf=0.97 anchor=(274.9,624.0) kf_x=267.3 kf_vx=0.00 pending=2390 confirmed=True holding=False
[INFO] [1788861240.541813954] [tracking_pick_node]: class=pet_labeled conf=0.97 anchor=(274.9,624.1) kf_x=267.2 kf_vx=0.00 pending=2391 confirmed=True holding=False
[INFO] [1788861240.674868364] [tracking_pick_node]: class=pet_labeled conf=0.97 anchor=(275.0,624.1) kf_x=267.3 kf_vx=0.00 pending=2392 confirmed=True holding=False
[INFO] [1788861240.811188064] [tracking_pick_node]: class=pet_labeled conf=0.97 anchor=(275.0,624.1) kf_x=267.3 kf_vx=0.00 pending=2393 confirmed=True holding=False
[INFO] [1788861240.951626698] [tracking_pick_node]: class=pet_labeled conf=0.97 anchor=(275.0,624.1) kf_x=267.3 kf_vx=0.00 pending=2394 confirmed=True holding=False
[INFO] [1788861241.076645053] [tracking_pick_node]: class=pet_labeled conf=0.97 anchor=(275.0,624.1) kf_x=267.3 kf_vx=0.00 pending=2395 confirmed=True holding=False
[INFO] [1788861241.210763618] [tracking_pick_node]: class=pet_labeled conf=0.97 anchor=(275.0,624.0) kf_x=267.3 kf_vx=0.00 pending=2396 confirmed=True holding=False
[INFO] [1788861241.343123681] [tracking_pick_node]: class=pet_labeled conf=0.97 anchor=(275.0,624.1) kf_x=267.3 kf_vx=0.00 pending=2397 confirmed=True holding=False
[INFO] [1788861241.473785886] [tracking_pick_node]: class=pet_labeled conf=0.97 anchor=(275.0,624.1) kf_x=267.3 kf_vx=0.00 pending=2398 confirmed=True holding=False
[INFO] [1788861241.611264122] [tracking_pick_node]: class=pet_labeled conf=0.97 anchor=(274.9,624.1) kf_x=267.3 kf_vx=0.00 pending=2399 confirmed=True holding=False
[INFO] [1788861241.743735656] [tracking_pick_node]: class=pet_labeled conf=0.97 anchor=(274.9,624.0) kf_x=267.3 kf_vx=0.00 pending=2400 confirmed=True holding=False
[INFO] [1788861241.878384095] [tracking_pick_node]: class=pet_labeled conf=0.97 anchor=(274.9,624.1) kf_x=267.3 kf_vx=0.00 pending=2401 confirmed=True holding=False
[INFO] [1788861242.014351878] [tracking_pick_node]: class=pet_labeled conf=0.97 anchor=(274.9,624.0) kf_x=267.2 kf_vx=-0.00 pending=2402 confirmed=True holding=False
[INFO] [1788861242.145109782] [tracking_pick_node]: class=pet_labeled conf=0.97 anchor=(275.0,624.0) kf_x=267.3 kf_vx=0.00 pending=2403 confirmed=True holding=False
[INFO] [1788861242.276392168] [tracking_pick_node]: class=pet_labeled conf=0.97 anchor=(275.0,624.2) kf_x=267.3 kf_vx=0.00 pending=2404 confirmed=True holding=False
[INFO] [1788861242.411757219] [tracking_pick_node]: class=pet_labeled conf=0.97 anchor=(275.0,624.2) kf_x=267.3 kf_vx=0.00 pending=2405 confirmed=True holding=False
[INFO] [1788861242.544920108] [tracking_pick_node]: class=pet_labeled conf=0.97 anchor=(275.1,624.1) kf_x=267.3 kf_vx=0.00 pending=2406 confirmed=True holding=False
[INFO] [1788861242.678525707] [tracking_pick_node]: class=pet_labeled conf=0.97 anchor=(275.1,624.1) kf_x=267.3 kf_vx=0.00 pending=2407 confirmed=True holding=False
[INFO] [1788861242.810518460] [tracking_pick_node]: class=pet_labeled conf=0.97 anchor=(275.0,624.1) kf_x=267.3 kf_vx=0.00 pending=2408 confirmed=True holding=False
[INFO] [1788861242.942651539] [tracking_pick_node]: class=pet_labeled conf=0.97 anchor=(275.0,624.1) kf_x=267.3 kf_vx=0.00 pending=2409 confirmed=True holding=False
[INFO] [1788861243.074239004] [tracking_pick_node]: class=pet_labeled conf=0.97 anchor=(274.9,624.1) kf_x=267.3 kf_vx=0.00 pending=2410 confirmed=True holding=False
[INFO] [1788861243.210341860] [tracking_pick_node]: class=pet_labeled conf=0.97 anchor=(275.0,624.1) kf_x=267.3 kf_vx=0.00 pending=2411 confirmed=True holding=False
[INFO] [1788861243.342233048] [tracking_pick_node]: class=pet_labeled conf=0.97 anchor=(275.0,624.0) kf_x=267.3 kf_vx=0.00 pending=2412 confirmed=True holding=False
[INFO] [1788861243.477549456] [tracking_pick_node]: class=pet_labeled conf=0.97 anchor=(274.9,624.2) kf_x=267.3 kf_vx=0.00 pending=2413 confirmed=True holding=False
[INFO] [1788861243.616523516] [tracking_pick_node]: class=pet_labeled conf=0.97 anchor=(274.9,624.1) kf_x=267.3 kf_vx=0.00 pending=2414 confirmed=True holding=False
[INFO] [1788861243.743009214] [tracking_pick_node]: class=pet_labeled conf=0.97 anchor=(274.9,624.1) kf_x=267.3 kf_vx=0.00 pending=2415 confirmed=True holding=False
[INFO] [1788861243.875614053] [tracking_pick_node]: class=pet_labeled conf=0.97 anchor=(274.9,624.1) kf_x=267.3 kf_vx=-0.00 pending=2416 confirmed=True holding=False
[INFO] [1788861244.011027505] [tracking_pick_node]: class=pet_labeled conf=0.97 anchor=(275.0,624.1) kf_x=267.3 kf_vx=-0.00 pending=2417 confirmed=True holding=False
[INFO] [1788861244.141936675] [tracking_pick_node]: class=pet_labeled conf=0.97 anchor=(275.0,624.0) kf_x=267.3 kf_vx=0.00 pending=2418 confirmed=True holding=False
[INFO] [1788861244.273925060] [tracking_pick_node]: class=pet_labeled conf=0.97 anchor=(275.0,624.1) kf_x=267.3 kf_vx=0.00 pending=2419 confirmed=True holding=False
[INFO] [1788861244.410319373] [tracking_pick_node]: class=pet_labeled conf=0.97 anchor=(275.0,624.0) kf_x=267.3 kf_vx=0.00 pending=2420 confirmed=True holding=False
[INFO] [1788861244.545014853] [tracking_pick_node]: class=pet_labeled conf=0.97 anchor=(274.9,624.1) kf_x=267.3 kf_vx=-0.00 pending=2421 confirmed=True holding=False
[INFO] [1788861244.677083919] [tracking_pick_node]: class=pet_labeled conf=0.97 anchor=(275.0,624.1) kf_x=267.3 kf_vx=-0.00 pending=2422 confirmed=True holding=False
[INFO] [1788861244.810907460] [tracking_pick_node]: class=pet_labeled conf=0.97 anchor=(275.0,624.0) kf_x=267.3 kf_vx=0.00 pending=2423 confirmed=True holding=False
[INFO] [1788861244.941706832] [tracking_pick_node]: class=pet_labeled conf=0.97 anchor=(274.9,624.1) kf_x=267.3 kf_vx=-0.00 pending=2424 confirmed=True holding=False
[INFO] [1788861245.074243585] [tracking_pick_node]: class=pet_labeled conf=0.97 anchor=(275.0,624.2) kf_x=267.3 kf_vx=0.00 pending=2425 confirmed=True holding=False
[INFO] [1788861245.212557998] [tracking_pick_node]: class=pet_labeled conf=0.97 anchor=(275.0,624.1) kf_x=267.3 kf_vx=0.00 pending=2426 confirmed=True holding=False
[INFO] [1788861245.342324226] [tracking_pick_node]: class=pet_labeled conf=0.97 anchor=(274.9,624.0) kf_x=267.3 kf_vx=-0.00 pending=2427 confirmed=True holding=False
[INFO] [1788861245.474553005] [tracking_pick_node]: class=pet_labeled conf=0.97 anchor=(275.1,624.1) kf_x=267.3 kf_vx=0.00 pending=2428 confirmed=True holding=False
[INFO] [1788861245.610840634] [tracking_pick_node]: class=pet_labeled conf=0.97 anchor=(275.0,624.1) kf_x=267.3 kf_vx=0.00 pending=2429 confirmed=True holding=False
[INFO] [1788861245.743168267] [tracking_pick_node]: class=pet_labeled conf=0.97 anchor=(274.9,624.0) kf_x=267.3 kf_vx=-0.00 pending=2430 confirmed=True holding=False
[INFO] [1788861245.875535654] [tracking_pick_node]: class=pet_labeled conf=0.97 anchor=(274.9,624.1) kf_x=267.3 kf_vx=-0.00 pending=2431 confirmed=True holding=False
[INFO] [1788861246.010485565] [tracking_pick_node]: class=pet_labeled conf=0.97 anchor=(274.9,624.2) kf_x=267.3 kf_vx=-0.00 pending=2432 confirmed=True holding=False
[INFO] [1788861246.143791984] [tracking_pick_node]: class=pet_labeled conf=0.97 anchor=(274.9,624.1) kf_x=267.2 kf_vx=-0.00 pending=2433 confirmed=True holding=False
[INFO] [1788861246.275837875] [tracking_pick_node]: class=pet_labeled conf=0.97 anchor=(274.9,624.1) kf_x=267.2 kf_vx=-0.00 pending=2434 confirmed=True holding=False
[INFO] [1788861246.410103873] [tracking_pick_node]: class=pet_labeled conf=0.97 anchor=(275.1,624.2) kf_x=267.3 kf_vx=-0.00 pending=2435 confirmed=True holding=False
[INFO] [1788861246.543249054] [tracking_pick_node]: class=pet_labeled conf=0.97 anchor=(274.9,624.1) kf_x=267.2 kf_vx=-0.00 pending=2436 confirmed=True holding=False
[INFO] [1788861246.679729968] [tracking_pick_node]: class=pet_labeled conf=0.97 anchor=(275.0,624.2) kf_x=267.2 kf_vx=-0.00 pending=2437 confirmed=True holding=False
[INFO] [1788861246.811294674] [tracking_pick_node]: class=pet_labeled conf=0.97 anchor=(274.8,624.1) kf_x=267.2 kf_vx=-0.00 pending=2438 confirmed=True holding=False
[INFO] [1788861246.942265729] [tracking_pick_node]: class=pet_labeled conf=0.97 anchor=(275.0,624.1) kf_x=267.2 kf_vx=-0.00 pending=2439 confirmed=True holding=False
[INFO] [1788861247.074372366] [tracking_pick_node]: class=pet_labeled conf=0.97 anchor=(275.0,624.1) kf_x=267.2 kf_vx=-0.00 pending=2440 confirmed=True holding=False
[INFO] [1788861247.211240149] [tracking_pick_node]: class=pet_labeled conf=0.97 anchor=(275.0,624.0) kf_x=267.2 kf_vx=-0.00 pending=2441 confirmed=True holding=False
[INFO] [1788861247.343043313] [tracking_pick_node]: class=pet_labeled conf=0.97 anchor=(275.0,624.0) kf_x=267.2 kf_vx=-0.00 pending=2442 confirmed=True holding=False
[INFO] [1788861247.474822014] [tracking_pick_node]: class=pet_labeled conf=0.97 anchor=(275.0,624.1) kf_x=267.2 kf_vx=-0.00 pending=2443 confirmed=True holding=False
[INFO] [1788861247.612908086] [tracking_pick_node]: class=pet_labeled conf=0.97 anchor=(275.1,624.1) kf_x=267.3 kf_vx=0.00 pending=2444 confirmed=True holding=False
[INFO] [1788861247.742201151] [tracking_pick_node]: class=pet_labeled conf=0.97 anchor=(275.0,624.0) kf_x=267.3 kf_vx=0.00 pending=2445 confirmed=True holding=False
[INFO] [1788861247.873836147] [tracking_pick_node]: class=pet_labeled conf=0.97 anchor=(275.0,624.1) kf_x=267.3 kf_vx=0.00 pending=2446 confirmed=True holding=False
[INFO] [1788861248.010061037] [tracking_pick_node]: class=pet_labeled conf=0.97 anchor=(274.9,624.1) kf_x=267.3 kf_vx=-0.00 pending=2447 confirmed=True holding=False
[INFO] [1788861248.143276038] [tracking_pick_node]: class=pet_labeled conf=0.97 anchor=(275.0,624.1) kf_x=267.3 kf_vx=0.00 pending=2448 confirmed=True holding=False
[INFO] [1788861248.274113392] [tracking_pick_node]: class=pet_labeled conf=0.97 anchor=(274.8,624.1) kf_x=267.2 kf_vx=-0.00 pending=2449 confirmed=True holding=False
[INFO] [1788861248.409939614] [tracking_pick_node]: class=pet_labeled conf=0.97 anchor=(275.0,624.1) kf_x=267.2 kf_vx=-0.00 pending=2450 confirmed=True holding=False
[INFO] [1788861248.542406889] [tracking_pick_node]: class=pet_labeled conf=0.97 anchor=(275.0,624.1) kf_x=267.2 kf_vx=-0.00 pending=2451 confirmed=True holding=False
[INFO] [1788861248.675483598] [tracking_pick_node]: class=pet_labeled conf=0.97 anchor=(274.8,623.9) kf_x=267.2 kf_vx=-0.00 pending=2452 confirmed=True holding=False
[INFO] [1788861248.810127629] [tracking_pick_node]: class=pet_labeled conf=0.97 anchor=(275.0,624.0) kf_x=267.2 kf_vx=-0.00 pending=2453 confirmed=True holding=False
[INFO] [1788861248.943327439] [tracking_pick_node]: class=pet_labeled conf=0.97 anchor=(274.9,624.1) kf_x=267.2 kf_vx=-0.00 pending=2454 confirmed=True holding=False
[INFO] [1788861249.086465419] [tracking_pick_node]: class=pet_labeled conf=0.97 anchor=(274.9,624.0) kf_x=267.2 kf_vx=-0.00 pending=2455 confirmed=True holding=False
[INFO] [1788861249.210626706] [tracking_pick_node]: class=pet_labeled conf=0.97 anchor=(274.9,624.1) kf_x=267.2 kf_vx=-0.01 pending=2456 confirmed=True holding=False
[INFO] [1788861249.342323923] [tracking_pick_node]: class=pet_labeled conf=0.97 anchor=(274.9,624.0) kf_x=267.2 kf_vx=-0.01 pending=2457 confirmed=True holding=False
[INFO] [1788861249.474932177] [tracking_pick_node]: class=pet_labeled conf=0.97 anchor=(274.9,624.1) kf_x=267.2 kf_vx=-0.01 pending=2458 confirmed=True holding=False
[INFO] [1788861249.610298395] [tracking_pick_node]: class=pet_labeled conf=0.97 anchor=(274.9,624.1) kf_x=267.2 kf_vx=-0.01 pending=2459 confirmed=True holding=False
[INFO] [1788861249.742194662] [tracking_pick_node]: class=pet_labeled conf=0.97 anchor=(275.0,624.2) kf_x=267.2 kf_vx=-0.01 pending=2460 confirmed=True holding=False
[INFO] [1788861249.873957253] [tracking_pick_node]: class=pet_labeled conf=0.97 anchor=(274.9,624.1) kf_x=267.2 kf_vx=-0.00 pending=2461 confirmed=True holding=False
[INFO] [1788861250.011246460] [tracking_pick_node]: class=pet_labeled conf=0.97 anchor=(275.0,624.1) kf_x=267.2 kf_vx=-0.00 pending=2462 confirmed=True holding=False
[INFO] [1788861250.142091177] [tracking_pick_node]: class=pet_labeled conf=0.97 anchor=(275.0,624.0) kf_x=267.2 kf_vx=-0.00 pending=2463 confirmed=True holding=False
[INFO] [1788861250.274196813] [tracking_pick_node]: class=pet_labeled conf=0.97 anchor=(274.9,624.2) kf_x=267.2 kf_vx=-0.00 pending=2464 confirmed=True holding=False
[INFO] [1788861250.410537862] [tracking_pick_node]: class=pet_labeled conf=0.97 anchor=(275.0,624.1) kf_x=267.2 kf_vx=-0.00 pending=2465 confirmed=True holding=False
[INFO] [1788861250.541740840] [tracking_pick_node]: class=pet_labeled conf=0.97 anchor=(274.9,624.1) kf_x=267.2 kf_vx=-0.00 pending=2466 confirmed=True holding=False
[INFO] [1788861250.676199824] [tracking_pick_node]: class=pet_labeled conf=0.97 anchor=(274.9,624.0) kf_x=267.2 kf_vx=-0.00 pending=2467 confirmed=True holding=False
[INFO] [1788861250.812122717] [tracking_pick_node]: class=pet_labeled conf=0.97 anchor=(275.0,624.2) kf_x=267.2 kf_vx=-0.00 pending=2468 confirmed=True holding=False
[INFO] [1788861250.942919581] [tracking_pick_node]: class=pet_labeled conf=0.97 anchor=(275.0,624.1) kf_x=267.2 kf_vx=-0.00 pending=2469 confirmed=True holding=False
[INFO] [1788861251.078926589] [tracking_pick_node]: class=pet_labeled conf=0.97 anchor=(274.9,624.1) kf_x=267.2 kf_vx=-0.00 pending=2470 confirmed=True holding=False
[INFO] [1788861251.210575869] [tracking_pick_node]: class=pet_labeled conf=0.97 anchor=(275.0,624.0) kf_x=267.2 kf_vx=-0.00 pending=2471 confirmed=True holding=False
[INFO] [1788861251.342421209] [tracking_pick_node]: class=pet_labeled conf=0.97 anchor=(274.9,624.1) kf_x=267.2 kf_vx=-0.00 pending=2472 confirmed=True holding=False
[INFO] [1788861251.476469211] [tracking_pick_node]: class=pet_labeled conf=0.97 anchor=(275.0,624.1) kf_x=267.2 kf_vx=-0.00 pending=2473 confirmed=True holding=False
[INFO] [1788861251.606561236] [tracking_pick_node]: class=pet_labeled conf=0.97 anchor=(275.0,624.1) kf_x=267.2 kf_vx=-0.00 pending=2474 confirmed=True holding=False
[INFO] [1788861251.743020394] [tracking_pick_node]: class=pet_labeled conf=0.97 anchor=(275.0,624.2) kf_x=267.2 kf_vx=-0.00 pending=2475 confirmed=True holding=False
[INFO] [1788861251.874882357] [tracking_pick_node]: class=pet_labeled conf=0.97 anchor=(275.0,624.0) kf_x=267.2 kf_vx=-0.00 pending=2476 confirmed=True holding=False
[INFO] [1788861252.007248425] [tracking_pick_node]: class=pet_labeled conf=0.97 anchor=(275.0,624.1) kf_x=267.2 kf_vx=0.00 pending=2477 confirmed=True holding=False
[INFO] [1788861252.142418795] [tracking_pick_node]: class=pet_labeled conf=0.97 anchor=(275.0,624.2) kf_x=267.2 kf_vx=0.00 pending=2478 confirmed=True holding=False
[INFO] [1788861252.274207024] [tracking_pick_node]: class=pet_labeled conf=0.97 anchor=(275.0,624.1) kf_x=267.2 kf_vx=0.00 pending=2479 confirmed=True holding=False
[INFO] [1788861252.409600404] [tracking_pick_node]: class=pet_labeled conf=0.97 anchor=(275.0,624.2) kf_x=267.3 kf_vx=0.00 pending=2480 confirmed=True holding=False
[INFO] [1788861252.542150060] [tracking_pick_node]: class=pet_labeled conf=0.97 anchor=(275.0,624.1) kf_x=267.3 kf_vx=0.00 pending=2481 confirmed=True holding=False
[INFO] [1788861252.676986853] [tracking_pick_node]: class=pet_labeled conf=0.97 anchor=(274.9,624.0) kf_x=267.2 kf_vx=0.00 pending=2482 confirmed=True holding=False
[INFO] [1788861252.815439089] [tracking_pick_node]: class=pet_labeled conf=0.97 anchor=(275.0,624.1) kf_x=267.2 kf_vx=0.00 pending=2483 confirmed=True holding=False
[INFO] [1788861252.947001616] [tracking_pick_node]: class=pet_labeled conf=0.97 anchor=(275.0,624.1) kf_x=267.2 kf_vx=0.00 pending=2484 confirmed=True holding=False
[INFO] [1788861253.074257315] [tracking_pick_node]: class=pet_labeled conf=0.97 anchor=(275.0,624.1) kf_x=267.3 kf_vx=0.00 pending=2485 confirmed=True holding=False
[INFO] [1788861253.207494484] [tracking_pick_node]: class=pet_labeled conf=0.97 anchor=(275.1,624.1) kf_x=267.3 kf_vx=0.00 pending=2486 confirmed=True holding=False
[INFO] [1788861253.342945567] [tracking_pick_node]: class=pet_labeled conf=0.97 anchor=(274.8,624.1) kf_x=267.2 kf_vx=0.00 pending=2487 confirmed=True holding=False
[INFO] [1788861253.474620797] [tracking_pick_node]: class=pet_labeled conf=0.97 anchor=(274.9,624.2) kf_x=267.2 kf_vx=0.00 pending=2488 confirmed=True holding=False
[INFO] [1788861253.606470726] [tracking_pick_node]: class=pet_labeled conf=0.97 anchor=(274.9,624.1) kf_x=267.2 kf_vx=0.00 pending=2489 confirmed=True holding=False
[INFO] [1788861253.742106760] [tracking_pick_node]: class=pet_labeled conf=0.97 anchor=(275.0,624.0) kf_x=267.2 kf_vx=0.00 pending=2490 confirmed=True holding=False
[INFO] [1788861253.877734860] [tracking_pick_node]: class=pet_labeled conf=0.97 anchor=(275.0,624.1) kf_x=267.2 kf_vx=0.00 pending=2491 confirmed=True holding=False
[INFO] [1788861254.006566756] [tracking_pick_node]: class=pet_labeled conf=0.97 anchor=(274.9,624.0) kf_x=267.2 kf_vx=0.00 pending=2492 confirmed=True holding=False
[INFO] [1788861254.144568448] [tracking_pick_node]: class=pet_labeled conf=0.97 anchor=(275.0,624.0) kf_x=267.2 kf_vx=0.00 pending=2493 confirmed=True holding=False
[INFO] [1788861254.275106265] [tracking_pick_node]: class=pet_labeled conf=0.97 anchor=(274.9,624.0) kf_x=267.2 kf_vx=0.00 pending=2494 confirmed=True holding=False
[INFO] [1788861254.407545320] [tracking_pick_node]: class=pet_labeled conf=0.97 anchor=(274.9,624.0) kf_x=267.2 kf_vx=0.00 pending=2495 confirmed=True holding=False
[INFO] [1788861254.542749114] [tracking_pick_node]: class=pet_labeled conf=0.97 anchor=(275.0,624.1) kf_x=267.2 kf_vx=0.00 pending=2496 confirmed=True holding=False
[INFO] [1788861254.676428964] [tracking_pick_node]: class=pet_labeled conf=0.97 anchor=(275.0,624.1) kf_x=267.3 kf_vx=0.00 pending=2497 confirmed=True holding=False
[INFO] [1788861254.807233487] [tracking_pick_node]: class=pet_labeled conf=0.97 anchor=(275.0,624.2) kf_x=267.3 kf_vx=0.00 pending=2498 confirmed=True holding=False
[INFO] [1788861254.944268244] [tracking_pick_node]: class=pet_labeled conf=0.97 anchor=(274.9,624.0) kf_x=267.2 kf_vx=0.00 pending=2499 confirmed=True holding=False
[INFO] [1788861255.076177978] [tracking_pick_node]: class=pet_labeled conf=0.97 anchor=(274.8,624.2) kf_x=267.2 kf_vx=-0.00 pending=2500 confirmed=True holding=False
[INFO] [1788861255.213630669] [tracking_pick_node]: class=pet_labeled conf=0.97 anchor=(274.9,624.1) kf_x=267.2 kf_vx=-0.00 pending=2501 confirmed=True holding=False
[INFO] [1788861255.342359223] [tracking_pick_node]: class=pet_labeled conf=0.97 anchor=(275.0,624.1) kf_x=267.2 kf_vx=-0.00 pending=2502 confirmed=True holding=False
[INFO] [1788861255.477574006] [tracking_pick_node]: class=pet_labeled conf=0.97 anchor=(275.0,624.1) kf_x=267.2 kf_vx=-0.00 pending=2503 confirmed=True holding=False
[INFO] [1788861255.609920122] [tracking_pick_node]: class=pet_labeled conf=0.97 anchor=(275.0,624.1) kf_x=267.2 kf_vx=0.00 pending=2504 confirmed=True holding=False
[INFO] [1788861255.741987538] [tracking_pick_node]: class=pet_labeled conf=0.97 anchor=(275.0,624.1) kf_x=267.3 kf_vx=0.00 pending=2505 confirmed=True holding=False
[INFO] [1788861255.874723251] [tracking_pick_node]: class=pet_labeled conf=0.97 anchor=(275.0,624.1) kf_x=267.3 kf_vx=0.00 pending=2506 confirmed=True holding=False
[INFO] [1788861256.007171705] [tracking_pick_node]: class=pet_labeled conf=0.97 anchor=(274.9,624.2) kf_x=267.2 kf_vx=0.00 pending=2507 confirmed=True holding=False
[INFO] [1788861256.142701820] [tracking_pick_node]: class=pet_labeled conf=0.97 anchor=(274.9,624.1) kf_x=267.2 kf_vx=0.00 pending=2508 confirmed=True holding=False
[INFO] [1788861256.276478668] [tracking_pick_node]: class=pet_labeled conf=0.97 anchor=(275.0,624.0) kf_x=267.2 kf_vx=0.00 pending=2509 confirmed=True holding=False
[INFO] [1788861256.408393782] [tracking_pick_node]: class=pet_labeled conf=0.97 anchor=(275.0,624.1) kf_x=267.2 kf_vx=0.00 pending=2510 confirmed=True holding=False
[INFO] [1788861256.543207396] [tracking_pick_node]: class=pet_labeled conf=0.97 anchor=(274.9,624.0) kf_x=267.2 kf_vx=-0.00 pending=2511 confirmed=True holding=False
[INFO] [1788861256.674569281] [tracking_pick_node]: class=pet_labeled conf=0.97 anchor=(274.9,624.1) kf_x=267.2 kf_vx=-0.00 pending=2512 confirmed=True holding=False
[INFO] [1788861256.806533301] [tracking_pick_node]: class=pet_labeled conf=0.97 anchor=(275.0,624.0) kf_x=267.2 kf_vx=0.00 pending=2513 confirmed=True holding=False
[INFO] [1788861256.942245437] [tracking_pick_node]: class=pet_labeled conf=0.97 anchor=(274.9,624.1) kf_x=267.2 kf_vx=-0.00 pending=2514 confirmed=True holding=False
[INFO] [1788861257.077401117] [tracking_pick_node]: class=pet_labeled conf=0.97 anchor=(274.9,623.9) kf_x=267.2 kf_vx=-0.00 pending=2515 confirmed=True holding=False
[INFO] [1788861257.205900847] [tracking_pick_node]: class=pet_labeled conf=0.97 anchor=(275.0,624.2) kf_x=267.2 kf_vx=-0.00 pending=2516 confirmed=True holding=False
[INFO] [1788861257.344030715] [tracking_pick_node]: class=pet_labeled conf=0.97 anchor=(274.9,624.0) kf_x=267.2 kf_vx=-0.00 pending=2517 confirmed=True holding=False
[INFO] [1788861257.475744272] [tracking_pick_node]: class=pet_labeled conf=0.97 anchor=(275.0,624.1) kf_x=267.2 kf_vx=-0.00 pending=2518 confirmed=True holding=False
[INFO] [1788861257.606504870] [tracking_pick_node]: class=pet_labeled conf=0.97 anchor=(274.9,624.1) kf_x=267.2 kf_vx=-0.00 pending=2519 confirmed=True holding=False
[INFO] [1788861257.742982658] [tracking_pick_node]: class=pet_labeled conf=0.97 anchor=(274.9,624.0) kf_x=267.2 kf_vx=-0.00 pending=2520 confirmed=True holding=False
[INFO] [1788861257.878675148] [tracking_pick_node]: class=pet_labeled conf=0.97 anchor=(274.9,624.1) kf_x=267.2 kf_vx=-0.00 pending=2521 confirmed=True holding=False
[INFO] [1788861258.007712671] [tracking_pick_node]: class=pet_labeled conf=0.97 anchor=(274.9,624.1) kf_x=267.2 kf_vx=-0.00 pending=2522 confirmed=True holding=False
[INFO] [1788861258.142626558] [tracking_pick_node]: class=pet_labeled conf=0.97 anchor=(274.9,624.0) kf_x=267.2 kf_vx=-0.00 pending=2523 confirmed=True holding=False
[INFO] [1788861258.277587563] [tracking_pick_node]: class=pet_labeled conf=0.97 anchor=(275.0,624.1) kf_x=267.2 kf_vx=-0.00 pending=2524 confirmed=True holding=False
[INFO] [1788861258.408993525] [tracking_pick_node]: class=pet_labeled conf=0.97 anchor=(275.0,624.1) kf_x=267.2 kf_vx=-0.00 pending=2525 confirmed=True holding=False
[INFO] [1788861258.542413918] [tracking_pick_node]: class=pet_labeled conf=0.97 anchor=(274.9,624.1) kf_x=267.2 kf_vx=-0.00 pending=2526 confirmed=True holding=False
[INFO] [1788861258.674656227] [tracking_pick_node]: class=pet_labeled conf=0.97 anchor=(274.9,624.1) kf_x=267.2 kf_vx=-0.00 pending=2527 confirmed=True holding=False
[INFO] [1788861258.806061436] [tracking_pick_node]: class=pet_labeled conf=0.97 anchor=(274.9,624.1) kf_x=267.2 kf_vx=-0.00 pending=2528 confirmed=True holding=False
[INFO] [1788861258.942105358] [tracking_pick_node]: class=pet_labeled conf=0.97 anchor=(274.9,624.1) kf_x=267.2 kf_vx=-0.00 pending=2529 confirmed=True holding=False
[INFO] [1788861259.074290096] [tracking_pick_node]: class=pet_labeled conf=0.97 anchor=(275.0,624.1) kf_x=267.2 kf_vx=-0.00 pending=2530 confirmed=True holding=False
[INFO] [1788861259.208785627] [tracking_pick_node]: class=pet_labeled conf=0.97 anchor=(275.0,624.1) kf_x=267.2 kf_vx=-0.00 pending=2531 confirmed=True holding=False
[INFO] [1788861259.348690985] [tracking_pick_node]: class=pet_labeled conf=0.97 anchor=(275.0,624.2) kf_x=267.2 kf_vx=0.00 pending=2532 confirmed=True holding=False
[INFO] [1788861259.475901169] [tracking_pick_node]: class=pet_labeled conf=0.97 anchor=(274.9,624.0) kf_x=267.2 kf_vx=-0.00 pending=2533 confirmed=True holding=False
[INFO] [1788861259.607030843] [tracking_pick_node]: class=pet_labeled conf=0.97 anchor=(275.0,624.1) kf_x=267.2 kf_vx=0.00 pending=2534 confirmed=True holding=False
[INFO] [1788861259.742116295] [tracking_pick_node]: class=pet_labeled conf=0.96 anchor=(274.9,624.1) kf_x=267.2 kf_vx=-0.00 pending=2535 confirmed=True holding=False
[INFO] [1788861259.874823272] [tracking_pick_node]: class=pet_labeled conf=0.97 anchor=(274.9,624.1) kf_x=267.2 kf_vx=-0.00 pending=2536 confirmed=True holding=False
[INFO] [1788861260.008369208] [tracking_pick_node]: class=pet_labeled conf=0.97 anchor=(274.9,624.1) kf_x=267.2 kf_vx=-0.00 pending=2537 confirmed=True holding=False
[INFO] [1788861260.144650816] [tracking_pick_node]: class=pet_labeled conf=0.97 anchor=(274.9,624.1) kf_x=267.2 kf_vx=-0.00 pending=2538 confirmed=True holding=False
[INFO] [1788861260.276089468] [tracking_pick_node]: class=pet_labeled conf=0.97 anchor=(274.9,624.1) kf_x=267.2 kf_vx=-0.00 pending=2539 confirmed=True holding=False
[INFO] [1788861260.406794282] [tracking_pick_node]: class=pet_labeled conf=0.97 anchor=(275.0,624.1) kf_x=267.2 kf_vx=-0.00 pending=2540 confirmed=True holding=False
[INFO] [1788861260.545553149] [tracking_pick_node]: class=pet_labeled conf=0.97 anchor=(275.0,624.1) kf_x=267.2 kf_vx=-0.00 pending=2541 confirmed=True holding=False
[INFO] [1788861260.675630769] [tracking_pick_node]: class=pet_labeled conf=0.97 anchor=(274.9,624.0) kf_x=267.2 kf_vx=-0.00 pending=2542 confirmed=True holding=False
[INFO] [1788861260.806326179] [tracking_pick_node]: class=pet_labeled conf=0.97 anchor=(274.9,624.1) kf_x=267.2 kf_vx=-0.00 pending=2543 confirmed=True holding=False
[INFO] [1788861260.941843697] [tracking_pick_node]: class=pet_labeled conf=0.97 anchor=(275.0,624.0) kf_x=267.2 kf_vx=-0.00 pending=2544 confirmed=True holding=False
[INFO] [1788861261.076600151] [tracking_pick_node]: class=pet_labeled conf=0.97 anchor=(275.0,624.0) kf_x=267.2 kf_vx=-0.00 pending=2545 confirmed=True holding=False
[INFO] [1788861261.207959762] [tracking_pick_node]: class=pet_labeled conf=0.97 anchor=(274.9,624.1) kf_x=267.2 kf_vx=-0.00 pending=2546 confirmed=True holding=False
[INFO] [1788861261.342855509] [tracking_pick_node]: class=pet_labeled conf=0.97 anchor=(274.9,624.0) kf_x=267.2 kf_vx=-0.00 pending=2547 confirmed=True holding=False
[INFO] [1788861261.474226123] [tracking_pick_node]: class=pet_labeled conf=0.97 anchor=(275.0,624.0) kf_x=267.2 kf_vx=-0.00 pending=2548 confirmed=True holding=False
[INFO] [1788861261.606332172] [tracking_pick_node]: class=pet_labeled conf=0.97 anchor=(275.0,624.1) kf_x=267.2 kf_vx=-0.00 pending=2549 confirmed=True holding=False
[INFO] [1788861261.742255470] [tracking_pick_node]: class=pet_labeled conf=0.97 anchor=(275.0,624.2) kf_x=267.2 kf_vx=-0.00 pending=2550 confirmed=True holding=False
[INFO] [1788861261.873979456] [tracking_pick_node]: class=pet_labeled conf=0.97 anchor=(275.0,624.0) kf_x=267.2 kf_vx=-0.00 pending=2551 confirmed=True holding=False
[INFO] [1788861262.010566720] [tracking_pick_node]: class=pet_labeled conf=0.97 anchor=(274.9,624.0) kf_x=267.2 kf_vx=-0.00 pending=2552 confirmed=True holding=False
[INFO] [1788861262.143869031] [tracking_pick_node]: class=pet_labeled conf=0.97 anchor=(274.9,624.1) kf_x=267.2 kf_vx=-0.00 pending=2553 confirmed=True holding=False
[INFO] [1788861262.275800436] [tracking_pick_node]: class=pet_labeled conf=0.97 anchor=(274.9,624.1) kf_x=267.2 kf_vx=-0.00 pending=2554 confirmed=True holding=False
[INFO] [1788861262.406892645] [tracking_pick_node]: class=pet_labeled conf=0.97 anchor=(274.9,624.2) kf_x=267.2 kf_vx=-0.00 pending=2555 confirmed=True holding=False
[INFO] [1788861262.543064877] [tracking_pick_node]: class=pet_labeled conf=0.97 anchor=(274.9,624.1) kf_x=267.2 kf_vx=-0.00 pending=2556 confirmed=True holding=False
[INFO] [1788861262.674395638] [tracking_pick_node]: class=pet_labeled conf=0.97 anchor=(275.0,624.1) kf_x=267.2 kf_vx=-0.00 pending=2557 confirmed=True holding=False
[INFO] [1788861262.808696315] [tracking_pick_node]: class=pet_labeled conf=0.97 anchor=(274.9,624.0) kf_x=267.2 kf_vx=-0.00 pending=2558 confirmed=True holding=False
[INFO] [1788861262.943676107] [tracking_pick_node]: class=pet_labeled conf=0.97 anchor=(274.9,624.0) kf_x=267.2 kf_vx=-0.00 pending=2559 confirmed=True holding=False
[INFO] [1788861263.077212097] [tracking_pick_node]: class=pet_labeled conf=0.97 anchor=(274.9,624.1) kf_x=267.2 kf_vx=-0.00 pending=2560 confirmed=True holding=False
[INFO] [1788861263.208650115] [tracking_pick_node]: class=pet_labeled conf=0.97 anchor=(275.0,624.1) kf_x=267.2 kf_vx=-0.00 pending=2561 confirmed=True holding=False
[INFO] [1788861263.346832230] [tracking_pick_node]: class=pet_labeled conf=0.97 anchor=(275.0,624.2) kf_x=267.2 kf_vx=-0.00 pending=2562 confirmed=True holding=False
[INFO] [1788861263.481445358] [tracking_pick_node]: class=pet_labeled conf=0.97 anchor=(275.0,624.1) kf_x=267.2 kf_vx=-0.00 pending=2563 confirmed=True holding=False
[INFO] [1788861263.609850289] [tracking_pick_node]: class=pet_labeled conf=0.97 anchor=(275.0,624.1) kf_x=267.2 kf_vx=0.00 pending=2564 confirmed=True holding=False
[INFO] [1788861263.743814879] [tracking_pick_node]: class=pet_labeled conf=0.97 anchor=(274.9,624.0) kf_x=267.2 kf_vx=-0.00 pending=2565 confirmed=True holding=False
[INFO] [1788861263.876816906] [tracking_pick_node]: class=pet_labeled conf=0.97 anchor=(275.0,624.2) kf_x=267.2 kf_vx=-0.00 pending=2566 confirmed=True holding=False
[INFO] [1788861264.007040265] [tracking_pick_node]: class=pet_labeled conf=0.97 anchor=(275.0,624.1) kf_x=267.2 kf_vx=0.00 pending=2567 confirmed=True holding=False
[INFO] [1788861264.143113681] [tracking_pick_node]: class=pet_labeled conf=0.97 anchor=(275.0,624.2) kf_x=267.2 kf_vx=0.00 pending=2568 confirmed=True holding=False
[INFO] [1788861264.278703030] [tracking_pick_node]: class=pet_labeled conf=0.97 anchor=(274.9,624.1) kf_x=267.2 kf_vx=0.00 pending=2569 confirmed=True holding=False
[INFO] [1788861264.408168292] [tracking_pick_node]: class=pet_labeled conf=0.97 anchor=(275.0,624.0) kf_x=267.2 kf_vx=0.00 pending=2570 confirmed=True holding=False
[INFO] [1788861264.543625569] [tracking_pick_node]: class=pet_labeled conf=0.97 anchor=(275.0,624.1) kf_x=267.2 kf_vx=0.00 pending=2571 confirmed=True holding=False
[INFO] [1788861264.677864623] [tracking_pick_node]: class=pet_labeled conf=0.97 anchor=(274.9,624.1) kf_x=267.2 kf_vx=0.00 pending=2572 confirmed=True holding=False
[INFO] [1788861264.806492369] [tracking_pick_node]: class=pet_labeled conf=0.97 anchor=(274.9,624.1) kf_x=267.2 kf_vx=0.00 pending=2573 confirmed=True holding=False
[INFO] [1788861264.938399698] [tracking_pick_node]: class=pet_labeled conf=0.97 anchor=(275.0,624.1) kf_x=267.2 kf_vx=0.00 pending=2574 confirmed=True holding=False
[INFO] [1788861265.075644553] [tracking_pick_node]: class=pet_labeled conf=0.97 anchor=(275.0,624.1) kf_x=267.2 kf_vx=0.00 pending=2575 confirmed=True holding=False
[INFO] [1788861265.210747883] [tracking_pick_node]: class=pet_labeled conf=0.97 anchor=(275.0,624.2) kf_x=267.2 kf_vx=0.00 pending=2576 confirmed=True holding=False
[INFO] [1788861265.346553898] [tracking_pick_node]: class=pet_labeled conf=0.97 anchor=(275.1,624.2) kf_x=267.2 kf_vx=0.00 pending=2577 confirmed=True holding=False
[INFO] [1788861265.475048117] [tracking_pick_node]: class=pet_labeled conf=0.97 anchor=(274.9,624.0) kf_x=267.2 kf_vx=0.00 pending=2578 confirmed=True holding=False
[INFO] [1788861265.608278835] [tracking_pick_node]: class=pet_labeled conf=0.97 anchor=(274.9,624.1) kf_x=267.2 kf_vx=0.00 pending=2579 confirmed=True holding=False
[INFO] [1788861265.740028962] [tracking_pick_node]: class=pet_labeled conf=0.97 anchor=(274.9,624.0) kf_x=267.2 kf_vx=0.00 pending=2580 confirmed=True holding=False
[INFO] [1788861265.875109676] [tracking_pick_node]: class=pet_labeled conf=0.97 anchor=(274.8,624.0) kf_x=267.2 kf_vx=0.00 pending=2581 confirmed=True holding=False
[INFO] [1788861266.006924342] [tracking_pick_node]: class=pet_labeled conf=0.97 anchor=(274.9,624.1) kf_x=267.2 kf_vx=0.00 pending=2582 confirmed=True holding=False
[INFO] [1788861266.138307881] [tracking_pick_node]: class=pet_labeled conf=0.97 anchor=(275.0,624.1) kf_x=267.2 kf_vx=0.00 pending=2583 confirmed=True holding=False
[INFO] [1788861266.276000326] [tracking_pick_node]: class=pet_labeled conf=0.97 anchor=(275.0,624.1) kf_x=267.2 kf_vx=0.00 pending=2584 confirmed=True holding=False
[INFO] [1788861266.411746514] [tracking_pick_node]: class=pet_labeled conf=0.97 anchor=(275.0,624.0) kf_x=267.2 kf_vx=0.00 pending=2585 confirmed=True holding=False
[INFO] [1788861266.539978398] [tracking_pick_node]: class=pet_labeled conf=0.97 anchor=(274.9,624.0) kf_x=267.2 kf_vx=0.00 pending=2586 confirmed=True holding=False
[INFO] [1788861266.674957002] [tracking_pick_node]: class=pet_labeled conf=0.97 anchor=(275.0,624.1) kf_x=267.2 kf_vx=0.00 pending=2587 confirmed=True holding=False
[INFO] [1788861266.806468400] [tracking_pick_node]: class=pet_labeled conf=0.96 anchor=(274.8,624.1) kf_x=267.2 kf_vx=-0.00 pending=2588 confirmed=True holding=False
[INFO] [1788861266.941568998] [tracking_pick_node]: class=pet_labeled conf=0.97 anchor=(274.9,624.0) kf_x=267.2 kf_vx=-0.00 pending=2589 confirmed=True holding=False
[INFO] [1788861267.075514856] [tracking_pick_node]: class=pet_labeled conf=0.97 anchor=(274.9,624.0) kf_x=267.2 kf_vx=-0.00 pending=2590 confirmed=True holding=False
[INFO] [1788861267.206179394] [tracking_pick_node]: class=pet_labeled conf=0.97 anchor=(275.0,624.1) kf_x=267.2 kf_vx=-0.00 pending=2591 confirmed=True holding=False
[INFO] [1788861267.340796045] [tracking_pick_node]: class=pet_labeled conf=0.97 anchor=(274.9,624.0) kf_x=267.2 kf_vx=-0.00 pending=2592 confirmed=True holding=False
[INFO] [1788861267.475042919] [tracking_pick_node]: class=pet_labeled conf=0.97 anchor=(275.0,624.1) kf_x=267.2 kf_vx=-0.00 pending=2593 confirmed=True holding=False
[INFO] [1788861267.607439869] [tracking_pick_node]: class=pet_labeled conf=0.97 anchor=(275.0,624.0) kf_x=267.2 kf_vx=-0.00 pending=2594 confirmed=True holding=False
[INFO] [1788861267.739082520] [tracking_pick_node]: class=pet_labeled conf=0.97 anchor=(275.0,624.0) kf_x=267.2 kf_vx=0.00 pending=2595 confirmed=True holding=False
[INFO] [1788861267.876509888] [tracking_pick_node]: class=pet_labeled conf=0.97 anchor=(274.9,624.0) kf_x=267.2 kf_vx=-0.00 pending=2596 confirmed=True holding=False
[INFO] [1788861268.006483191] [tracking_pick_node]: class=pet_labeled conf=0.97 anchor=(274.9,624.2) kf_x=267.2 kf_vx=-0.00 pending=2597 confirmed=True holding=False
[INFO] [1788861268.140968386] [tracking_pick_node]: class=pet_labeled conf=0.97 anchor=(274.9,624.0) kf_x=267.2 kf_vx=-0.00 pending=2598 confirmed=True holding=False
[INFO] [1788861268.274981300] [tracking_pick_node]: class=pet_labeled conf=0.97 anchor=(274.9,624.0) kf_x=267.2 kf_vx=-0.00 pending=2599 confirmed=True holding=False
[INFO] [1788861268.407436223] [tracking_pick_node]: class=pet_labeled conf=0.97 anchor=(275.0,624.0) kf_x=267.2 kf_vx=-0.00 pending=2600 confirmed=True holding=False
[INFO] [1788861268.538636458] [tracking_pick_node]: class=pet_labeled conf=0.97 anchor=(274.8,624.0) kf_x=267.2 kf_vx=-0.00 pending=2601 confirmed=True holding=False
[INFO] [1788861268.674590213] [tracking_pick_node]: class=pet_labeled conf=0.97 anchor=(275.0,624.1) kf_x=267.2 kf_vx=-0.00 pending=2602 confirmed=True holding=False
[INFO] [1788861268.806915120] [tracking_pick_node]: class=pet_labeled conf=0.97 anchor=(275.0,624.0) kf_x=267.2 kf_vx=-0.00 pending=2603 confirmed=True holding=False
[INFO] [1788861268.938227171] [tracking_pick_node]: class=pet_labeled conf=0.97 anchor=(274.9,624.1) kf_x=267.2 kf_vx=-0.00 pending=2604 confirmed=True holding=False
[INFO] [1788861269.079528050] [tracking_pick_node]: class=pet_labeled conf=0.97 anchor=(274.9,624.2) kf_x=267.2 kf_vx=-0.00 pending=2605 confirmed=True holding=False
[INFO] [1788861269.208152899] [tracking_pick_node]: class=pet_labeled conf=0.97 anchor=(274.9,624.2) kf_x=267.2 kf_vx=-0.00 pending=2606 confirmed=True holding=False
[INFO] [1788861269.340095207] [tracking_pick_node]: class=pet_labeled conf=0.97 anchor=(274.9,624.1) kf_x=267.2 kf_vx=-0.00 pending=2607 confirmed=True holding=False
[INFO] [1788861269.475501226] [tracking_pick_node]: class=pet_labeled conf=0.97 anchor=(274.9,624.0) kf_x=267.2 kf_vx=-0.00 pending=2608 confirmed=True holding=False
[INFO] [1788861269.607870984] [tracking_pick_node]: class=pet_labeled conf=0.97 anchor=(275.0,624.1) kf_x=267.2 kf_vx=-0.00 pending=2609 confirmed=True holding=False
[INFO] [1788861269.739772382] [tracking_pick_node]: class=pet_labeled conf=0.97 anchor=(274.9,624.1) kf_x=267.2 kf_vx=-0.00 pending=2610 confirmed=True holding=False
[INFO] [1788861269.878598355] [tracking_pick_node]: class=pet_labeled conf=0.97 anchor=(274.9,624.1) kf_x=267.2 kf_vx=-0.00 pending=2611 confirmed=True holding=False
[INFO] [1788861270.006964323] [tracking_pick_node]: class=pet_labeled conf=0.97 anchor=(275.0,624.0) kf_x=267.2 kf_vx=-0.00 pending=2612 confirmed=True holding=False
[INFO] [1788861270.139836920] [tracking_pick_node]: class=pet_labeled conf=0.97 anchor=(275.0,624.1) kf_x=267.2 kf_vx=0.00 pending=2613 confirmed=True holding=False
[INFO] [1788861270.274764218] [tracking_pick_node]: class=pet_labeled conf=0.97 anchor=(274.9,624.1) kf_x=267.2 kf_vx=0.00 pending=2614 confirmed=True holding=False
[INFO] [1788861270.407576282] [tracking_pick_node]: class=pet_labeled conf=0.97 anchor=(275.1,624.1) kf_x=267.2 kf_vx=0.00 pending=2615 confirmed=True holding=False
[INFO] [1788861270.538971236] [tracking_pick_node]: class=pet_labeled conf=0.97 anchor=(274.9,624.1) kf_x=267.2 kf_vx=0.00 pending=2616 confirmed=True holding=False
[INFO] [1788861270.677037493] [tracking_pick_node]: class=pet_labeled conf=0.97 anchor=(274.9,624.1) kf_x=267.2 kf_vx=0.00 pending=2617 confirmed=True holding=False
[INFO] [1788861270.807728443] [tracking_pick_node]: class=pet_labeled conf=0.97 anchor=(274.8,624.0) kf_x=267.2 kf_vx=0.00 pending=2618 confirmed=True holding=False
[INFO] [1788861270.939240873] [tracking_pick_node]: class=pet_labeled conf=0.97 anchor=(275.1,624.1) kf_x=267.2 kf_vx=0.00 pending=2619 confirmed=True holding=False
[INFO] [1788861271.075540636] [tracking_pick_node]: class=pet_labeled conf=0.97 anchor=(275.0,624.1) kf_x=267.2 kf_vx=0.00 pending=2620 confirmed=True holding=False
[INFO] [1788861271.206603195] [tracking_pick_node]: class=pet_labeled conf=0.97 anchor=(274.8,624.2) kf_x=267.2 kf_vx=0.00 pending=2621 confirmed=True holding=False
[INFO] [1788861271.340976713] [tracking_pick_node]: class=pet_labeled conf=0.97 anchor=(274.9,624.1) kf_x=267.2 kf_vx=-0.00 pending=2622 confirmed=True holding=False
[INFO] [1788861271.474690160] [tracking_pick_node]: class=pet_labeled conf=0.97 anchor=(274.9,624.1) kf_x=267.2 kf_vx=-0.00 pending=2623 confirmed=True holding=False
[INFO] [1788861271.606171016] [tracking_pick_node]: class=pet_labeled conf=0.97 anchor=(274.9,624.1) kf_x=267.2 kf_vx=-0.00 pending=2624 confirmed=True holding=False
[INFO] [1788861271.739556987] [tracking_pick_node]: class=pet_labeled conf=0.97 anchor=(275.0,624.1) kf_x=267.2 kf_vx=0.00 pending=2625 confirmed=True holding=False
[INFO] [1788861271.876280999] [tracking_pick_node]: class=pet_labeled conf=0.97 anchor=(275.0,624.1) kf_x=267.2 kf_vx=0.00 pending=2626 confirmed=True holding=False
[INFO] [1788861272.010563898] [tracking_pick_node]: class=pet_labeled conf=0.97 anchor=(275.0,624.2) kf_x=267.2 kf_vx=0.00 pending=2627 confirmed=True holding=False
[INFO] [1788861272.138324490] [tracking_pick_node]: class=pet_labeled conf=0.97 anchor=(275.0,624.1) kf_x=267.2 kf_vx=0.00 pending=2628 confirmed=True holding=False
[INFO] [1788861272.274145154] [tracking_pick_node]: class=pet_labeled conf=0.97 anchor=(275.0,624.0) kf_x=267.2 kf_vx=0.00 pending=2629 confirmed=True holding=False
[INFO] [1788861272.407296904] [tracking_pick_node]: class=pet_labeled conf=0.97 anchor=(274.8,624.1) kf_x=267.2 kf_vx=0.00 pending=2630 confirmed=True holding=False
[INFO] [1788861272.539201549] [tracking_pick_node]: class=pet_labeled conf=0.97 anchor=(274.9,624.1) kf_x=267.2 kf_vx=0.00 pending=2631 confirmed=True holding=False
[INFO] [1788861272.677564281] [tracking_pick_node]: class=pet_labeled conf=0.97 anchor=(275.0,624.1) kf_x=267.2 kf_vx=0.00 pending=2632 confirmed=True holding=False
[INFO] [1788861272.807781115] [tracking_pick_node]: class=pet_labeled conf=0.97 anchor=(275.0,624.0) kf_x=267.2 kf_vx=0.00 pending=2633 confirmed=True holding=False
[INFO] [1788861272.941553705] [tracking_pick_node]: class=pet_labeled conf=0.96 anchor=(274.9,624.0) kf_x=267.2 kf_vx=0.00 pending=2634 confirmed=True holding=False
[INFO] [1788861273.075957007] [tracking_pick_node]: class=pet_labeled conf=0.97 anchor=(275.0,624.1) kf_x=267.2 kf_vx=0.00 pending=2635 confirmed=True holding=False
[INFO] [1788861273.205998042] [tracking_pick_node]: class=pet_labeled conf=0.97 anchor=(274.9,624.1) kf_x=267.2 kf_vx=0.00 pending=2636 confirmed=True holding=False
[INFO] [1788861273.338457629] [tracking_pick_node]: class=pet_labeled conf=0.97 anchor=(275.0,624.1) kf_x=267.2 kf_vx=0.00 pending=2637 confirmed=True holding=False
[INFO] [1788861273.474471197] [tracking_pick_node]: class=pet_labeled conf=0.97 anchor=(274.9,624.1) kf_x=267.2 kf_vx=0.00 pending=2638 confirmed=True holding=False
[INFO] [1788861273.606112272] [tracking_pick_node]: class=pet_labeled conf=0.97 anchor=(274.9,624.1) kf_x=267.2 kf_vx=0.00 pending=2639 confirmed=True holding=False
[INFO] [1788861273.738441868] [tracking_pick_node]: class=pet_labeled conf=0.97 anchor=(274.9,624.1) kf_x=267.2 kf_vx=0.00 pending=2640 confirmed=True holding=False
[INFO] [1788861273.882754642] [tracking_pick_node]: class=pet_labeled conf=0.97 anchor=(274.9,624.0) kf_x=267.2 kf_vx=0.00 pending=2641 confirmed=True holding=False
[INFO] [1788861274.006774404] [tracking_pick_node]: class=pet_labeled conf=0.97 anchor=(274.9,624.1) kf_x=267.2 kf_vx=-0.00 pending=2642 confirmed=True holding=False
[INFO] [1788861274.139288015] [tracking_pick_node]: class=pet_labeled conf=0.97 anchor=(274.9,624.1) kf_x=267.2 kf_vx=-0.00 pending=2643 confirmed=True holding=False
[INFO] [1788861274.275132392] [tracking_pick_node]: class=pet_labeled conf=0.97 anchor=(275.1,624.2) kf_x=267.2 kf_vx=0.00 pending=2644 confirmed=True holding=False
[INFO] [1788861274.405889683] [tracking_pick_node]: class=pet_labeled conf=0.97 anchor=(275.1,624.0) kf_x=267.2 kf_vx=0.00 pending=2645 confirmed=True holding=False
[INFO] [1788861274.538004953] [tracking_pick_node]: class=pet_labeled conf=0.97 anchor=(274.9,624.1) kf_x=267.2 kf_vx=0.00 pending=2646 confirmed=True holding=False
[INFO] [1788861274.676338249] [tracking_pick_node]: class=pet_labeled conf=0.97 anchor=(275.0,624.1) kf_x=267.2 kf_vx=0.00 pending=2647 confirmed=True holding=False
[INFO] [1788861274.808560221] [tracking_pick_node]: class=pet_labeled conf=0.97 anchor=(274.9,624.2) kf_x=267.2 kf_vx=0.00 pending=2648 confirmed=True holding=False
[INFO] [1788861274.940432612] [tracking_pick_node]: class=pet_labeled conf=0.97 anchor=(274.9,624.1) kf_x=267.2 kf_vx=0.00 pending=2649 confirmed=True holding=False
[INFO] [1788861275.082348553] [tracking_pick_node]: class=pet_labeled conf=0.97 anchor=(275.0,624.1) kf_x=267.2 kf_vx=0.00 pending=2650 confirmed=True holding=False
[INFO] [1788861275.207101669] [tracking_pick_node]: class=pet_labeled conf=0.97 anchor=(274.9,624.2) kf_x=267.2 kf_vx=0.00 pending=2651 confirmed=True holding=False
[INFO] [1788861275.338610403] [tracking_pick_node]: class=pet_labeled conf=0.97 anchor=(275.0,624.1) kf_x=267.2 kf_vx=0.00 pending=2652 confirmed=True holding=False
[INFO] [1788861275.476695794] [tracking_pick_node]: class=pet_labeled conf=0.97 anchor=(275.0,624.1) kf_x=267.2 kf_vx=0.00 pending=2653 confirmed=True holding=False
[INFO] [1788861275.610332054] [tracking_pick_node]: class=pet_labeled conf=0.97 anchor=(274.9,624.1) kf_x=267.2 kf_vx=0.00 pending=2654 confirmed=True holding=False
[INFO] [1788861275.739179626] [tracking_pick_node]: class=pet_labeled conf=0.97 anchor=(274.9,624.1) kf_x=267.2 kf_vx=0.00 pending=2655 confirmed=True holding=False
[INFO] [1788861275.875101826] [tracking_pick_node]: class=pet_labeled conf=0.97 anchor=(274.8,624.0) kf_x=267.2 kf_vx=-0.00 pending=2656 confirmed=True holding=False
[INFO] [1788861276.007012908] [tracking_pick_node]: class=pet_labeled conf=0.97 anchor=(274.9,624.1) kf_x=267.2 kf_vx=-0.00 pending=2657 confirmed=True holding=False
[INFO] [1788861276.138405468] [tracking_pick_node]: class=pet_labeled conf=0.97 anchor=(274.9,624.1) kf_x=267.2 kf_vx=-0.00 pending=2658 confirmed=True holding=False
[INFO] [1788861276.274496857] [tracking_pick_node]: class=pet_labeled conf=0.97 anchor=(274.9,624.1) kf_x=267.2 kf_vx=-0.00 pending=2659 confirmed=True holding=False
[INFO] [1788861276.408188908] [tracking_pick_node]: class=pet_labeled conf=0.97 anchor=(275.0,624.1) kf_x=267.2 kf_vx=-0.00 pending=2660 confirmed=True holding=False
[INFO] [1788861276.538849354] [tracking_pick_node]: class=pet_labeled conf=0.97 anchor=(274.9,624.1) kf_x=267.2 kf_vx=-0.00 pending=2661 confirmed=True holding=False
[INFO] [1788861276.675546191] [tracking_pick_node]: class=pet_labeled conf=0.97 anchor=(274.9,624.1) kf_x=267.2 kf_vx=-0.00 pending=2662 confirmed=True holding=False
[INFO] [1788861276.806688321] [tracking_pick_node]: class=pet_labeled conf=0.97 anchor=(274.9,624.1) kf_x=267.2 kf_vx=-0.00 pending=2663 confirmed=True holding=False
[INFO] [1788861276.938973953] [tracking_pick_node]: class=pet_labeled conf=0.97 anchor=(274.9,624.1) kf_x=267.2 kf_vx=-0.00 pending=2664 confirmed=True holding=False
[INFO] [1788861277.077089039] [tracking_pick_node]: class=pet_labeled conf=0.97 anchor=(274.9,624.0) kf_x=267.2 kf_vx=-0.00 pending=2665 confirmed=True holding=False
[INFO] [1788861277.208401225] [tracking_pick_node]: class=pet_labeled conf=0.97 anchor=(274.9,624.0) kf_x=267.2 kf_vx=-0.00 pending=2666 confirmed=True holding=False
[INFO] [1788861277.338834448] [tracking_pick_node]: class=pet_labeled conf=0.97 anchor=(274.9,624.1) kf_x=267.2 kf_vx=-0.00 pending=2667 confirmed=True holding=False
[INFO] [1788861277.475488582] [tracking_pick_node]: class=pet_labeled conf=0.97 anchor=(274.9,624.0) kf_x=267.2 kf_vx=-0.00 pending=2668 confirmed=True holding=False
[INFO] [1788861277.607485115] [tracking_pick_node]: class=pet_labeled conf=0.97 anchor=(274.9,624.0) kf_x=267.2 kf_vx=-0.00 pending=2669 confirmed=True holding=False
[INFO] [1788861277.739010638] [tracking_pick_node]: class=pet_labeled conf=0.97 anchor=(275.0,624.1) kf_x=267.2 kf_vx=-0.00 pending=2670 confirmed=True holding=False
[INFO] [1788861277.874709766] [tracking_pick_node]: class=pet_labeled conf=0.97 anchor=(274.9,624.1) kf_x=267.2 kf_vx=-0.00 pending=2671 confirmed=True holding=False
[INFO] [1788861278.006223122] [tracking_pick_node]: class=pet_labeled conf=0.97 anchor=(274.9,624.0) kf_x=267.2 kf_vx=-0.00 pending=2672 confirmed=True holding=False
[INFO] [1788861278.138532454] [tracking_pick_node]: class=pet_labeled conf=0.97 anchor=(274.9,624.2) kf_x=267.2 kf_vx=-0.00 pending=2673 confirmed=True holding=False
[INFO] [1788861278.270677779] [tracking_pick_node]: class=pet_labeled conf=0.97 anchor=(275.0,624.0) kf_x=267.2 kf_vx=-0.00 pending=2674 confirmed=True holding=False
[INFO] [1788861278.407683263] [tracking_pick_node]: class=pet_labeled conf=0.97 anchor=(275.0,624.2) kf_x=267.2 kf_vx=-0.00 pending=2675 confirmed=True holding=False
[INFO] [1788861278.539983542] [tracking_pick_node]: class=pet_labeled conf=0.97 anchor=(274.9,624.1) kf_x=267.2 kf_vx=-0.00 pending=2676 confirmed=True holding=False
[INFO] [1788861278.670974461] [tracking_pick_node]: class=pet_labeled conf=0.97 anchor=(274.9,624.1) kf_x=267.2 kf_vx=-0.00 pending=2677 confirmed=True holding=False
[INFO] [1788861278.806241676] [tracking_pick_node]: class=pet_labeled conf=0.97 anchor=(274.9,624.0) kf_x=267.2 kf_vx=-0.00 pending=2678 confirmed=True holding=False
[INFO] [1788861278.940018893] [tracking_pick_node]: class=pet_labeled conf=0.97 anchor=(275.0,624.2) kf_x=267.2 kf_vx=-0.00 pending=2679 confirmed=True holding=False
[INFO] [1788861279.071978892] [tracking_pick_node]: class=pet_labeled conf=0.97 anchor=(275.1,624.2) kf_x=267.2 kf_vx=0.00 pending=2680 confirmed=True holding=False
[INFO] [1788861279.207041645] [tracking_pick_node]: class=pet_labeled conf=0.97 anchor=(274.9,624.0) kf_x=267.2 kf_vx=0.00 pending=2681 confirmed=True holding=False
[INFO] [1788861279.340817956] [tracking_pick_node]: class=pet_labeled conf=0.97 anchor=(275.0,624.0) kf_x=267.2 kf_vx=0.00 pending=2682 confirmed=True holding=False
[INFO] [1788861279.470644166] [tracking_pick_node]: class=pet_labeled conf=0.97 anchor=(274.9,624.0) kf_x=267.2 kf_vx=-0.00 pending=2683 confirmed=True holding=False
[INFO] [1788861279.608369266] [tracking_pick_node]: class=pet_labeled conf=0.97 anchor=(274.9,624.1) kf_x=267.2 kf_vx=0.00 pending=2684 confirmed=True holding=False
[INFO] [1788861279.739042522] [tracking_pick_node]: class=pet_labeled conf=0.97 anchor=(274.9,624.1) kf_x=267.2 kf_vx=-0.00 pending=2685 confirmed=True holding=False
[INFO] [1788861279.873672606] [tracking_pick_node]: class=pet_labeled conf=0.97 anchor=(275.0,624.1) kf_x=267.2 kf_vx=0.00 pending=2686 confirmed=True holding=False
[INFO] [1788861280.010358201] [tracking_pick_node]: class=pet_labeled conf=0.97 anchor=(275.0,624.1) kf_x=267.2 kf_vx=0.00 pending=2687 confirmed=True holding=False
[INFO] [1788861280.139086136] [tracking_pick_node]: class=pet_labeled conf=0.97 anchor=(274.9,624.1) kf_x=267.2 kf_vx=0.00 pending=2688 confirmed=True holding=False
[INFO] [1788861280.271869183] [tracking_pick_node]: class=pet_labeled conf=0.97 anchor=(275.0,624.1) kf_x=267.2 kf_vx=0.00 pending=2689 confirmed=True holding=False
[INFO] [1788861280.407761847] [tracking_pick_node]: class=pet_labeled conf=0.97 anchor=(274.9,624.1) kf_x=267.2 kf_vx=0.00 pending=2690 confirmed=True holding=False
[INFO] [1788861280.545830264] [tracking_pick_node]: class=pet_labeled conf=0.97 anchor=(275.0,624.0) kf_x=267.2 kf_vx=0.00 pending=2691 confirmed=True holding=False
[INFO] [1788861280.671964188] [tracking_pick_node]: class=pet_labeled conf=0.97 anchor=(274.9,624.1) kf_x=267.2 kf_vx=0.00 pending=2692 confirmed=True holding=False
[INFO] [1788861280.809171477] [tracking_pick_node]: class=pet_labeled conf=0.97 anchor=(275.0,624.1) kf_x=267.2 kf_vx=0.00 pending=2693 confirmed=True holding=False
[INFO] [1788861280.938807607] [tracking_pick_node]: class=pet_labeled conf=0.97 anchor=(274.9,624.0) kf_x=267.2 kf_vx=-0.00 pending=2694 confirmed=True holding=False
[INFO] [1788861281.072398252] [tracking_pick_node]: class=pet_labeled conf=0.97 anchor=(274.9,624.1) kf_x=267.2 kf_vx=-0.00 pending=2695 confirmed=True holding=False
[INFO] [1788861281.217038801] [tracking_pick_node]: class=pet_labeled conf=0.97 anchor=(274.9,624.1) kf_x=267.2 kf_vx=-0.00 pending=2696 confirmed=True holding=False
[INFO] [1788861281.349820016] [tracking_pick_node]: class=pet_labeled conf=0.97 anchor=(274.9,624.0) kf_x=267.2 kf_vx=-0.00 pending=2697 confirmed=True holding=False
[INFO] [1788861281.471057690] [tracking_pick_node]: class=pet_labeled conf=0.97 anchor=(274.9,624.1) kf_x=267.2 kf_vx=-0.00 pending=2698 confirmed=True holding=False
[INFO] [1788861281.608272289] [tracking_pick_node]: class=pet_labeled conf=0.97 anchor=(274.9,624.1) kf_x=267.2 kf_vx=-0.00 pending=2699 confirmed=True holding=False
[INFO] [1788861281.740303167] [tracking_pick_node]: class=pet_labeled conf=0.97 anchor=(275.0,624.1) kf_x=267.2 kf_vx=-0.00 pending=2700 confirmed=True holding=False
[INFO] [1788861281.871611150] [tracking_pick_node]: class=pet_labeled conf=0.97 anchor=(275.0,624.0) kf_x=267.2 kf_vx=-0.00 pending=2701 confirmed=True holding=False
[INFO] [1788861282.006638742] [tracking_pick_node]: class=pet_labeled conf=0.97 anchor=(275.0,624.1) kf_x=267.2 kf_vx=0.00 pending=2702 confirmed=True holding=False
[INFO] [1788861282.139113254] [tracking_pick_node]: class=pet_labeled conf=0.97 anchor=(274.9,624.1) kf_x=267.2 kf_vx=0.00 pending=2703 confirmed=True holding=False
[INFO] [1788861282.272651994] [tracking_pick_node]: class=pet_labeled conf=0.97 anchor=(275.0,624.0) kf_x=267.2 kf_vx=0.00 pending=2704 confirmed=True holding=False
[INFO] [1788861282.408348717] [tracking_pick_node]: class=pet_labeled conf=0.97 anchor=(275.0,624.1) kf_x=267.2 kf_vx=0.00 pending=2705 confirmed=True holding=False
[INFO] [1788861282.538267936] [tracking_pick_node]: class=pet_labeled conf=0.97 anchor=(275.1,624.0) kf_x=267.2 kf_vx=0.00 pending=2706 confirmed=True holding=False
[INFO] [1788861282.674254172] [tracking_pick_node]: class=pet_labeled conf=0.97 anchor=(274.9,624.0) kf_x=267.2 kf_vx=0.00 pending=2707 confirmed=True holding=False
[INFO] [1788861282.807748860] [tracking_pick_node]: class=pet_labeled conf=0.97 anchor=(274.9,624.1) kf_x=267.2 kf_vx=0.00 pending=2708 confirmed=True holding=False
[INFO] [1788861282.943279392] [tracking_pick_node]: class=pet_labeled conf=0.97 anchor=(275.0,624.0) kf_x=267.2 kf_vx=0.00 pending=2709 confirmed=True holding=False
[INFO] [1788861283.070370970] [tracking_pick_node]: class=pet_labeled conf=0.97 anchor=(274.9,624.1) kf_x=267.2 kf_vx=0.00 pending=2710 confirmed=True holding=False
[INFO] [1788861283.206298111] [tracking_pick_node]: class=pet_labeled conf=0.97 anchor=(274.9,624.1) kf_x=267.2 kf_vx=0.00 pending=2711 confirmed=True holding=False
[INFO] [1788861283.341765898] [tracking_pick_node]: class=pet_labeled conf=0.97 anchor=(274.9,624.1) kf_x=267.2 kf_vx=0.00 pending=2712 confirmed=True holding=False
[INFO] [1788861283.471550333] [tracking_pick_node]: class=pet_labeled conf=0.97 anchor=(274.9,624.1) kf_x=267.2 kf_vx=0.00 pending=2713 confirmed=True holding=False
[INFO] [1788861283.606908707] [tracking_pick_node]: class=pet_labeled conf=0.97 anchor=(274.9,624.1) kf_x=267.2 kf_vx=0.00 pending=2714 confirmed=True holding=False
[INFO] [1788861283.739815012] [tracking_pick_node]: class=pet_labeled conf=0.97 anchor=(275.0,624.0) kf_x=267.2 kf_vx=0.00 pending=2715 confirmed=True holding=False
[INFO] [1788861283.870326587] [tracking_pick_node]: class=pet_labeled conf=0.97 anchor=(275.0,624.1) kf_x=267.2 kf_vx=0.00 pending=2716 confirmed=True holding=False
[INFO] [1788861284.007566008] [tracking_pick_node]: class=pet_labeled conf=0.97 anchor=(275.0,624.1) kf_x=267.2 kf_vx=0.00 pending=2717 confirmed=True holding=False
[INFO] [1788861284.138682794] [tracking_pick_node]: class=pet_labeled conf=0.97 anchor=(274.9,624.0) kf_x=267.2 kf_vx=0.00 pending=2718 confirmed=True holding=False
[INFO] [1788861284.271930309] [tracking_pick_node]: class=pet_labeled conf=0.97 anchor=(274.9,624.1) kf_x=267.2 kf_vx=0.00 pending=2719 confirmed=True holding=False
[INFO] [1788861284.406664452] [tracking_pick_node]: class=pet_labeled conf=0.97 anchor=(275.1,624.2) kf_x=267.2 kf_vx=0.00 pending=2720 confirmed=True holding=False
[INFO] [1788861284.539416079] [tracking_pick_node]: class=pet_labeled conf=0.97 anchor=(275.0,624.1) kf_x=267.2 kf_vx=0.00 pending=2721 confirmed=True holding=False
[INFO] [1788861284.670869368] [tracking_pick_node]: class=pet_labeled conf=0.97 anchor=(275.0,624.0) kf_x=267.2 kf_vx=0.00 pending=2722 confirmed=True holding=False
[INFO] [1788861284.806490286] [tracking_pick_node]: class=pet_labeled conf=0.97 anchor=(274.9,624.1) kf_x=267.2 kf_vx=0.00 pending=2723 confirmed=True holding=False
[INFO] [1788861284.938491270] [tracking_pick_node]: class=pet_labeled conf=0.97 anchor=(275.0,624.1) kf_x=267.2 kf_vx=0.00 pending=2724 confirmed=True holding=False
[INFO] [1788861285.071967643] [tracking_pick_node]: class=pet_labeled conf=0.97 anchor=(274.9,624.1) kf_x=267.2 kf_vx=0.00 pending=2725 confirmed=True holding=False
[INFO] [1788861285.208199416] [tracking_pick_node]: class=pet_labeled conf=0.97 anchor=(274.9,624.2) kf_x=267.2 kf_vx=0.00 pending=2726 confirmed=True holding=False
[INFO] [1788861285.338896167] [tracking_pick_node]: class=pet_labeled conf=0.97 anchor=(275.0,624.0) kf_x=267.2 kf_vx=0.00 pending=2727 confirmed=True holding=False
[INFO] [1788861285.472173373] [tracking_pick_node]: class=pet_labeled conf=0.97 anchor=(275.0,624.0) kf_x=267.2 kf_vx=0.00 pending=2728 confirmed=True holding=False
[INFO] [1788861285.607363749] [tracking_pick_node]: class=pet_labeled conf=0.97 anchor=(275.0,624.1) kf_x=267.3 kf_vx=0.00 pending=2729 confirmed=True holding=False
[INFO] [1788861285.739065210] [tracking_pick_node]: class=pet_labeled conf=0.97 anchor=(274.9,624.1) kf_x=267.2 kf_vx=0.00 pending=2730 confirmed=True holding=False
[INFO] [1788861285.870435037] [tracking_pick_node]: class=pet_labeled conf=0.97 anchor=(275.0,624.0) kf_x=267.3 kf_vx=0.00 pending=2731 confirmed=True holding=False
[INFO] [1788861286.006346934] [tracking_pick_node]: class=pet_labeled conf=0.97 anchor=(274.9,624.1) kf_x=267.3 kf_vx=0.00 pending=2732 confirmed=True holding=False
[INFO] [1788861286.140028047] [tracking_pick_node]: class=pet_labeled conf=0.97 anchor=(274.9,624.2) kf_x=267.3 kf_vx=0.00 pending=2733 confirmed=True holding=False
[INFO] [1788861286.270706080] [tracking_pick_node]: class=pet_labeled conf=0.97 anchor=(274.9,624.0) kf_x=267.2 kf_vx=0.00 pending=2734 confirmed=True holding=False
[INFO] [1788861286.406982383] [tracking_pick_node]: class=pet_labeled conf=0.97 anchor=(274.9,624.2) kf_x=267.2 kf_vx=0.00 pending=2735 confirmed=True holding=False
[INFO] [1788861286.539447734] [tracking_pick_node]: class=pet_labeled conf=0.97 anchor=(274.9,624.0) kf_x=267.2 kf_vx=-0.00 pending=2736 confirmed=True holding=False
[INFO] [1788861286.670465423] [tracking_pick_node]: class=pet_labeled conf=0.97 anchor=(275.0,624.0) kf_x=267.2 kf_vx=0.00 pending=2737 confirmed=True holding=False
[INFO] [1788861286.805977781] [tracking_pick_node]: class=pet_labeled conf=0.97 anchor=(274.9,624.2) kf_x=267.2 kf_vx=-0.00 pending=2738 confirmed=True holding=False
[INFO] [1788861286.938499187] [tracking_pick_node]: class=pet_labeled conf=0.97 anchor=(275.0,624.1) kf_x=267.2 kf_vx=0.00 pending=2739 confirmed=True holding=False
[INFO] [1788861287.072177544] [tracking_pick_node]: class=pet_labeled conf=0.97 anchor=(274.9,624.0) kf_x=267.2 kf_vx=0.00 pending=2740 confirmed=True holding=False
[INFO] [1788861287.208017826] [tracking_pick_node]: class=pet_labeled conf=0.97 anchor=(275.0,624.2) kf_x=267.2 kf_vx=0.00 pending=2741 confirmed=True holding=False
[INFO] [1788861287.338767201] [tracking_pick_node]: class=pet_labeled conf=0.97 anchor=(274.9,624.0) kf_x=267.2 kf_vx=0.00 pending=2742 confirmed=True holding=False
[INFO] [1788861287.471016313] [tracking_pick_node]: class=pet_labeled conf=0.97 anchor=(274.9,624.1) kf_x=267.2 kf_vx=-0.00 pending=2743 confirmed=True holding=False
[INFO] [1788861287.607756097] [tracking_pick_node]: class=pet_labeled conf=0.97 anchor=(275.0,624.1) kf_x=267.2 kf_vx=0.00 pending=2744 confirmed=True holding=False
[INFO] [1788861287.739207623] [tracking_pick_node]: class=pet_labeled conf=0.97 anchor=(275.0,624.1) kf_x=267.2 kf_vx=0.00 pending=2745 confirmed=True holding=False
[INFO] [1788861287.870820801] [tracking_pick_node]: class=pet_labeled conf=0.97 anchor=(274.9,624.1) kf_x=267.2 kf_vx=0.00 pending=2746 confirmed=True holding=False
[INFO] [1788861288.006962430] [tracking_pick_node]: class=pet_labeled conf=0.97 anchor=(275.1,624.0) kf_x=267.3 kf_vx=0.00 pending=2747 confirmed=True holding=False
[INFO] [1788861288.140861000] [tracking_pick_node]: class=pet_labeled conf=0.97 anchor=(274.9,624.1) kf_x=267.3 kf_vx=0.00 pending=2748 confirmed=True holding=False
[INFO] [1788861288.273135978] [tracking_pick_node]: class=pet_labeled conf=0.97 anchor=(275.0,624.1) kf_x=267.3 kf_vx=0.00 pending=2749 confirmed=True holding=False
[INFO] [1788861288.409463033] [tracking_pick_node]: class=pet_labeled conf=0.97 anchor=(274.9,624.0) kf_x=267.2 kf_vx=0.00 pending=2750 confirmed=True holding=False
[INFO] [1788861288.539159235] [tracking_pick_node]: class=pet_labeled conf=0.97 anchor=(274.9,624.1) kf_x=267.2 kf_vx=-0.00 pending=2751 confirmed=True holding=False
[INFO] [1788861288.671861654] [tracking_pick_node]: class=pet_labeled conf=0.97 anchor=(274.9,624.1) kf_x=267.2 kf_vx=-0.00 pending=2752 confirmed=True holding=False
[INFO] [1788861288.809987227] [tracking_pick_node]: class=pet_labeled conf=0.97 anchor=(275.0,624.1) kf_x=267.2 kf_vx=-0.00 pending=2753 confirmed=True holding=False
[INFO] [1788861288.939781777] [tracking_pick_node]: class=pet_labeled conf=0.97 anchor=(274.9,624.0) kf_x=267.2 kf_vx=-0.00 pending=2754 confirmed=True holding=False
[INFO] [1788861289.070413879] [tracking_pick_node]: class=pet_labeled conf=0.97 anchor=(275.0,624.0) kf_x=267.2 kf_vx=-0.00 pending=2755 confirmed=True holding=False
[INFO] [1788861289.206268069] [tracking_pick_node]: class=pet_labeled conf=0.97 anchor=(274.9,624.1) kf_x=267.2 kf_vx=-0.00 pending=2756 confirmed=True holding=False
[INFO] [1788861289.338607286] [tracking_pick_node]: class=pet_labeled conf=0.97 anchor=(274.9,624.1) kf_x=267.2 kf_vx=-0.00 pending=2757 confirmed=True holding=False
[INFO] [1788861289.471855108] [tracking_pick_node]: class=pet_labeled conf=0.97 anchor=(275.0,624.0) kf_x=267.2 kf_vx=-0.00 pending=2758 confirmed=True holding=False
[INFO] [1788861289.606589672] [tracking_pick_node]: class=pet_labeled conf=0.97 anchor=(275.0,624.0) kf_x=267.2 kf_vx=-0.00 pending=2759 confirmed=True holding=False
[INFO] [1788861289.739353116] [tracking_pick_node]: class=pet_labeled conf=0.97 anchor=(275.0,624.2) kf_x=267.2 kf_vx=0.00 pending=2760 confirmed=True holding=False
[INFO] [1788861289.870651702] [tracking_pick_node]: class=pet_labeled conf=0.97 anchor=(274.9,624.1) kf_x=267.2 kf_vx=-0.00 pending=2761 confirmed=True holding=False
[INFO] [1788861290.006799558] [tracking_pick_node]: class=pet_labeled conf=0.97 anchor=(275.0,624.1) kf_x=267.2 kf_vx=0.00 pending=2762 confirmed=True holding=False
[INFO] [1788861290.138628922] [tracking_pick_node]: class=pet_labeled conf=0.97 anchor=(275.0,624.2) kf_x=267.2 kf_vx=0.00 pending=2763 confirmed=True holding=False
[INFO] [1788861290.272310929] [tracking_pick_node]: class=pet_labeled conf=0.97 anchor=(275.0,624.1) kf_x=267.3 kf_vx=0.00 pending=2764 confirmed=True holding=False
[INFO] [1788861290.408651624] [tracking_pick_node]: class=pet_labeled conf=0.97 anchor=(274.9,624.0) kf_x=267.2 kf_vx=0.00 pending=2765 confirmed=True holding=False
[INFO] [1788861290.540019532] [tracking_pick_node]: class=pet_labeled conf=0.97 anchor=(274.9,624.1) kf_x=267.2 kf_vx=0.00 pending=2766 confirmed=True holding=False
[INFO] [1788861290.673271201] [tracking_pick_node]: class=pet_labeled conf=0.97 anchor=(274.9,624.2) kf_x=267.2 kf_vx=-0.00 pending=2767 confirmed=True holding=False
[INFO] [1788861290.807544281] [tracking_pick_node]: class=pet_labeled conf=0.97 anchor=(275.0,624.0) kf_x=267.2 kf_vx=0.00 pending=2768 confirmed=True holding=False
[INFO] [1788861290.938331372] [tracking_pick_node]: class=pet_labeled conf=0.97 anchor=(274.9,624.1) kf_x=267.2 kf_vx=-0.00 pending=2769 confirmed=True holding=False
[INFO] [1788861291.072664317] [tracking_pick_node]: class=pet_labeled conf=0.97 anchor=(275.0,624.1) kf_x=267.2 kf_vx=-0.00 pending=2770 confirmed=True holding=False
[INFO] [1788861291.207716291] [tracking_pick_node]: class=pet_labeled conf=0.97 anchor=(275.0,624.1) kf_x=267.2 kf_vx=0.00 pending=2771 confirmed=True holding=False
[INFO] [1788861291.338662984] [tracking_pick_node]: class=pet_labeled conf=0.97 anchor=(274.9,624.0) kf_x=267.2 kf_vx=-0.00 pending=2772 confirmed=True holding=False
[INFO] [1788861291.474578065] [tracking_pick_node]: class=pet_labeled conf=0.97 anchor=(275.0,624.1) kf_x=267.2 kf_vx=-0.00 pending=2773 confirmed=True holding=False
[INFO] [1788861291.613123300] [tracking_pick_node]: class=pet_labeled conf=0.97 anchor=(274.9,624.2) kf_x=267.2 kf_vx=-0.00 pending=2774 confirmed=True holding=False
[INFO] [1788861291.738765327] [tracking_pick_node]: class=pet_labeled conf=0.97 anchor=(275.0,624.1) kf_x=267.2 kf_vx=-0.00 pending=2775 confirmed=True holding=False
[INFO] [1788861291.871553107] [tracking_pick_node]: class=pet_labeled conf=0.97 anchor=(275.0,624.1) kf_x=267.2 kf_vx=-0.00 pending=2776 confirmed=True holding=False
[INFO] [1788861292.005077044] [tracking_pick_node]: class=pet_labeled conf=0.97 anchor=(275.0,624.0) kf_x=267.2 kf_vx=-0.00 pending=2777 confirmed=True holding=False
[INFO] [1788861292.141050751] [tracking_pick_node]: class=pet_labeled conf=0.97 anchor=(274.9,624.2) kf_x=267.2 kf_vx=-0.00 pending=2778 confirmed=True holding=False
[INFO] [1788861292.270796084] [tracking_pick_node]: class=pet_labeled conf=0.97 anchor=(274.8,624.1) kf_x=267.2 kf_vx=-0.00 pending=2779 confirmed=True holding=False
[INFO] [1788861292.403037766] [tracking_pick_node]: class=pet_labeled conf=0.97 anchor=(275.0,624.1) kf_x=267.2 kf_vx=-0.00 pending=2780 confirmed=True holding=False
[INFO] [1788861292.538813922] [tracking_pick_node]: class=pet_labeled conf=0.97 anchor=(275.0,624.1) kf_x=267.2 kf_vx=0.00 pending=2781 confirmed=True holding=False
[INFO] [1788861292.670683801] [tracking_pick_node]: class=pet_labeled conf=0.97 anchor=(274.9,624.1) kf_x=267.2 kf_vx=-0.00 pending=2782 confirmed=True holding=False
[INFO] [1788861292.803888548] [tracking_pick_node]: class=pet_labeled conf=0.97 anchor=(275.0,624.2) kf_x=267.2 kf_vx=0.00 pending=2783 confirmed=True holding=False
[INFO] [1788861292.940810414] [tracking_pick_node]: class=pet_labeled conf=0.97 anchor=(275.0,624.1) kf_x=267.2 kf_vx=0.00 pending=2784 confirmed=True holding=False
[INFO] [1788861293.071791152] [tracking_pick_node]: class=pet_labeled conf=0.97 anchor=(275.0,624.1) kf_x=267.2 kf_vx=0.00 pending=2785 confirmed=True holding=False
[INFO] [1788861293.205230070] [tracking_pick_node]: class=pet_labeled conf=0.97 anchor=(274.9,624.2) kf_x=267.2 kf_vx=0.00 pending=2786 confirmed=True holding=False
[INFO] [1788861293.340346607] [tracking_pick_node]: class=pet_labeled conf=0.97 anchor=(275.0,624.1) kf_x=267.2 kf_vx=0.00 pending=2787 confirmed=True holding=False
[INFO] [1788861293.471681045] [tracking_pick_node]: class=pet_labeled conf=0.97 anchor=(274.9,624.1) kf_x=267.2 kf_vx=-0.00 pending=2788 confirmed=True holding=False
[INFO] [1788861293.603284225] [tracking_pick_node]: class=pet_labeled conf=0.97 anchor=(275.0,624.0) kf_x=267.2 kf_vx=-0.00 pending=2789 confirmed=True holding=False
[INFO] [1788861293.739437692] [tracking_pick_node]: class=pet_labeled conf=0.97 anchor=(274.9,624.1) kf_x=267.2 kf_vx=-0.00 pending=2790 confirmed=True holding=False
[INFO] [1788861293.872885580] [tracking_pick_node]: class=pet_labeled conf=0.97 anchor=(275.0,624.1) kf_x=267.2 kf_vx=-0.00 pending=2791 confirmed=True holding=False
[INFO] [1788861294.003201587] [tracking_pick_node]: class=pet_labeled conf=0.97 anchor=(275.0,624.1) kf_x=267.2 kf_vx=-0.00 pending=2792 confirmed=True holding=False
[INFO] [1788861294.139943588] [tracking_pick_node]: class=pet_labeled conf=0.97 anchor=(275.0,624.0) kf_x=267.2 kf_vx=-0.00 pending=2793 confirmed=True holding=False
[INFO] [1788861294.270124773] [tracking_pick_node]: class=pet_labeled conf=0.97 anchor=(274.9,624.1) kf_x=267.2 kf_vx=-0.00 pending=2794 confirmed=True holding=False
[INFO] [1788861294.402656368] [tracking_pick_node]: class=pet_labeled conf=0.97 anchor=(275.0,624.1) kf_x=267.2 kf_vx=-0.00 pending=2795 confirmed=True holding=False
[INFO] [1788861294.540340865] [tracking_pick_node]: class=pet_labeled conf=0.97 anchor=(275.0,624.1) kf_x=267.2 kf_vx=-0.00 pending=2796 confirmed=True holding=False
[INFO] [1788861294.672779447] [tracking_pick_node]: class=pet_labeled conf=0.97 anchor=(275.0,624.1) kf_x=267.2 kf_vx=0.00 pending=2797 confirmed=True holding=False
[INFO] [1788861294.804805622] [tracking_pick_node]: class=pet_labeled conf=0.97 anchor=(274.9,624.0) kf_x=267.2 kf_vx=-0.00 pending=2798 confirmed=True holding=False
[INFO] [1788861294.939667165] [tracking_pick_node]: class=pet_labeled conf=0.97 anchor=(275.0,624.1) kf_x=267.2 kf_vx=0.00 pending=2799 confirmed=True holding=False
[INFO] [1788861295.071404022] [tracking_pick_node]: class=pet_labeled conf=0.97 anchor=(275.0,624.0) kf_x=267.2 kf_vx=0.00 pending=2800 confirmed=True holding=False
[INFO] [1788861295.202774531] [tracking_pick_node]: class=pet_labeled conf=0.97 anchor=(275.0,624.0) kf_x=267.2 kf_vx=0.00 pending=2801 confirmed=True holding=False
[INFO] [1788861295.338980578] [tracking_pick_node]: class=pet_labeled conf=0.97 anchor=(274.9,624.1) kf_x=267.2 kf_vx=0.00 pending=2802 confirmed=True holding=False
[INFO] [1788861295.471501260] [tracking_pick_node]: class=pet_labeled conf=0.97 anchor=(274.9,624.0) kf_x=267.2 kf_vx=0.00 pending=2803 confirmed=True holding=False
[INFO] [1788861295.605080452] [tracking_pick_node]: class=pet_labeled conf=0.97 anchor=(275.0,624.1) kf_x=267.2 kf_vx=0.00 pending=2804 confirmed=True holding=False
[INFO] [1788861295.740038754] [tracking_pick_node]: class=pet_labeled conf=0.97 anchor=(275.0,624.1) kf_x=267.2 kf_vx=0.00 pending=2805 confirmed=True holding=False
[INFO] [1788861295.871882074] [tracking_pick_node]: class=pet_labeled conf=0.97 anchor=(275.0,624.1) kf_x=267.3 kf_vx=0.00 pending=2806 confirmed=True holding=False
[INFO] [1788861296.002732403] [tracking_pick_node]: class=pet_labeled conf=0.97 anchor=(274.9,624.1) kf_x=267.3 kf_vx=0.00 pending=2807 confirmed=True holding=False
[INFO] [1788861296.139571297] [tracking_pick_node]: class=pet_labeled conf=0.97 anchor=(274.8,624.0) kf_x=267.2 kf_vx=-0.00 pending=2808 confirmed=True holding=False
[INFO] [1788861296.270347765] [tracking_pick_node]: class=pet_labeled conf=0.97 anchor=(274.9,624.1) kf_x=267.2 kf_vx=-0.00 pending=2809 confirmed=True holding=False
[INFO] [1788861296.404215666] [tracking_pick_node]: class=pet_labeled conf=0.97 anchor=(275.0,624.1) kf_x=267.2 kf_vx=-0.00 pending=2810 confirmed=True holding=False
[INFO] [1788861296.540911392] [tracking_pick_node]: class=pet_labeled conf=0.97 anchor=(274.9,624.2) kf_x=267.2 kf_vx=-0.00 pending=2811 confirmed=True holding=False
[INFO] [1788861296.670638341] [tracking_pick_node]: class=pet_labeled conf=0.97 anchor=(274.9,624.1) kf_x=267.2 kf_vx=-0.00 pending=2812 confirmed=True holding=False
[INFO] [1788861296.802584467] [tracking_pick_node]: class=pet_labeled conf=0.97 anchor=(274.9,624.1) kf_x=267.2 kf_vx=-0.00 pending=2813 confirmed=True holding=False
[INFO] [1788861296.939380941] [tracking_pick_node]: class=pet_labeled conf=0.97 anchor=(274.9,624.1) kf_x=267.2 kf_vx=-0.00 pending=2814 confirmed=True holding=False
[INFO] [1788861297.071256871] [tracking_pick_node]: class=pet_labeled conf=0.97 anchor=(274.9,624.2) kf_x=267.2 kf_vx=-0.00 pending=2815 confirmed=True holding=False
[INFO] [1788861297.207393314] [tracking_pick_node]: class=pet_labeled conf=0.97 anchor=(274.9,624.1) kf_x=267.2 kf_vx=-0.00 pending=2816 confirmed=True holding=False
[INFO] [1788861297.340546573] [tracking_pick_node]: class=pet_labeled conf=0.97 anchor=(275.0,624.0) kf_x=267.2 kf_vx=-0.00 pending=2817 confirmed=True holding=False
[INFO] [1788861297.470796071] [tracking_pick_node]: class=pet_labeled conf=0.97 anchor=(274.9,624.0) kf_x=267.2 kf_vx=-0.00 pending=2818 confirmed=True holding=False
[INFO] [1788861297.603694950] [tracking_pick_node]: class=pet_labeled conf=0.97 anchor=(275.0,624.0) kf_x=267.2 kf_vx=-0.00 pending=2819 confirmed=True holding=False
[INFO] [1788861297.740425598] [tracking_pick_node]: class=pet_labeled conf=0.97 anchor=(275.0,624.1) kf_x=267.2 kf_vx=-0.00 pending=2820 confirmed=True holding=False
[INFO] [1788861297.871410997] [tracking_pick_node]: class=pet_labeled conf=0.97 anchor=(274.9,624.1) kf_x=267.2 kf_vx=-0.00 pending=2821 confirmed=True holding=False
[INFO] [1788861298.002525819] [tracking_pick_node]: class=pet_labeled conf=0.97 anchor=(274.9,624.1) kf_x=267.2 kf_vx=-0.00 pending=2822 confirmed=True holding=False
[INFO] [1788861298.139635925] [tracking_pick_node]: class=pet_labeled conf=0.97 anchor=(275.0,624.1) kf_x=267.2 kf_vx=-0.00 pending=2823 confirmed=True holding=False
[INFO] [1788861298.271736135] [tracking_pick_node]: class=pet_labeled conf=0.97 anchor=(274.9,624.1) kf_x=267.2 kf_vx=-0.00 pending=2824 confirmed=True holding=False
[INFO] [1788861298.403357603] [tracking_pick_node]: class=pet_labeled conf=0.97 anchor=(275.0,624.1) kf_x=267.2 kf_vx=-0.00 pending=2825 confirmed=True holding=False
[INFO] [1788861298.540571679] [tracking_pick_node]: class=pet_labeled conf=0.97 anchor=(275.0,624.1) kf_x=267.2 kf_vx=-0.00 pending=2826 confirmed=True holding=False
[INFO] [1788861298.671353360] [tracking_pick_node]: class=pet_labeled conf=0.97 anchor=(274.8,624.1) kf_x=267.2 kf_vx=-0.00 pending=2827 confirmed=True holding=False
[INFO] [1788861298.803159202] [tracking_pick_node]: class=pet_labeled conf=0.97 anchor=(274.9,624.1) kf_x=267.2 kf_vx=-0.00 pending=2828 confirmed=True holding=False
[INFO] [1788861298.938772430] [tracking_pick_node]: class=pet_labeled conf=0.97 anchor=(274.9,624.1) kf_x=267.2 kf_vx=-0.00 pending=2829 confirmed=True holding=False
[INFO] [1788861299.071932924] [tracking_pick_node]: class=pet_labeled conf=0.97 anchor=(274.9,624.1) kf_x=267.2 kf_vx=-0.00 pending=2830 confirmed=True holding=False
[INFO] [1788861299.203114724] [tracking_pick_node]: class=pet_labeled conf=0.97 anchor=(275.0,624.1) kf_x=267.2 kf_vx=-0.00 pending=2831 confirmed=True holding=False
[INFO] [1788861299.340873796] [tracking_pick_node]: class=pet_labeled conf=0.97 anchor=(275.0,624.1) kf_x=267.2 kf_vx=-0.00 pending=2832 confirmed=True holding=False
[INFO] [1788861299.472725808] [tracking_pick_node]: class=pet_labeled conf=0.97 anchor=(275.0,624.0) kf_x=267.2 kf_vx=-0.00 pending=2833 confirmed=True holding=False
[INFO] [1788861299.604653306] [tracking_pick_node]: class=pet_labeled conf=0.97 anchor=(274.9,624.0) kf_x=267.2 kf_vx=-0.00 pending=2834 confirmed=True holding=False
[INFO] [1788861299.738525048] [tracking_pick_node]: class=pet_labeled conf=0.97 anchor=(274.9,624.1) kf_x=267.2 kf_vx=-0.00 pending=2835 confirmed=True holding=False
[INFO] [1788861299.870751517] [tracking_pick_node]: class=pet_labeled conf=0.97 anchor=(275.0,624.1) kf_x=267.2 kf_vx=-0.00 pending=2836 confirmed=True holding=False
[INFO] [1788861300.004335432] [tracking_pick_node]: class=pet_labeled conf=0.97 anchor=(274.9,624.2) kf_x=267.2 kf_vx=-0.00 pending=2837 confirmed=True holding=False
[INFO] [1788861300.139506292] [tracking_pick_node]: class=pet_labeled conf=0.97 anchor=(274.9,624.2) kf_x=267.2 kf_vx=-0.00 pending=2838 confirmed=True holding=False
[INFO] [1788861300.271776968] [tracking_pick_node]: class=pet_labeled conf=0.97 anchor=(275.0,624.1) kf_x=267.2 kf_vx=0.00 pending=2839 confirmed=True holding=False
[INFO] [1788861300.402816032] [tracking_pick_node]: class=pet_labeled conf=0.97 anchor=(274.9,624.0) kf_x=267.2 kf_vx=0.00 pending=2840 confirmed=True holding=False
[INFO] [1788861300.540494050] [tracking_pick_node]: class=pet_labeled conf=0.97 anchor=(275.0,624.1) kf_x=267.2 kf_vx=0.00 pending=2841 confirmed=True holding=False
[INFO] [1788861300.671919970] [tracking_pick_node]: class=pet_labeled conf=0.97 anchor=(274.9,624.0) kf_x=267.2 kf_vx=0.00 pending=2842 confirmed=True holding=False
[INFO] [1788861300.804312482] [tracking_pick_node]: class=pet_labeled conf=0.97 anchor=(275.0,624.0) kf_x=267.2 kf_vx=0.00 pending=2843 confirmed=True holding=False
[INFO] [1788861300.941258366] [tracking_pick_node]: class=pet_labeled conf=0.97 anchor=(275.0,624.1) kf_x=267.2 kf_vx=0.00 pending=2844 confirmed=True holding=False
[INFO] [1788861301.071015229] [tracking_pick_node]: class=pet_labeled conf=0.97 anchor=(275.0,624.1) kf_x=267.2 kf_vx=0.00 pending=2845 confirmed=True holding=False
[INFO] [1788861301.204132079] [tracking_pick_node]: class=pet_labeled conf=0.97 anchor=(274.9,624.0) kf_x=267.2 kf_vx=0.00 pending=2846 confirmed=True holding=False
[INFO] [1788861301.340101381] [tracking_pick_node]: class=pet_labeled conf=0.97 anchor=(274.9,624.1) kf_x=267.2 kf_vx=0.00 pending=2847 confirmed=True holding=False
[INFO] [1788861301.471477574] [tracking_pick_node]: class=pet_labeled conf=0.97 anchor=(274.9,624.0) kf_x=267.2 kf_vx=0.00 pending=2848 confirmed=True holding=False
[INFO] [1788861301.602559119] [tracking_pick_node]: class=pet_labeled conf=0.97 anchor=(275.0,624.1) kf_x=267.2 kf_vx=0.00 pending=2849 confirmed=True holding=False
[INFO] [1788861301.738310295] [tracking_pick_node]: class=pet_labeled conf=0.97 anchor=(274.9,624.0) kf_x=267.2 kf_vx=0.00 pending=2850 confirmed=True holding=False
[INFO] [1788861301.870716750] [tracking_pick_node]: class=pet_labeled conf=0.97 anchor=(274.9,624.2) kf_x=267.2 kf_vx=0.00 pending=2851 confirmed=True holding=False
[INFO] [1788861302.002341690] [tracking_pick_node]: class=pet_labeled conf=0.97 anchor=(274.9,624.1) kf_x=267.2 kf_vx=-0.00 pending=2852 confirmed=True holding=False
[INFO] [1788861302.139636983] [tracking_pick_node]: class=pet_labeled conf=0.97 anchor=(275.1,624.1) kf_x=267.2 kf_vx=0.00 pending=2853 confirmed=True holding=False
[INFO] [1788861302.270587125] [tracking_pick_node]: class=pet_labeled conf=0.97 anchor=(274.9,624.2) kf_x=267.2 kf_vx=0.00 pending=2854 confirmed=True holding=False
[INFO] [1788861302.406399990] [tracking_pick_node]: class=pet_labeled conf=0.97 anchor=(275.0,624.1) kf_x=267.2 kf_vx=0.00 pending=2855 confirmed=True holding=False
[INFO] [1788861302.542049522] [tracking_pick_node]: class=pet_labeled conf=0.97 anchor=(274.9,624.0) kf_x=267.2 kf_vx=0.00 pending=2856 confirmed=True holding=False
[INFO] [1788861302.671599205] [tracking_pick_node]: class=pet_labeled conf=0.97 anchor=(275.0,624.1) kf_x=267.2 kf_vx=0.00 pending=2857 confirmed=True holding=False
[INFO] [1788861302.804319762] [tracking_pick_node]: class=pet_labeled conf=0.97 anchor=(275.0,624.1) kf_x=267.3 kf_vx=0.00 pending=2858 confirmed=True holding=False
[INFO] [1788861302.939937513] [tracking_pick_node]: class=pet_labeled conf=0.97 anchor=(275.0,624.0) kf_x=267.3 kf_vx=0.00 pending=2859 confirmed=True holding=False
[INFO] [1788861303.070947514] [tracking_pick_node]: class=pet_labeled conf=0.97 anchor=(275.0,624.1) kf_x=267.3 kf_vx=0.00 pending=2860 confirmed=True holding=False
[INFO] [1788861303.204192518] [tracking_pick_node]: class=pet_labeled conf=0.97 anchor=(275.0,624.1) kf_x=267.3 kf_vx=0.00 pending=2861 confirmed=True holding=False
[INFO] [1788861303.339928683] [tracking_pick_node]: class=pet_labeled conf=0.97 anchor=(274.9,624.0) kf_x=267.3 kf_vx=0.00 pending=2862 confirmed=True holding=False
[INFO] [1788861303.470315562] [tracking_pick_node]: class=pet_labeled conf=0.97 anchor=(275.0,624.1) kf_x=267.3 kf_vx=0.00 pending=2863 confirmed=True holding=False
[INFO] [1788861303.604106456] [tracking_pick_node]: class=pet_labeled conf=0.97 anchor=(274.9,624.1) kf_x=267.2 kf_vx=0.00 pending=2864 confirmed=True holding=False
[INFO] [1788861303.740756605] [tracking_pick_node]: class=pet_labeled conf=0.97 anchor=(275.0,624.1) kf_x=267.3 kf_vx=0.00 pending=2865 confirmed=True holding=False
[INFO] [1788861303.870588765] [tracking_pick_node]: class=pet_labeled conf=0.97 anchor=(274.9,624.1) kf_x=267.2 kf_vx=0.00 pending=2866 confirmed=True holding=False
[INFO] [1788861304.002344764] [tracking_pick_node]: class=pet_labeled conf=0.97 anchor=(274.9,624.1) kf_x=267.2 kf_vx=0.00 pending=2867 confirmed=True holding=False
[INFO] [1788861304.139025066] [tracking_pick_node]: class=pet_labeled conf=0.97 anchor=(274.9,624.2) kf_x=267.2 kf_vx=0.00 pending=2868 confirmed=True holding=False
[INFO] [1788861304.271883161] [tracking_pick_node]: class=pet_labeled conf=0.97 anchor=(275.0,624.0) kf_x=267.2 kf_vx=0.00 pending=2869 confirmed=True holding=False
[INFO] [1788861304.409760362] [tracking_pick_node]: class=pet_labeled conf=0.97 anchor=(274.8,624.0) kf_x=267.2 kf_vx=-0.00 pending=2870 confirmed=True holding=False
[INFO] [1788861304.538916341] [tracking_pick_node]: class=pet_labeled conf=0.97 anchor=(275.0,624.1) kf_x=267.2 kf_vx=-0.00 pending=2871 confirmed=True holding=False
[INFO] [1788861304.676069093] [tracking_pick_node]: class=pet_labeled conf=0.97 anchor=(275.0,624.1) kf_x=267.2 kf_vx=-0.00 pending=2872 confirmed=True holding=False
[INFO] [1788861304.807849868] [tracking_pick_node]: class=pet_labeled conf=0.97 anchor=(275.0,624.1) kf_x=267.2 kf_vx=-0.00 pending=2873 confirmed=True holding=False
[INFO] [1788861304.938972242] [tracking_pick_node]: class=pet_labeled conf=0.97 anchor=(274.9,624.2) kf_x=267.2 kf_vx=-0.00 pending=2874 confirmed=True holding=False
[INFO] [1788861305.072480556] [tracking_pick_node]: class=pet_labeled conf=0.97 anchor=(274.9,624.1) kf_x=267.2 kf_vx=-0.00 pending=2875 confirmed=True holding=False
[INFO] [1788861305.202719633] [tracking_pick_node]: class=pet_labeled conf=0.97 anchor=(275.0,624.0) kf_x=267.2 kf_vx=-0.00 pending=2876 confirmed=True holding=False
[INFO] [1788861305.336128647] [tracking_pick_node]: class=pet_labeled conf=0.97 anchor=(275.0,624.1) kf_x=267.2 kf_vx=0.00 pending=2877 confirmed=True holding=False
[INFO] [1788861305.472286371] [tracking_pick_node]: class=pet_labeled conf=0.97 anchor=(274.9,624.0) kf_x=267.2 kf_vx=-0.00 pending=2878 confirmed=True holding=False
[INFO] [1788861305.604466034] [tracking_pick_node]: class=pet_labeled conf=0.97 anchor=(275.0,624.2) kf_x=267.2 kf_vx=-0.00 pending=2879 confirmed=True holding=False
[INFO] [1788861305.735631086] [tracking_pick_node]: class=pet_labeled conf=0.97 anchor=(274.9,624.1) kf_x=267.2 kf_vx=-0.00 pending=2880 confirmed=True holding=False
[INFO] [1788861305.872216651] [tracking_pick_node]: class=pet_labeled conf=0.97 anchor=(275.0,624.1) kf_x=267.2 kf_vx=0.00 pending=2881 confirmed=True holding=False
[INFO] [1788861306.006752909] [tracking_pick_node]: class=pet_labeled conf=0.97 anchor=(275.0,624.1) kf_x=267.2 kf_vx=0.00 pending=2882 confirmed=True holding=False
[INFO] [1788861306.136329898] [tracking_pick_node]: class=pet_labeled conf=0.97 anchor=(275.0,624.1) kf_x=267.2 kf_vx=0.00 pending=2883 confirmed=True holding=False
[INFO] [1788861306.270719657] [tracking_pick_node]: class=pet_labeled conf=0.97 anchor=(275.0,624.0) kf_x=267.2 kf_vx=0.00 pending=2884 confirmed=True holding=False
[INFO] [1788861306.404306019] [tracking_pick_node]: class=pet_labeled conf=0.97 anchor=(275.0,624.1) kf_x=267.3 kf_vx=0.00 pending=2885 confirmed=True holding=False
[INFO] [1788861306.537541773] [tracking_pick_node]: class=pet_labeled conf=0.97 anchor=(275.0,624.1) kf_x=267.3 kf_vx=0.00 pending=2886 confirmed=True holding=False
[INFO] [1788861306.672041302] [tracking_pick_node]: class=pet_labeled conf=0.97 anchor=(275.1,624.2) kf_x=267.3 kf_vx=0.01 pending=2887 confirmed=True holding=False
[INFO] [1788861306.804337135] [tracking_pick_node]: class=pet_labeled conf=0.97 anchor=(274.9,624.1) kf_x=267.3 kf_vx=0.00 pending=2888 confirmed=True holding=False
[INFO] [1788861306.936432852] [tracking_pick_node]: class=pet_labeled conf=0.97 anchor=(274.9,624.0) kf_x=267.3 kf_vx=0.00 pending=2889 confirmed=True holding=False
[INFO] [1788861307.071891405] [tracking_pick_node]: class=pet_labeled conf=0.97 anchor=(275.0,624.0) kf_x=267.3 kf_vx=0.00 pending=2890 confirmed=True holding=False
[INFO] [1788861307.203791941] [tracking_pick_node]: class=pet_labeled conf=0.97 anchor=(274.9,624.1) kf_x=267.3 kf_vx=0.00 pending=2891 confirmed=True holding=False
[INFO] [1788861307.336209556] [tracking_pick_node]: class=pet_labeled conf=0.97 anchor=(275.0,624.2) kf_x=267.3 kf_vx=0.00 pending=2892 confirmed=True holding=False
[INFO] [1788861307.472634945] [tracking_pick_node]: class=pet_labeled conf=0.97 anchor=(275.0,624.0) kf_x=267.3 kf_vx=0.00 pending=2893 confirmed=True holding=False
[INFO] [1788861307.603244437] [tracking_pick_node]: class=pet_labeled conf=0.97 anchor=(274.9,624.1) kf_x=267.3 kf_vx=0.00 pending=2894 confirmed=True holding=False
[INFO] [1788861307.737400028] [tracking_pick_node]: class=pet_labeled conf=0.97 anchor=(274.9,624.1) kf_x=267.3 kf_vx=0.00 pending=2895 confirmed=True holding=False
[INFO] [1788861307.873496800] [tracking_pick_node]: class=pet_labeled conf=0.97 anchor=(274.9,624.2) kf_x=267.3 kf_vx=0.00 pending=2896 confirmed=True holding=False
[INFO] [1788861308.014292253] [tracking_pick_node]: class=pet_labeled conf=0.97 anchor=(275.0,624.2) kf_x=267.3 kf_vx=0.00 pending=2897 confirmed=True holding=False
[INFO] [1788861308.137260243] [tracking_pick_node]: class=pet_labeled conf=0.97 anchor=(275.0,624.0) kf_x=267.3 kf_vx=0.00 pending=2898 confirmed=True holding=False
[INFO] [1788861308.272764017] [tracking_pick_node]: class=pet_labeled conf=0.97 anchor=(274.9,624.0) kf_x=267.2 kf_vx=-0.00 pending=2899 confirmed=True holding=False
[INFO] [1788861308.403381593] [tracking_pick_node]: class=pet_labeled conf=0.97 anchor=(275.0,624.1) kf_x=267.2 kf_vx=-0.00 pending=2900 confirmed=True holding=False
[INFO] [1788861308.535703648] [tracking_pick_node]: class=pet_labeled conf=0.97 anchor=(275.0,624.1) kf_x=267.2 kf_vx=0.00 pending=2901 confirmed=True holding=False
[INFO] [1788861308.672580402] [tracking_pick_node]: class=pet_labeled conf=0.97 anchor=(275.0,624.1) kf_x=267.3 kf_vx=0.00 pending=2902 confirmed=True holding=False
[INFO] [1788861308.802869397] [tracking_pick_node]: class=pet_labeled conf=0.97 anchor=(274.9,624.2) kf_x=267.2 kf_vx=0.00 pending=2903 confirmed=True holding=False
[INFO] [1788861308.936088869] [tracking_pick_node]: class=pet_labeled conf=0.96 anchor=(274.9,624.1) kf_x=267.2 kf_vx=-0.00 pending=2904 confirmed=True holding=False
[INFO] [1788861309.073686527] [tracking_pick_node]: class=pet_labeled conf=0.97 anchor=(274.9,624.1) kf_x=267.2 kf_vx=-0.00 pending=2905 confirmed=True holding=False
[INFO] [1788861309.203307230] [tracking_pick_node]: class=pet_labeled conf=0.97 anchor=(275.0,624.0) kf_x=267.2 kf_vx=-0.00 pending=2906 confirmed=True holding=False
[INFO] [1788861309.341929195] [tracking_pick_node]: class=pet_labeled conf=0.97 anchor=(275.0,624.0) kf_x=267.2 kf_vx=-0.00 pending=2907 confirmed=True holding=False
[INFO] [1788861309.471500070] [tracking_pick_node]: class=pet_labeled conf=0.97 anchor=(275.0,624.1) kf_x=267.3 kf_vx=0.00 pending=2908 confirmed=True holding=False
[INFO] [1788861309.602714040] [tracking_pick_node]: class=pet_labeled conf=0.97 anchor=(275.0,623.9) kf_x=267.3 kf_vx=0.00 pending=2909 confirmed=True holding=False
[INFO] [1788861309.745134525] [tracking_pick_node]: class=pet_labeled conf=0.97 anchor=(274.9,624.1) kf_x=267.2 kf_vx=0.00 pending=2910 confirmed=True holding=False
[INFO] [1788861309.873414585] [tracking_pick_node]: class=pet_labeled conf=0.97 anchor=(275.0,624.0) kf_x=267.3 kf_vx=0.00 pending=2911 confirmed=True holding=False
[INFO] [1788861310.003993835] [tracking_pick_node]: class=pet_labeled conf=0.97 anchor=(275.0,624.1) kf_x=267.3 kf_vx=0.00 pending=2912 confirmed=True holding=False
[INFO] [1788861310.136578561] [tracking_pick_node]: class=pet_labeled conf=0.97 anchor=(274.9,624.0) kf_x=267.2 kf_vx=-0.00 pending=2913 confirmed=True holding=False
[INFO] [1788861310.274953737] [tracking_pick_node]: class=pet_labeled conf=0.97 anchor=(274.9,624.1) kf_x=267.2 kf_vx=-0.00 pending=2914 confirmed=True holding=False
[INFO] [1788861310.404459625] [tracking_pick_node]: class=pet_labeled conf=0.97 anchor=(274.9,624.1) kf_x=267.2 kf_vx=-0.00 pending=2915 confirmed=True holding=False
[INFO] [1788861310.540136340] [tracking_pick_node]: class=pet_labeled conf=0.97 anchor=(274.9,624.1) kf_x=267.2 kf_vx=-0.00 pending=2916 confirmed=True holding=False
[INFO] [1788861310.671961514] [tracking_pick_node]: class=pet_labeled conf=0.97 anchor=(275.0,624.1) kf_x=267.2 kf_vx=-0.00 pending=2917 confirmed=True holding=False
[INFO] [1788861310.803018717] [tracking_pick_node]: class=pet_labeled conf=0.97 anchor=(275.0,624.1) kf_x=267.2 kf_vx=-0.00 pending=2918 confirmed=True holding=False
[INFO] [1788861310.935737486] [tracking_pick_node]: class=pet_labeled conf=0.97 anchor=(275.0,624.0) kf_x=267.2 kf_vx=-0.00 pending=2919 confirmed=True holding=False
[INFO] [1788861311.071470057] [tracking_pick_node]: class=pet_labeled conf=0.97 anchor=(275.0,624.0) kf_x=267.2 kf_vx=-0.00 pending=2920 confirmed=True holding=False
[INFO] [1788861311.203044634] [tracking_pick_node]: class=pet_labeled conf=0.97 anchor=(274.9,624.1) kf_x=267.2 kf_vx=-0.00 pending=2921 confirmed=True holding=False
[INFO] [1788861311.339849787] [tracking_pick_node]: class=pet_labeled conf=0.97 anchor=(274.9,624.0) kf_x=267.2 kf_vx=-0.00 pending=2922 confirmed=True holding=False
[INFO] [1788861311.484303664] [tracking_pick_node]: class=pet_labeled conf=0.97 anchor=(275.0,624.2) kf_x=267.2 kf_vx=-0.00 pending=2923 confirmed=True holding=False
[INFO] [1788861311.604347407] [tracking_pick_node]: class=pet_labeled conf=0.97 anchor=(275.1,624.1) kf_x=267.3 kf_vx=0.00 pending=2924 confirmed=True holding=False
[INFO] [1788861311.738822816] [tracking_pick_node]: class=pet_labeled conf=0.97 anchor=(275.0,624.2) kf_x=267.3 kf_vx=0.00 pending=2925 confirmed=True holding=False
[INFO] [1788861311.873741974] [tracking_pick_node]: class=pet_labeled conf=0.97 anchor=(275.0,624.1) kf_x=267.3 kf_vx=0.00 pending=2926 confirmed=True holding=False
[INFO] [1788861312.003199765] [tracking_pick_node]: class=pet_labeled conf=0.97 anchor=(274.9,624.1) kf_x=267.3 kf_vx=0.00 pending=2927 confirmed=True holding=False
[INFO] [1788861312.134992445] [tracking_pick_node]: class=pet_labeled conf=0.97 anchor=(275.0,624.1) kf_x=267.3 kf_vx=0.00 pending=2928 confirmed=True holding=False
[INFO] [1788861312.271881955] [tracking_pick_node]: class=pet_labeled conf=0.97 anchor=(274.9,624.1) kf_x=267.3 kf_vx=0.00 pending=2929 confirmed=True holding=False
[INFO] [1788861312.406063009] [tracking_pick_node]: class=pet_labeled conf=0.97 anchor=(275.0,624.0) kf_x=267.3 kf_vx=0.00 pending=2930 confirmed=True holding=False
[INFO] [1788861312.536040451] [tracking_pick_node]: class=pet_labeled conf=0.97 anchor=(274.9,624.2) kf_x=267.3 kf_vx=0.00 pending=2931 confirmed=True holding=False
[INFO] [1788861312.671796781] [tracking_pick_node]: class=pet_labeled conf=0.97 anchor=(275.0,624.0) kf_x=267.3 kf_vx=0.00 pending=2932 confirmed=True holding=False
[INFO] [1788861312.804967406] [tracking_pick_node]: class=pet_labeled conf=0.97 anchor=(275.0,624.0) kf_x=267.3 kf_vx=0.00 pending=2933 confirmed=True holding=False
[INFO] [1788861312.936336954] [tracking_pick_node]: class=pet_labeled conf=0.97 anchor=(274.9,624.1) kf_x=267.3 kf_vx=0.00 pending=2934 confirmed=True holding=False
[INFO] [1788861313.072884903] [tracking_pick_node]: class=pet_labeled conf=0.97 anchor=(275.0,624.1) kf_x=267.3 kf_vx=0.00 pending=2935 confirmed=True holding=False
[INFO] [1788861313.203485228] [tracking_pick_node]: class=pet_labeled conf=0.97 anchor=(275.0,624.1) kf_x=267.3 kf_vx=0.00 pending=2936 confirmed=True holding=False
[INFO] [1788861313.337272772] [tracking_pick_node]: class=pet_labeled conf=0.97 anchor=(274.9,624.0) kf_x=267.3 kf_vx=0.00 pending=2937 confirmed=True holding=False
[INFO] [1788861313.472864311] [tracking_pick_node]: class=pet_labeled conf=0.97 anchor=(275.0,624.0) kf_x=267.3 kf_vx=0.00 pending=2938 confirmed=True holding=False
[INFO] [1788861313.603886630] [tracking_pick_node]: class=pet_labeled conf=0.97 anchor=(275.1,624.1) kf_x=267.3 kf_vx=0.00 pending=2939 confirmed=True holding=False
[INFO] [1788861313.736402575] [tracking_pick_node]: class=pet_labeled conf=0.97 anchor=(275.0,624.0) kf_x=267.3 kf_vx=0.00 pending=2940 confirmed=True holding=False
[INFO] [1788861313.876308866] [tracking_pick_node]: class=pet_labeled conf=0.97 anchor=(274.9,624.0) kf_x=267.3 kf_vx=0.00 pending=2941 confirmed=True holding=False
[INFO] [1788861314.004242164] [tracking_pick_node]: class=pet_labeled conf=0.97 anchor=(275.0,624.1) kf_x=267.3 kf_vx=0.00 pending=2942 confirmed=True holding=False
[INFO] [1788861314.136063169] [tracking_pick_node]: class=pet_labeled conf=0.97 anchor=(275.1,624.0) kf_x=267.3 kf_vx=0.00 pending=2943 confirmed=True holding=False
[INFO] [1788861314.270968091] [tracking_pick_node]: class=pet_labeled conf=0.97 anchor=(275.0,624.1) kf_x=267.3 kf_vx=0.00 pending=2944 confirmed=True holding=False
[INFO] [1788861314.404132959] [tracking_pick_node]: class=pet_labeled conf=0.97 anchor=(275.0,624.2) kf_x=267.3 kf_vx=0.00 pending=2945 confirmed=True holding=False
[INFO] [1788861314.540372079] [tracking_pick_node]: class=pet_labeled conf=0.97 anchor=(275.0,624.1) kf_x=267.3 kf_vx=0.00 pending=2946 confirmed=True holding=False
[INFO] [1788861314.671457343] [tracking_pick_node]: class=pet_labeled conf=0.97 anchor=(274.8,624.0) kf_x=267.3 kf_vx=0.00 pending=2947 confirmed=True holding=False
[INFO] [1788861314.804454773] [tracking_pick_node]: class=pet_labeled conf=0.97 anchor=(275.0,624.1) kf_x=267.3 kf_vx=0.00 pending=2948 confirmed=True holding=False
[INFO] [1788861314.940533316] [tracking_pick_node]: class=pet_labeled conf=0.97 anchor=(274.9,624.0) kf_x=267.3 kf_vx=-0.00 pending=2949 confirmed=True holding=False
[INFO] [1788861315.070858602] [tracking_pick_node]: class=pet_labeled conf=0.97 anchor=(275.0,624.1) kf_x=267.3 kf_vx=-0.00 pending=2950 confirmed=True holding=False
[INFO] [1788861315.203978100] [tracking_pick_node]: class=pet_labeled conf=0.97 anchor=(274.9,624.2) kf_x=267.3 kf_vx=-0.00 pending=2951 confirmed=True holding=False
[INFO] [1788861315.335691360] [tracking_pick_node]: class=pet_labeled conf=0.97 anchor=(275.0,624.1) kf_x=267.3 kf_vx=0.00 pending=2952 confirmed=True holding=False
[INFO] [1788861315.472634552] [tracking_pick_node]: class=pet_labeled conf=0.97 anchor=(275.0,624.2) kf_x=267.3 kf_vx=0.00 pending=2953 confirmed=True holding=False
[INFO] [1788861315.604450767] [tracking_pick_node]: class=pet_labeled conf=0.97 anchor=(274.9,624.0) kf_x=267.2 kf_vx=-0.00 pending=2954 confirmed=True holding=False
[INFO] [1788861315.736612277] [tracking_pick_node]: class=pet_labeled conf=0.97 anchor=(275.0,624.1) kf_x=267.2 kf_vx=-0.00 pending=2955 confirmed=True holding=False
[INFO] [1788861315.873438742] [tracking_pick_node]: class=pet_labeled conf=0.97 anchor=(275.1,624.2) kf_x=267.3 kf_vx=0.00 pending=2956 confirmed=True holding=False
[INFO] [1788861316.003802719] [tracking_pick_node]: class=pet_labeled conf=0.97 anchor=(275.0,624.1) kf_x=267.3 kf_vx=0.00 pending=2957 confirmed=True holding=False
[INFO] [1788861316.136173263] [tracking_pick_node]: class=pet_labeled conf=0.97 anchor=(275.0,624.1) kf_x=267.3 kf_vx=0.00 pending=2958 confirmed=True holding=False
[INFO] [1788861316.273313085] [tracking_pick_node]: class=pet_labeled conf=0.97 anchor=(274.9,624.1) kf_x=267.3 kf_vx=0.00 pending=2959 confirmed=True holding=False
[INFO] [1788861316.404385169] [tracking_pick_node]: class=pet_labeled conf=0.97 anchor=(275.1,624.1) kf_x=267.3 kf_vx=0.00 pending=2960 confirmed=True holding=False
[INFO] [1788861316.536877593] [tracking_pick_node]: class=pet_labeled conf=0.97 anchor=(275.0,624.1) kf_x=267.3 kf_vx=0.00 pending=2961 confirmed=True holding=False
[INFO] [1788861316.672650573] [tracking_pick_node]: class=pet_labeled conf=0.97 anchor=(274.9,624.0) kf_x=267.3 kf_vx=0.00 pending=2962 confirmed=True holding=False
[INFO] [1788861316.803598191] [tracking_pick_node]: class=pet_labeled conf=0.97 anchor=(275.0,624.0) kf_x=267.3 kf_vx=0.00 pending=2963 confirmed=True holding=False
[INFO] [1788861316.936616477] [tracking_pick_node]: class=pet_labeled conf=0.97 anchor=(275.0,624.1) kf_x=267.3 kf_vx=0.00 pending=2964 confirmed=True holding=False
[INFO] [1788861317.071391512] [tracking_pick_node]: class=pet_labeled conf=0.97 anchor=(274.9,624.1) kf_x=267.3 kf_vx=0.00 pending=2965 confirmed=True holding=False
[INFO] [1788861317.203753295] [tracking_pick_node]: class=pet_labeled conf=0.97 anchor=(274.9,624.1) kf_x=267.3 kf_vx=0.00 pending=2966 confirmed=True holding=False
[INFO] [1788861317.335771511] [tracking_pick_node]: class=pet_labeled conf=0.97 anchor=(274.9,624.1) kf_x=267.3 kf_vx=-0.00 pending=2967 confirmed=True holding=False
[INFO] [1788861317.472611349] [tracking_pick_node]: class=pet_labeled conf=0.97 anchor=(275.0,624.0) kf_x=267.3 kf_vx=-0.00 pending=2968 confirmed=True holding=False
[INFO] [1788861317.604134451] [tracking_pick_node]: class=pet_labeled conf=0.97 anchor=(275.0,624.1) kf_x=267.3 kf_vx=0.00 pending=2969 confirmed=True holding=False
[INFO] [1788861317.736443901] [tracking_pick_node]: class=pet_labeled conf=0.97 anchor=(274.9,624.1) kf_x=267.3 kf_vx=-0.00 pending=2970 confirmed=True holding=False
[INFO] [1788861317.871819824] [tracking_pick_node]: class=pet_labeled conf=0.97 anchor=(274.9,624.1) kf_x=267.3 kf_vx=-0.00 pending=2971 confirmed=True holding=False
[INFO] [1788861318.004849485] [tracking_pick_node]: class=pet_labeled conf=0.97 anchor=(274.9,624.1) kf_x=267.3 kf_vx=-0.00 pending=2972 confirmed=True holding=False
[INFO] [1788861318.135102284] [tracking_pick_node]: class=pet_labeled conf=0.97 anchor=(275.0,624.0) kf_x=267.3 kf_vx=-0.00 pending=2973 confirmed=True holding=False
[INFO] [1788861318.272124949] [tracking_pick_node]: class=pet_labeled conf=0.97 anchor=(274.9,624.0) kf_x=267.3 kf_vx=-0.00 pending=2974 confirmed=True holding=False
[INFO] [1788861318.403109560] [tracking_pick_node]: class=pet_labeled conf=0.97 anchor=(274.9,624.1) kf_x=267.2 kf_vx=-0.00 pending=2975 confirmed=True holding=False
[INFO] [1788861318.536200079] [tracking_pick_node]: class=pet_labeled conf=0.97 anchor=(275.0,624.2) kf_x=267.2 kf_vx=-0.00 pending=2976 confirmed=True holding=False
[INFO] [1788861318.675436641] [tracking_pick_node]: class=pet_labeled conf=0.97 anchor=(274.9,624.0) kf_x=267.2 kf_vx=-0.00 pending=2977 confirmed=True holding=False
[INFO] [1788861318.806092807] [tracking_pick_node]: class=pet_labeled conf=0.97 anchor=(274.9,624.1) kf_x=267.2 kf_vx=-0.00 pending=2978 confirmed=True holding=False
[INFO] [1788861318.938092012] [tracking_pick_node]: class=pet_labeled conf=0.97 anchor=(274.9,624.1) kf_x=267.2 kf_vx=-0.00 pending=2979 confirmed=True holding=False
[INFO] [1788861319.067750163] [tracking_pick_node]: class=pet_labeled conf=0.97 anchor=(274.9,624.1) kf_x=267.2 kf_vx=-0.00 pending=2980 confirmed=True holding=False
[INFO] [1788861319.203570835] [tracking_pick_node]: class=pet_labeled conf=0.97 anchor=(274.8,624.1) kf_x=267.2 kf_vx=-0.01 pending=2981 confirmed=True holding=False
[INFO] [1788861319.335553195] [tracking_pick_node]: class=pet_labeled conf=0.97 anchor=(274.9,624.1) kf_x=267.2 kf_vx=-0.01 pending=2982 confirmed=True holding=False
[INFO] [1788861319.467233415] [tracking_pick_node]: class=pet_labeled conf=0.97 anchor=(274.9,624.0) kf_x=267.2 kf_vx=-0.01 pending=2983 confirmed=True holding=False
[INFO] [1788861319.603666978] [tracking_pick_node]: class=pet_labeled conf=0.97 anchor=(274.9,624.1) kf_x=267.2 kf_vx=-0.01 pending=2984 confirmed=True holding=False
[INFO] [1788861319.736653473] [tracking_pick_node]: class=pet_labeled conf=0.97 anchor=(275.0,624.1) kf_x=267.2 kf_vx=-0.00 pending=2985 confirmed=True holding=False
[INFO] [1788861319.867495372] [tracking_pick_node]: class=pet_labeled conf=0.97 anchor=(275.0,624.0) kf_x=267.2 kf_vx=-0.00 pending=2986 confirmed=True holding=False
[INFO] [1788861320.004350594] [tracking_pick_node]: class=pet_labeled conf=0.97 anchor=(275.0,624.0) kf_x=267.2 kf_vx=-0.00 pending=2987 confirmed=True holding=False
[INFO] [1788861320.136808676] [tracking_pick_node]: class=pet_labeled conf=0.97 anchor=(275.0,624.0) kf_x=267.2 kf_vx=-0.00 pending=2988 confirmed=True holding=False
[INFO] [1788861320.273458095] [tracking_pick_node]: class=pet_labeled conf=0.97 anchor=(274.9,624.2) kf_x=267.2 kf_vx=-0.00 pending=2989 confirmed=True holding=False
[INFO] [1788861320.409059719] [tracking_pick_node]: class=pet_labeled conf=0.97 anchor=(274.9,624.1) kf_x=267.2 kf_vx=-0.00 pending=2990 confirmed=True holding=False
[INFO] [1788861320.535630306] [tracking_pick_node]: class=pet_labeled conf=0.97 anchor=(275.0,624.0) kf_x=267.2 kf_vx=-0.00 pending=2991 confirmed=True holding=False
[INFO] [1788861320.668159845] [tracking_pick_node]: class=pet_labeled conf=0.97 anchor=(274.9,624.1) kf_x=267.2 kf_vx=-0.00 pending=2992 confirmed=True holding=False
[INFO] [1788861320.803413762] [tracking_pick_node]: class=pet_labeled conf=0.97 anchor=(275.0,624.0) kf_x=267.2 kf_vx=-0.00 pending=2993 confirmed=True holding=False
[INFO] [1788861320.936184880] [tracking_pick_node]: class=pet_labeled conf=0.97 anchor=(275.1,624.1) kf_x=267.2 kf_vx=-0.00 pending=2994 confirmed=True holding=False
[INFO] [1788861321.066859350] [tracking_pick_node]: class=pet_labeled conf=0.97 anchor=(274.9,624.0) kf_x=267.2 kf_vx=-0.00 pending=2995 confirmed=True holding=False
[INFO] [1788861321.204030358] [tracking_pick_node]: class=pet_labeled conf=0.97 anchor=(275.0,624.0) kf_x=267.2 kf_vx=-0.00 pending=2996 confirmed=True holding=False
[INFO] [1788861321.340274606] [tracking_pick_node]: class=pet_labeled conf=0.97 anchor=(275.0,624.1) kf_x=267.2 kf_vx=-0.00 pending=2997 confirmed=True holding=False
[INFO] [1788861321.467328772] [tracking_pick_node]: class=pet_labeled conf=0.97 anchor=(274.8,624.1) kf_x=267.2 kf_vx=-0.00 pending=2998 confirmed=True holding=False
[INFO] [1788861321.603914941] [tracking_pick_node]: class=pet_labeled conf=0.97 anchor=(275.0,624.1) kf_x=267.2 kf_vx=-0.00 pending=2999 confirmed=True holding=False
[INFO] [1788861321.736162109] [tracking_pick_node]: class=pet_labeled conf=0.97 anchor=(274.9,624.0) kf_x=267.2 kf_vx=-0.00 pending=3000 confirmed=True holding=False
[INFO] [1788861321.867070238] [tracking_pick_node]: class=pet_labeled conf=0.97 anchor=(274.9,624.0) kf_x=267.2 kf_vx=-0.00 pending=3001 confirmed=True holding=False
[INFO] [1788861322.002810215] [tracking_pick_node]: class=pet_labeled conf=0.97 anchor=(275.0,624.0) kf_x=267.2 kf_vx=-0.00 pending=3002 confirmed=True holding=False
[INFO] [1788861322.137836148] [tracking_pick_node]: class=pet_labeled conf=0.97 anchor=(274.9,624.1) kf_x=267.2 kf_vx=-0.00 pending=3003 confirmed=True holding=False
[INFO] [1788861322.268598688] [tracking_pick_node]: class=pet_labeled conf=0.97 anchor=(274.8,624.1) kf_x=267.2 kf_vx=-0.00 pending=3004 confirmed=True holding=False
[INFO] [1788861322.402839921] [tracking_pick_node]: class=pet_labeled conf=0.97 anchor=(275.0,624.0) kf_x=267.2 kf_vx=-0.00 pending=3005 confirmed=True holding=False
[INFO] [1788861322.536544246] [tracking_pick_node]: class=pet_labeled conf=0.97 anchor=(275.0,624.1) kf_x=267.2 kf_vx=-0.00 pending=3006 confirmed=True holding=False
[INFO] [1788861322.669569578] [tracking_pick_node]: class=pet_labeled conf=0.97 anchor=(275.0,624.1) kf_x=267.2 kf_vx=-0.00 pending=3007 confirmed=True holding=False
[INFO] [1788861322.803718354] [tracking_pick_node]: class=pet_labeled conf=0.97 anchor=(275.0,624.0) kf_x=267.2 kf_vx=-0.00 pending=3008 confirmed=True holding=False
[INFO] [1788861322.938416526] [tracking_pick_node]: class=pet_labeled conf=0.97 anchor=(275.0,624.2) kf_x=267.2 kf_vx=0.00 pending=3009 confirmed=True holding=False
[INFO] [1788861323.069171516] [tracking_pick_node]: class=pet_labeled conf=0.97 anchor=(275.1,624.1) kf_x=267.2 kf_vx=0.00 pending=3010 confirmed=True holding=False
[INFO] [1788861323.203131841] [tracking_pick_node]: class=pet_labeled conf=0.97 anchor=(275.0,624.0) kf_x=267.2 kf_vx=0.00 pending=3011 confirmed=True holding=False
[INFO] [1788861323.335544554] [tracking_pick_node]: class=pet_labeled conf=0.97 anchor=(274.9,624.1) kf_x=267.2 kf_vx=0.00 pending=3012 confirmed=True holding=False
[INFO] [1788861323.468105745] [tracking_pick_node]: class=pet_labeled conf=0.97 anchor=(275.0,624.1) kf_x=267.2 kf_vx=0.00 pending=3013 confirmed=True holding=False
[INFO] [1788861323.605063744] [tracking_pick_node]: class=pet_labeled conf=0.97 anchor=(275.0,624.0) kf_x=267.3 kf_vx=0.00 pending=3014 confirmed=True holding=False
[INFO] [1788861323.736432027] [tracking_pick_node]: class=pet_labeled conf=0.97 anchor=(275.0,624.1) kf_x=267.3 kf_vx=0.00 pending=3015 confirmed=True holding=False
[INFO] [1788861323.869978376] [tracking_pick_node]: class=pet_labeled conf=0.97 anchor=(274.9,624.0) kf_x=267.2 kf_vx=0.00 pending=3016 confirmed=True holding=False
[INFO] [1788861324.003301181] [tracking_pick_node]: class=pet_labeled conf=0.97 anchor=(275.1,624.1) kf_x=267.3 kf_vx=0.00 pending=3017 confirmed=True holding=False
[INFO] [1788861324.134731752] [tracking_pick_node]: class=pet_labeled conf=0.97 anchor=(274.9,624.1) kf_x=267.3 kf_vx=0.00 pending=3018 confirmed=True holding=False
[INFO] [1788861324.268774006] [tracking_pick_node]: class=pet_labeled conf=0.97 anchor=(275.1,624.1) kf_x=267.3 kf_vx=0.00 pending=3019 confirmed=True holding=False
[INFO] [1788861324.405842529] [tracking_pick_node]: class=pet_labeled conf=0.97 anchor=(274.9,624.1) kf_x=267.3 kf_vx=0.00 pending=3020 confirmed=True holding=False
[INFO] [1788861324.535993279] [tracking_pick_node]: class=pet_labeled conf=0.97 anchor=(275.0,624.1) kf_x=267.3 kf_vx=0.00 pending=3021 confirmed=True holding=False
[INFO] [1788861324.668332876] [tracking_pick_node]: class=pet_labeled conf=0.97 anchor=(275.1,624.1) kf_x=267.3 kf_vx=0.01 pending=3022 confirmed=True holding=False
[INFO] [1788861324.803708023] [tracking_pick_node]: class=pet_labeled conf=0.97 anchor=(274.9,624.1) kf_x=267.3 kf_vx=0.01 pending=3023 confirmed=True holding=False
[INFO] [1788861324.935737082] [tracking_pick_node]: class=pet_labeled conf=0.97 anchor=(275.0,624.1) kf_x=267.3 kf_vx=0.01 pending=3024 confirmed=True holding=False
[INFO] [1788861325.067813891] [tracking_pick_node]: class=pet_labeled conf=0.97 anchor=(274.9,624.1) kf_x=267.3 kf_vx=0.00 pending=3025 confirmed=True holding=False
[INFO] [1788861325.203117445] [tracking_pick_node]: class=pet_labeled conf=0.97 anchor=(274.9,624.0) kf_x=267.3 kf_vx=0.00 pending=3026 confirmed=True holding=False
[INFO] [1788861325.340740113] [tracking_pick_node]: class=pet_labeled conf=0.97 anchor=(274.8,624.0) kf_x=267.3 kf_vx=0.00 pending=3027 confirmed=True holding=False
[INFO] [1788861325.469303912] [tracking_pick_node]: class=pet_labeled conf=0.97 anchor=(274.9,624.1) kf_x=267.3 kf_vx=0.00 pending=3028 confirmed=True holding=False
[INFO] [1788861325.604874119] [tracking_pick_node]: class=pet_labeled conf=0.97 anchor=(275.0,624.0) kf_x=267.3 kf_vx=0.00 pending=3029 confirmed=True holding=False
[INFO] [1788861325.735948386] [tracking_pick_node]: class=pet_labeled conf=0.97 anchor=(275.0,624.1) kf_x=267.3 kf_vx=0.00 pending=3030 confirmed=True holding=False
[INFO] [1788861325.868915223] [tracking_pick_node]: class=pet_labeled conf=0.97 anchor=(275.0,623.9) kf_x=267.3 kf_vx=0.00 pending=3031 confirmed=True holding=False
[INFO] [1788861326.005037337] [tracking_pick_node]: class=pet_labeled conf=0.97 anchor=(274.9,624.1) kf_x=267.3 kf_vx=0.00 pending=3032 confirmed=True holding=False
[INFO] [1788861326.137635091] [tracking_pick_node]: class=pet_labeled conf=0.97 anchor=(274.9,624.1) kf_x=267.2 kf_vx=-0.00 pending=3033 confirmed=True holding=False
[INFO] [1788861326.268830231] [tracking_pick_node]: class=pet_labeled conf=0.97 anchor=(275.0,624.2) kf_x=267.3 kf_vx=0.00 pending=3034 confirmed=True holding=False
[INFO] [1788861326.403418551] [tracking_pick_node]: class=pet_labeled conf=0.97 anchor=(274.9,624.1) kf_x=267.2 kf_vx=-0.00 pending=3035 confirmed=True holding=False
[INFO] [1788861326.537675436] [tracking_pick_node]: class=pet_labeled conf=0.97 anchor=(275.0,624.1) kf_x=267.2 kf_vx=-0.00 pending=3036 confirmed=True holding=False
[INFO] [1788861326.667564013] [tracking_pick_node]: class=pet_labeled conf=0.97 anchor=(274.9,624.2) kf_x=267.2 kf_vx=-0.00 pending=3037 confirmed=True holding=False
[INFO] [1788861326.806739254] [tracking_pick_node]: class=pet_labeled conf=0.97 anchor=(275.0,624.1) kf_x=267.2 kf_vx=-0.00 pending=3038 confirmed=True holding=False
[INFO] [1788861326.938333416] [tracking_pick_node]: class=pet_labeled conf=0.97 anchor=(275.0,624.1) kf_x=267.2 kf_vx=0.00 pending=3039 confirmed=True holding=False
[INFO] [1788861327.069266472] [tracking_pick_node]: class=pet_labeled conf=0.97 anchor=(275.0,624.1) kf_x=267.3 kf_vx=0.00 pending=3040 confirmed=True holding=False
[INFO] [1788861327.208856174] [tracking_pick_node]: class=pet_labeled conf=0.97 anchor=(275.0,624.1) kf_x=267.3 kf_vx=0.00 pending=3041 confirmed=True holding=False
[INFO] [1788861327.336652791] [tracking_pick_node]: class=pet_labeled conf=0.97 anchor=(274.9,624.1) kf_x=267.3 kf_vx=0.00 pending=3042 confirmed=True holding=False
[INFO] [1788861327.468694538] [tracking_pick_node]: class=pet_labeled conf=0.97 anchor=(274.9,624.1) kf_x=267.2 kf_vx=-0.00 pending=3043 confirmed=True holding=False
[INFO] [1788861327.605420161] [tracking_pick_node]: class=pet_labeled conf=0.97 anchor=(275.0,624.1) kf_x=267.3 kf_vx=0.00 pending=3044 confirmed=True holding=False
[INFO] [1788861327.737043056] [tracking_pick_node]: class=pet_labeled conf=0.97 anchor=(275.0,624.1) kf_x=267.3 kf_vx=0.00 pending=3045 confirmed=True holding=False
[INFO] [1788861327.868335295] [tracking_pick_node]: class=pet_labeled conf=0.97 anchor=(275.0,624.1) kf_x=267.3 kf_vx=0.00 pending=3046 confirmed=True holding=False
[INFO] [1788861328.003645906] [tracking_pick_node]: class=pet_labeled conf=0.96 anchor=(275.0,624.1) kf_x=267.3 kf_vx=0.00 pending=3047 confirmed=True holding=False
[INFO] [1788861328.135275326] [tracking_pick_node]: class=pet_labeled conf=0.97 anchor=(275.0,624.1) kf_x=267.3 kf_vx=0.00 pending=3048 confirmed=True holding=False
[INFO] [1788861328.267612840] [tracking_pick_node]: class=pet_labeled conf=0.97 anchor=(275.0,624.1) kf_x=267.3 kf_vx=0.00 pending=3049 confirmed=True holding=False
[INFO] [1788861328.404335066] [tracking_pick_node]: class=pet_labeled conf=0.97 anchor=(275.0,624.0) kf_x=267.3 kf_vx=0.00 pending=3050 confirmed=True holding=False
[INFO] [1788861328.538414598] [tracking_pick_node]: class=pet_labeled conf=0.97 anchor=(274.8,624.0) kf_x=267.2 kf_vx=-0.00 pending=3051 confirmed=True holding=False
[INFO] [1788861328.666940608] [tracking_pick_node]: class=pet_labeled conf=0.96 anchor=(274.9,624.0) kf_x=267.2 kf_vx=-0.00 pending=3052 confirmed=True holding=False
[INFO] [1788861328.803888685] [tracking_pick_node]: class=pet_labeled conf=0.97 anchor=(274.9,624.1) kf_x=267.2 kf_vx=-0.00 pending=3053 confirmed=True holding=False
[INFO] [1788861328.936056005] [tracking_pick_node]: class=pet_labeled conf=0.97 anchor=(274.9,624.0) kf_x=267.2 kf_vx=-0.00 pending=3054 confirmed=True holding=False
[INFO] [1788861329.067267511] [tracking_pick_node]: class=pet_labeled conf=0.97 anchor=(275.0,624.1) kf_x=267.2 kf_vx=-0.00 pending=3055 confirmed=True holding=False
[INFO] [1788861329.206416570] [tracking_pick_node]: class=pet_labeled conf=0.97 anchor=(274.9,624.2) kf_x=267.2 kf_vx=-0.00 pending=3056 confirmed=True holding=False
[INFO] [1788861329.336833534] [tracking_pick_node]: class=pet_labeled conf=0.97 anchor=(275.0,624.2) kf_x=267.2 kf_vx=-0.00 pending=3057 confirmed=True holding=False
[INFO] [1788861329.467022543] [tracking_pick_node]: class=pet_labeled conf=0.97 anchor=(274.9,624.1) kf_x=267.2 kf_vx=-0.00 pending=3058 confirmed=True holding=False
[INFO] [1788861329.603505784] [tracking_pick_node]: class=pet_labeled conf=0.97 anchor=(274.9,624.0) kf_x=267.2 kf_vx=-0.00 pending=3059 confirmed=True holding=False
[INFO] [1788861329.735995409] [tracking_pick_node]: class=pet_labeled conf=0.97 anchor=(274.9,624.1) kf_x=267.2 kf_vx=-0.00 pending=3060 confirmed=True holding=False
[INFO] [1788861329.868477492] [tracking_pick_node]: class=pet_labeled conf=0.97 anchor=(274.9,624.1) kf_x=267.2 kf_vx=-0.00 pending=3061 confirmed=True holding=False
[INFO] [1788861330.005512146] [tracking_pick_node]: class=pet_labeled conf=0.97 anchor=(275.1,624.1) kf_x=267.2 kf_vx=-0.00 pending=3062 confirmed=True holding=False
[INFO] [1788861330.135430039] [tracking_pick_node]: class=pet_labeled conf=0.97 anchor=(274.9,624.1) kf_x=267.2 kf_vx=-0.00 pending=3063 confirmed=True holding=False
[INFO] [1788861330.268027317] [tracking_pick_node]: class=pet_labeled conf=0.97 anchor=(275.0,624.1) kf_x=267.2 kf_vx=-0.00 pending=3064 confirmed=True holding=False
[INFO] [1788861330.403245375] [tracking_pick_node]: class=pet_labeled conf=0.97 anchor=(275.0,624.1) kf_x=267.2 kf_vx=0.00 pending=3065 confirmed=True holding=False
[INFO] [1788861330.536876203] [tracking_pick_node]: class=pet_labeled conf=0.97 anchor=(274.9,624.1) kf_x=267.2 kf_vx=-0.00 pending=3066 confirmed=True holding=False
[INFO] [1788861330.668050749] [tracking_pick_node]: class=pet_labeled conf=0.97 anchor=(275.0,624.1) kf_x=267.2 kf_vx=-0.00 pending=3067 confirmed=True holding=False
[INFO] [1788861330.804179650] [tracking_pick_node]: class=pet_labeled conf=0.97 anchor=(275.0,624.0) kf_x=267.2 kf_vx=-0.00 pending=3068 confirmed=True holding=False
[INFO] [1788861330.938332558] [tracking_pick_node]: class=pet_labeled conf=0.97 anchor=(275.0,624.1) kf_x=267.2 kf_vx=0.00 pending=3069 confirmed=True holding=False
[INFO] [1788861331.067996191] [tracking_pick_node]: class=pet_labeled conf=0.97 anchor=(274.9,624.0) kf_x=267.2 kf_vx=0.00 pending=3070 confirmed=True holding=False
[INFO] [1788861331.204623304] [tracking_pick_node]: class=pet_labeled conf=0.97 anchor=(274.9,624.1) kf_x=267.2 kf_vx=-0.00 pending=3071 confirmed=True holding=False
[INFO] [1788861331.338248551] [tracking_pick_node]: class=pet_labeled conf=0.97 anchor=(275.0,624.0) kf_x=267.2 kf_vx=-0.00 pending=3072 confirmed=True holding=False
[INFO] [1788861331.468427888] [tracking_pick_node]: class=pet_labeled conf=0.97 anchor=(274.9,624.0) kf_x=267.2 kf_vx=-0.00 pending=3073 confirmed=True holding=False
[INFO] [1788861331.606556607] [tracking_pick_node]: class=pet_labeled conf=0.97 anchor=(275.0,624.0) kf_x=267.2 kf_vx=0.00 pending=3074 confirmed=True holding=False
[INFO] [1788861331.736872546] [tracking_pick_node]: class=pet_labeled conf=0.97 anchor=(274.8,624.1) kf_x=267.2 kf_vx=-0.00 pending=3075 confirmed=True holding=False
[INFO] [1788861331.868958277] [tracking_pick_node]: class=pet_labeled conf=0.97 anchor=(275.1,624.0) kf_x=267.2 kf_vx=-0.00 pending=3076 confirmed=True holding=False
[INFO] [1788861331.999214736] [tracking_pick_node]: class=pet_labeled conf=0.97 anchor=(275.0,624.1) kf_x=267.2 kf_vx=0.00 pending=3077 confirmed=True holding=False
[INFO] [1788861332.135493495] [tracking_pick_node]: class=pet_labeled conf=0.97 anchor=(274.9,624.1) kf_x=267.2 kf_vx=0.00 pending=3078 confirmed=True holding=False
[INFO] [1788861332.268980054] [tracking_pick_node]: class=pet_labeled conf=0.97 anchor=(275.0,624.0) kf_x=267.2 kf_vx=0.00 pending=3079 confirmed=True holding=False
[INFO] [1788861332.405003033] [tracking_pick_node]: class=pet_labeled conf=0.97 anchor=(275.0,624.1) kf_x=267.2 kf_vx=0.00 pending=3080 confirmed=True holding=False
[INFO] [1788861332.537298419] [tracking_pick_node]: class=pet_labeled conf=0.97 anchor=(274.9,624.1) kf_x=267.2 kf_vx=-0.00 pending=3081 confirmed=True holding=False
[INFO] [1788861332.667051225] [tracking_pick_node]: class=pet_labeled conf=0.97 anchor=(275.0,624.1) kf_x=267.2 kf_vx=-0.00 pending=3082 confirmed=True holding=False
[INFO] [1788861332.799780759] [tracking_pick_node]: class=pet_labeled conf=0.97 anchor=(275.0,624.0) kf_x=267.2 kf_vx=0.00 pending=3083 confirmed=True holding=False
[INFO] [1788861332.935629082] [tracking_pick_node]: class=pet_labeled conf=0.97 anchor=(274.9,624.1) kf_x=267.2 kf_vx=-0.00 pending=3084 confirmed=True holding=False
[INFO] [1788861333.073762055] [tracking_pick_node]: class=pet_labeled conf=0.97 anchor=(275.0,624.1) kf_x=267.2 kf_vx=0.00 pending=3085 confirmed=True holding=False
[INFO] [1788861333.201250762] [tracking_pick_node]: class=pet_labeled conf=0.97 anchor=(274.9,624.0) kf_x=267.2 kf_vx=-0.00 pending=3086 confirmed=True holding=False
[INFO] [1788861333.337027660] [tracking_pick_node]: class=pet_labeled conf=0.97 anchor=(275.0,624.1) kf_x=267.2 kf_vx=-0.00 pending=3087 confirmed=True holding=False
[INFO] [1788861333.468699333] [tracking_pick_node]: class=pet_labeled conf=0.97 anchor=(274.9,624.0) kf_x=267.2 kf_vx=-0.00 pending=3088 confirmed=True holding=False
[INFO] [1788861333.600033608] [tracking_pick_node]: class=pet_labeled conf=0.97 anchor=(274.9,624.2) kf_x=267.2 kf_vx=-0.00 pending=3089 confirmed=True holding=False
[INFO] [1788861333.735711754] [tracking_pick_node]: class=pet_labeled conf=0.97 anchor=(274.9,624.2) kf_x=267.2 kf_vx=-0.00 pending=3090 confirmed=True holding=False
[INFO] [1788861333.868288582] [tracking_pick_node]: class=pet_labeled conf=0.97 anchor=(274.9,624.2) kf_x=267.2 kf_vx=-0.00 pending=3091 confirmed=True holding=False
[INFO] [1788861333.999496501] [tracking_pick_node]: class=pet_labeled conf=0.97 anchor=(274.9,624.1) kf_x=267.2 kf_vx=-0.00 pending=3092 confirmed=True holding=False
[INFO] [1788861334.137629851] [tracking_pick_node]: class=pet_labeled conf=0.97 anchor=(275.0,624.0) kf_x=267.2 kf_vx=-0.00 pending=3093 confirmed=True holding=False
[INFO] [1788861334.267193667] [tracking_pick_node]: class=pet_labeled conf=0.97 anchor=(275.1,624.1) kf_x=267.2 kf_vx=0.00 pending=3094 confirmed=True holding=False
[INFO] [1788861334.400824769] [tracking_pick_node]: class=pet_labeled conf=0.97 anchor=(274.9,624.1) kf_x=267.2 kf_vx=-0.00 pending=3095 confirmed=True holding=False
[INFO] [1788861334.536548567] [tracking_pick_node]: class=pet_labeled conf=0.97 anchor=(275.0,624.0) kf_x=267.2 kf_vx=-0.00 pending=3096 confirmed=True holding=False
[INFO] [1788861334.672047661] [tracking_pick_node]: class=pet_labeled conf=0.97 anchor=(275.0,624.0) kf_x=267.2 kf_vx=0.00 pending=3097 confirmed=True holding=False
[INFO] [1788861334.799008647] [tracking_pick_node]: class=pet_labeled conf=0.97 anchor=(274.9,624.1) kf_x=267.2 kf_vx=-0.00 pending=3098 confirmed=True holding=False
[INFO] [1788861334.935377610] [tracking_pick_node]: class=pet_labeled conf=0.97 anchor=(275.1,624.1) kf_x=267.2 kf_vx=0.00 pending=3099 confirmed=True holding=False
[INFO] [1788861335.068878532] [tracking_pick_node]: class=pet_labeled conf=0.97 anchor=(275.0,624.0) kf_x=267.2 kf_vx=0.00 pending=3100 confirmed=True holding=False
[INFO] [1788861335.199591234] [tracking_pick_node]: class=pet_labeled conf=0.97 anchor=(274.9,624.1) kf_x=267.2 kf_vx=0.00 pending=3101 confirmed=True holding=False
[INFO] [1788861335.340201658] [tracking_pick_node]: class=pet_labeled conf=0.97 anchor=(274.9,624.0) kf_x=267.2 kf_vx=-0.00 pending=3102 confirmed=True holding=False
[INFO] [1788861335.469475146] [tracking_pick_node]: class=pet_labeled conf=0.97 anchor=(274.9,624.2) kf_x=267.2 kf_vx=-0.00 pending=3103 confirmed=True holding=False
[INFO] [1788861335.603395554] [tracking_pick_node]: class=pet_labeled conf=0.97 anchor=(274.9,624.0) kf_x=267.2 kf_vx=-0.00 pending=3104 confirmed=True holding=False
[INFO] [1788861335.743364204] [tracking_pick_node]: class=pet_labeled conf=0.97 anchor=(274.9,624.0) kf_x=267.2 kf_vx=-0.00 pending=3105 confirmed=True holding=False
[INFO] [1788861335.867136166] [tracking_pick_node]: class=pet_labeled conf=0.97 anchor=(274.9,624.1) kf_x=267.2 kf_vx=-0.00 pending=3106 confirmed=True holding=False
[INFO] [1788861335.999977362] [tracking_pick_node]: class=pet_labeled conf=0.97 anchor=(274.9,624.1) kf_x=267.2 kf_vx=-0.00 pending=3107 confirmed=True holding=False
[INFO] [1788861336.141219719] [tracking_pick_node]: class=pet_labeled conf=0.97 anchor=(275.0,624.1) kf_x=267.2 kf_vx=-0.00 pending=3108 confirmed=True holding=False
[INFO] [1788861336.271309355] [tracking_pick_node]: class=pet_labeled conf=0.97 anchor=(274.9,624.1) kf_x=267.2 kf_vx=-0.00 pending=3109 confirmed=True holding=False
[INFO] [1788861336.399191033] [tracking_pick_node]: class=pet_labeled conf=0.97 anchor=(275.0,624.2) kf_x=267.2 kf_vx=-0.00 pending=3110 confirmed=True holding=False
[INFO] [1788861336.536628554] [tracking_pick_node]: class=pet_labeled conf=0.97 anchor=(274.9,624.2) kf_x=267.2 kf_vx=-0.00 pending=3111 confirmed=True holding=False
[INFO] [1788861336.668546193] [tracking_pick_node]: class=pet_labeled conf=0.97 anchor=(274.9,624.2) kf_x=267.2 kf_vx=-0.00 pending=3112 confirmed=True holding=False
[INFO] [1788861336.799063459] [tracking_pick_node]: class=pet_labeled conf=0.97 anchor=(275.1,624.1) kf_x=267.2 kf_vx=0.00 pending=3113 confirmed=True holding=False
[INFO] [1788861336.934854897] [tracking_pick_node]: class=pet_labeled conf=0.97 anchor=(275.0,624.1) kf_x=267.2 kf_vx=0.00 pending=3114 confirmed=True holding=False
[INFO] [1788861337.071201075] [tracking_pick_node]: class=pet_labeled conf=0.97 anchor=(275.0,624.0) kf_x=267.2 kf_vx=0.00 pending=3115 confirmed=True holding=False
[INFO] [1788861337.200755096] [tracking_pick_node]: class=pet_labeled conf=0.97 anchor=(275.0,624.0) kf_x=267.2 kf_vx=0.00 pending=3116 confirmed=True holding=False
[INFO] [1788861337.335975873] [tracking_pick_node]: class=pet_labeled conf=0.97 anchor=(274.9,624.1) kf_x=267.2 kf_vx=0.00 pending=3117 confirmed=True holding=False
[INFO] [1788861337.468522672] [tracking_pick_node]: class=pet_labeled conf=0.97 anchor=(275.0,624.0) kf_x=267.2 kf_vx=0.00 pending=3118 confirmed=True holding=False
[INFO] [1788861337.600964508] [tracking_pick_node]: class=pet_labeled conf=0.97 anchor=(274.9,624.1) kf_x=267.2 kf_vx=-0.00 pending=3119 confirmed=True holding=False
[INFO] [1788861337.736025392] [tracking_pick_node]: class=pet_labeled conf=0.97 anchor=(275.0,624.1) kf_x=267.2 kf_vx=-0.00 pending=3120 confirmed=True holding=False
[INFO] [1788861337.867522124] [tracking_pick_node]: class=pet_labeled conf=0.97 anchor=(274.9,624.0) kf_x=267.2 kf_vx=-0.00 pending=3121 confirmed=True holding=False
[INFO] [1788861338.011565124] [tracking_pick_node]: class=pet_labeled conf=0.97 anchor=(274.9,624.1) kf_x=267.2 kf_vx=-0.00 pending=3122 confirmed=True holding=False
[INFO] [1788861338.135451146] [tracking_pick_node]: class=pet_labeled conf=0.97 anchor=(274.9,624.0) kf_x=267.2 kf_vx=-0.00 pending=3123 confirmed=True holding=False
[INFO] [1788861338.268577781] [tracking_pick_node]: class=pet_labeled conf=0.97 anchor=(275.0,624.2) kf_x=267.2 kf_vx=-0.00 pending=3124 confirmed=True holding=False
[INFO] [1788861338.399169391] [tracking_pick_node]: class=pet_labeled conf=0.97 anchor=(275.0,624.1) kf_x=267.2 kf_vx=-0.00 pending=3125 confirmed=True holding=False
[INFO] [1788861338.536033095] [tracking_pick_node]: class=pet_labeled conf=0.97 anchor=(275.0,624.1) kf_x=267.2 kf_vx=-0.00 pending=3126 confirmed=True holding=False
[INFO] [1788861338.667640543] [tracking_pick_node]: class=pet_labeled conf=0.97 anchor=(275.0,624.2) kf_x=267.2 kf_vx=-0.00 pending=3127 confirmed=True holding=False
[INFO] [1788861338.801070281] [tracking_pick_node]: class=pet_labeled conf=0.97 anchor=(275.0,624.2) kf_x=267.2 kf_vx=0.00 pending=3128 confirmed=True holding=False
[INFO] [1788861338.936593557] [tracking_pick_node]: class=pet_labeled conf=0.97 anchor=(275.0,624.2) kf_x=267.2 kf_vx=0.00 pending=3129 confirmed=True holding=False
[INFO] [1788861339.068686745] [tracking_pick_node]: class=pet_labeled conf=0.97 anchor=(274.9,624.0) kf_x=267.2 kf_vx=-0.00 pending=3130 confirmed=True holding=False
[INFO] [1788861339.200076368] [tracking_pick_node]: class=pet_labeled conf=0.97 anchor=(275.1,624.1) kf_x=267.2 kf_vx=0.00 pending=3131 confirmed=True holding=False
[INFO] [1788861339.336162292] [tracking_pick_node]: class=pet_labeled conf=0.97 anchor=(275.0,624.1) kf_x=267.2 kf_vx=0.00 pending=3132 confirmed=True holding=False
[INFO] [1788861339.467042580] [tracking_pick_node]: class=pet_labeled conf=0.97 anchor=(275.0,624.1) kf_x=267.2 kf_vx=0.00 pending=3133 confirmed=True holding=False
[INFO] [1788861339.600480484] [tracking_pick_node]: class=pet_labeled conf=0.97 anchor=(274.9,624.1) kf_x=267.2 kf_vx=0.00 pending=3134 confirmed=True holding=False
[INFO] [1788861339.735550990] [tracking_pick_node]: class=pet_labeled conf=0.97 anchor=(275.0,624.1) kf_x=267.2 kf_vx=0.00 pending=3135 confirmed=True holding=False
[INFO] [1788861339.868144962] [tracking_pick_node]: class=pet_labeled conf=0.97 anchor=(274.9,624.1) kf_x=267.2 kf_vx=0.00 pending=3136 confirmed=True holding=False
[INFO] [1788861339.999628531] [tracking_pick_node]: class=pet_labeled conf=0.97 anchor=(274.9,624.0) kf_x=267.2 kf_vx=0.00 pending=3137 confirmed=True holding=False
[INFO] [1788861340.135509784] [tracking_pick_node]: class=pet_labeled conf=0.97 anchor=(274.9,624.1) kf_x=267.2 kf_vx=0.00 pending=3138 confirmed=True holding=False
[INFO] [1788861340.267181783] [tracking_pick_node]: class=pet_labeled conf=0.97 anchor=(275.0,624.0) kf_x=267.2 kf_vx=0.00 pending=3139 confirmed=True holding=False
[INFO] [1788861340.400787048] [tracking_pick_node]: class=pet_labeled conf=0.97 anchor=(275.0,624.2) kf_x=267.2 kf_vx=0.00 pending=3140 confirmed=True holding=False
[INFO] [1788861340.535778798] [tracking_pick_node]: class=pet_labeled conf=0.97 anchor=(274.9,624.0) kf_x=267.2 kf_vx=0.00 pending=3141 confirmed=True holding=False
[INFO] [1788861340.671071476] [tracking_pick_node]: class=pet_labeled conf=0.97 anchor=(275.0,624.2) kf_x=267.2 kf_vx=0.00 pending=3142 confirmed=True holding=False
[INFO] [1788861340.804437046] [tracking_pick_node]: class=pet_labeled conf=0.97 anchor=(274.9,624.0) kf_x=267.2 kf_vx=0.00 pending=3143 confirmed=True holding=False
[INFO] [1788861340.936509679] [tracking_pick_node]: class=pet_labeled conf=0.97 anchor=(275.0,624.1) kf_x=267.2 kf_vx=0.00 pending=3144 confirmed=True holding=False
[INFO] [1788861341.075410595] [tracking_pick_node]: class=pet_labeled conf=0.97 anchor=(275.0,624.2) kf_x=267.3 kf_vx=0.00 pending=3145 confirmed=True holding=False
[INFO] [1788861341.201304435] [tracking_pick_node]: class=pet_labeled conf=0.97 anchor=(274.9,624.1) kf_x=267.2 kf_vx=0.00 pending=3146 confirmed=True holding=False
[INFO] [1788861341.335704921] [tracking_pick_node]: class=pet_labeled conf=0.97 anchor=(275.0,624.0) kf_x=267.2 kf_vx=0.00 pending=3147 confirmed=True holding=False
[INFO] [1788861341.468579168] [tracking_pick_node]: class=pet_labeled conf=0.97 anchor=(275.0,624.0) kf_x=267.3 kf_vx=0.00 pending=3148 confirmed=True holding=False
[INFO] [1788861341.599173585] [tracking_pick_node]: class=pet_labeled conf=0.97 anchor=(274.9,624.1) kf_x=267.2 kf_vx=0.00 pending=3149 confirmed=True holding=False
[INFO] [1788861341.735529474] [tracking_pick_node]: class=pet_labeled conf=0.97 anchor=(275.0,624.1) kf_x=267.3 kf_vx=0.00 pending=3150 confirmed=True holding=False
[INFO] [1788861341.868405697] [tracking_pick_node]: class=pet_labeled conf=0.97 anchor=(274.9,624.1) kf_x=267.2 kf_vx=0.00 pending=3151 confirmed=True holding=False
[INFO] [1788861342.001171358] [tracking_pick_node]: class=pet_labeled conf=0.97 anchor=(274.9,624.0) kf_x=267.2 kf_vx=-0.00 pending=3152 confirmed=True holding=False
[INFO] [1788861342.138100514] [tracking_pick_node]: class=pet_labeled conf=0.97 anchor=(274.9,624.1) kf_x=267.2 kf_vx=-0.00 pending=3153 confirmed=True holding=False
[INFO] [1788861342.268730443] [tracking_pick_node]: class=pet_labeled conf=0.97 anchor=(274.9,624.1) kf_x=267.2 kf_vx=-0.00 pending=3154 confirmed=True holding=False
[INFO] [1788861342.400615962] [tracking_pick_node]: class=pet_labeled conf=0.97 anchor=(275.0,624.1) kf_x=267.2 kf_vx=-0.00 pending=3155 confirmed=True holding=False
[INFO] [1788861342.537408443] [tracking_pick_node]: class=pet_labeled conf=0.97 anchor=(274.9,624.1) kf_x=267.2 kf_vx=-0.00 pending=3156 confirmed=True holding=False
[INFO] [1788861342.667796179] [tracking_pick_node]: class=pet_labeled conf=0.97 anchor=(274.9,624.1) kf_x=267.2 kf_vx=-0.00 pending=3157 confirmed=True holding=False
[INFO] [1788861342.802242767] [tracking_pick_node]: class=pet_labeled conf=0.97 anchor=(275.0,624.2) kf_x=267.2 kf_vx=-0.00 pending=3158 confirmed=True holding=False
[INFO] [1788861342.938383678] [tracking_pick_node]: class=pet_labeled conf=0.97 anchor=(274.9,624.1) kf_x=267.2 kf_vx=-0.00 pending=3159 confirmed=True holding=False
[INFO] [1788861343.069514920] [tracking_pick_node]: class=pet_labeled conf=0.97 anchor=(274.9,624.0) kf_x=267.2 kf_vx=-0.00 pending=3160 confirmed=True holding=False
[INFO] [1788861343.199471171] [tracking_pick_node]: class=pet_labeled conf=0.97 anchor=(274.9,624.1) kf_x=267.2 kf_vx=-0.00 pending=3161 confirmed=True holding=False
[INFO] [1788861343.335569374] [tracking_pick_node]: class=pet_labeled conf=0.97 anchor=(275.0,624.2) kf_x=267.2 kf_vx=-0.00 pending=3162 confirmed=True holding=False
[INFO] [1788861343.467270793] [tracking_pick_node]: class=pet_labeled conf=0.97 anchor=(274.9,624.1) kf_x=267.2 kf_vx=-0.00 pending=3163 confirmed=True holding=False
[INFO] [1788861343.599611492] [tracking_pick_node]: class=pet_labeled conf=0.97 anchor=(275.0,624.1) kf_x=267.2 kf_vx=-0.00 pending=3164 confirmed=True holding=False
[INFO] [1788861343.735651465] [tracking_pick_node]: class=pet_labeled conf=0.97 anchor=(274.9,624.1) kf_x=267.2 kf_vx=-0.00 pending=3165 confirmed=True holding=False
[INFO] [1788861343.868182153] [tracking_pick_node]: class=pet_labeled conf=0.97 anchor=(275.0,624.1) kf_x=267.2 kf_vx=-0.00 pending=3166 confirmed=True holding=False
[INFO] [1788861343.999313994] [tracking_pick_node]: class=pet_labeled conf=0.97 anchor=(274.9,624.1) kf_x=267.2 kf_vx=-0.00 pending=3167 confirmed=True holding=False
[INFO] [1788861344.136383554] [tracking_pick_node]: class=pet_labeled conf=0.97 anchor=(274.9,624.0) kf_x=267.2 kf_vx=-0.00 pending=3168 confirmed=True holding=False
[INFO] [1788861344.273158242] [tracking_pick_node]: class=pet_labeled conf=0.97 anchor=(274.9,624.0) kf_x=267.2 kf_vx=-0.00 pending=3169 confirmed=True holding=False
[INFO] [1788861344.399627309] [tracking_pick_node]: class=pet_labeled conf=0.97 anchor=(275.0,624.1) kf_x=267.2 kf_vx=-0.00 pending=3170 confirmed=True holding=False
[INFO] [1788861344.535791615] [tracking_pick_node]: class=pet_labeled conf=0.97 anchor=(275.0,624.1) kf_x=267.2 kf_vx=-0.00 pending=3171 confirmed=True holding=False
[INFO] [1788861344.667476412] [tracking_pick_node]: class=pet_labeled conf=0.97 anchor=(275.0,624.1) kf_x=267.2 kf_vx=0.00 pending=3172 confirmed=True holding=False
[INFO] [1788861344.803225172] [tracking_pick_node]: class=pet_labeled conf=0.97 anchor=(275.0,624.0) kf_x=267.2 kf_vx=0.00 pending=3173 confirmed=True holding=False
[INFO] [1788861344.936416320] [tracking_pick_node]: class=pet_labeled conf=0.97 anchor=(274.9,624.0) kf_x=267.2 kf_vx=0.00 pending=3174 confirmed=True holding=False
[INFO] [1788861345.067106653] [tracking_pick_node]: class=pet_labeled conf=0.97 anchor=(275.0,624.0) kf_x=267.2 kf_vx=0.00 pending=3175 confirmed=True holding=False
[INFO] [1788861345.199417578] [tracking_pick_node]: class=pet_labeled conf=0.97 anchor=(275.0,624.1) kf_x=267.2 kf_vx=0.00 pending=3176 confirmed=True holding=False
[INFO] [1788861345.338812353] [tracking_pick_node]: class=pet_labeled conf=0.97 anchor=(274.9,624.0) kf_x=267.2 kf_vx=0.00 pending=3177 confirmed=True holding=False
[INFO] [1788861345.467372430] [tracking_pick_node]: class=pet_labeled conf=0.97 anchor=(274.9,624.1) kf_x=267.2 kf_vx=0.00 pending=3178 confirmed=True holding=False
[INFO] [1788861345.600787818] [tracking_pick_node]: class=pet_labeled conf=0.97 anchor=(275.0,624.1) kf_x=267.2 kf_vx=0.00 pending=3179 confirmed=True holding=False
[INFO] [1788861345.731863683] [tracking_pick_node]: class=pet_labeled conf=0.97 anchor=(275.0,624.0) kf_x=267.2 kf_vx=0.00 pending=3180 confirmed=True holding=False
[INFO] [1788861345.867005435] [tracking_pick_node]: class=pet_labeled conf=0.97 anchor=(275.0,624.1) kf_x=267.2 kf_vx=0.00 pending=3181 confirmed=True holding=False
[INFO] [1788861345.999373276] [tracking_pick_node]: class=pet_labeled conf=0.97 anchor=(274.9,624.1) kf_x=267.2 kf_vx=0.00 pending=3182 confirmed=True holding=False
[INFO] [1788861346.133311252] [tracking_pick_node]: class=pet_labeled conf=0.97 anchor=(275.0,624.0) kf_x=267.2 kf_vx=0.00 pending=3183 confirmed=True holding=False
[INFO] [1788861346.268463090] [tracking_pick_node]: class=pet_labeled conf=0.97 anchor=(274.9,624.1) kf_x=267.2 kf_vx=0.00 pending=3184 confirmed=True holding=False
[INFO] [1788861346.400878807] [tracking_pick_node]: class=pet_labeled conf=0.97 anchor=(275.0,624.1) kf_x=267.2 kf_vx=0.00 pending=3185 confirmed=True holding=False
[INFO] [1788861346.532485733] [tracking_pick_node]: class=pet_labeled conf=0.97 anchor=(275.0,624.1) kf_x=267.2 kf_vx=0.00 pending=3186 confirmed=True holding=False
[INFO] [1788861346.668722954] [tracking_pick_node]: class=pet_labeled conf=0.97 anchor=(274.9,624.2) kf_x=267.2 kf_vx=0.00 pending=3187 confirmed=True holding=False
[INFO] [1788861346.799611202] [tracking_pick_node]: class=pet_labeled conf=0.97 anchor=(275.0,624.1) kf_x=267.2 kf_vx=0.00 pending=3188 confirmed=True holding=False
[INFO] [1788861346.937309963] [tracking_pick_node]: class=pet_labeled conf=0.97 anchor=(275.0,624.2) kf_x=267.2 kf_vx=0.00 pending=3189 confirmed=True holding=False
[INFO] [1788861347.070251641] [tracking_pick_node]: class=pet_labeled conf=0.97 anchor=(274.9,624.2) kf_x=267.2 kf_vx=0.00 pending=3190 confirmed=True holding=False
[INFO] [1788861347.200465289] [tracking_pick_node]: class=pet_labeled conf=0.97 anchor=(274.9,624.2) kf_x=267.2 kf_vx=0.00 pending=3191 confirmed=True holding=False
[INFO] [1788861347.331221924] [tracking_pick_node]: class=pet_labeled conf=0.97 anchor=(275.0,624.1) kf_x=267.2 kf_vx=0.00 pending=3192 confirmed=True holding=False
[INFO] [1788861347.470600261] [tracking_pick_node]: class=pet_labeled conf=0.97 anchor=(274.8,624.0) kf_x=267.2 kf_vx=-0.00 pending=3193 confirmed=True holding=False
[INFO] [1788861347.599399175] [tracking_pick_node]: class=pet_labeled conf=0.97 anchor=(275.0,624.2) kf_x=267.2 kf_vx=-0.00 pending=3194 confirmed=True holding=False
[INFO] [1788861347.732734730] [tracking_pick_node]: class=pet_labeled conf=0.97 anchor=(274.9,624.1) kf_x=267.2 kf_vx=-0.00 pending=3195 confirmed=True holding=False
[INFO] [1788861347.869853052] [tracking_pick_node]: class=pet_labeled conf=0.97 anchor=(274.8,624.1) kf_x=267.2 kf_vx=-0.00 pending=3196 confirmed=True holding=False
[INFO] [1788861347.999403645] [tracking_pick_node]: class=pet_labeled conf=0.97 anchor=(274.9,624.0) kf_x=267.2 kf_vx=-0.00 pending=3197 confirmed=True holding=False
[INFO] [1788861348.131360719] [tracking_pick_node]: class=pet_labeled conf=0.97 anchor=(275.0,624.1) kf_x=267.2 kf_vx=-0.00 pending=3198 confirmed=True holding=False
[INFO] [1788861348.267926862] [tracking_pick_node]: class=pet_labeled conf=0.97 anchor=(275.0,624.1) kf_x=267.2 kf_vx=-0.00 pending=3199 confirmed=True holding=False
[INFO] [1788861348.400634416] [tracking_pick_node]: class=pet_labeled conf=0.97 anchor=(275.0,624.1) kf_x=267.2 kf_vx=0.00 pending=3200 confirmed=True holding=False
[INFO] [1788861348.531265306] [tracking_pick_node]: class=pet_labeled conf=0.97 anchor=(274.8,624.1) kf_x=267.2 kf_vx=-0.00 pending=3201 confirmed=True holding=False
[INFO] [1788861348.667482304] [tracking_pick_node]: class=pet_labeled conf=0.97 anchor=(275.1,624.1) kf_x=267.2 kf_vx=0.00 pending=3202 confirmed=True holding=False
[INFO] [1788861348.799500090] [tracking_pick_node]: class=pet_labeled conf=0.97 anchor=(275.0,624.0) kf_x=267.2 kf_vx=0.00 pending=3203 confirmed=True holding=False
[INFO] [1788861348.939839390] [tracking_pick_node]: class=pet_labeled conf=0.97 anchor=(275.0,624.1) kf_x=267.2 kf_vx=0.00 pending=3204 confirmed=True holding=False
[INFO] [1788861349.071825618] [tracking_pick_node]: class=pet_labeled conf=0.97 anchor=(275.0,624.1) kf_x=267.2 kf_vx=0.00 pending=3205 confirmed=True holding=False
[INFO] [1788861349.201833556] [tracking_pick_node]: class=pet_labeled conf=0.97 anchor=(275.0,624.0) kf_x=267.3 kf_vx=0.00 pending=3206 confirmed=True holding=False
[INFO] [1788861349.332068398] [tracking_pick_node]: class=pet_labeled conf=0.97 anchor=(274.9,624.0) kf_x=267.2 kf_vx=0.00 pending=3207 confirmed=True holding=False
[INFO] [1788861349.471649834] [tracking_pick_node]: class=pet_labeled conf=0.97 anchor=(274.9,624.0) kf_x=267.2 kf_vx=-0.00 pending=3208 confirmed=True holding=False
[INFO] [1788861349.599755579] [tracking_pick_node]: class=pet_labeled conf=0.97 anchor=(274.9,624.0) kf_x=267.2 kf_vx=-0.00 pending=3209 confirmed=True holding=False
[INFO] [1788861349.731272541] [tracking_pick_node]: class=pet_labeled conf=0.97 anchor=(274.9,624.1) kf_x=267.2 kf_vx=-0.00 pending=3210 confirmed=True holding=False
[INFO] [1788861349.867628800] [tracking_pick_node]: class=pet_labeled conf=0.97 anchor=(274.9,624.1) kf_x=267.2 kf_vx=-0.00 pending=3211 confirmed=True holding=False
[INFO] [1788861350.002509969] [tracking_pick_node]: class=pet_labeled conf=0.97 anchor=(275.0,624.1) kf_x=267.2 kf_vx=-0.00 pending=3212 confirmed=True holding=False
[INFO] [1788861350.132264616] [tracking_pick_node]: class=pet_labeled conf=0.97 anchor=(275.0,624.1) kf_x=267.2 kf_vx=-0.00 pending=3213 confirmed=True holding=False
[INFO] [1788861350.268419404] [tracking_pick_node]: class=pet_labeled conf=0.97 anchor=(274.9,624.1) kf_x=267.2 kf_vx=-0.00 pending=3214 confirmed=True holding=False
[INFO] [1788861350.399347793] [tracking_pick_node]: class=pet_labeled conf=0.97 anchor=(275.0,624.1) kf_x=267.2 kf_vx=0.00 pending=3215 confirmed=True holding=False
[INFO] [1788861350.532087372] [tracking_pick_node]: class=pet_labeled conf=0.97 anchor=(274.9,624.1) kf_x=267.2 kf_vx=0.00 pending=3216 confirmed=True holding=False
[INFO] [1788861350.667014402] [tracking_pick_node]: class=pet_labeled conf=0.97 anchor=(275.0,624.1) kf_x=267.2 kf_vx=0.00 pending=3217 confirmed=True holding=False
[INFO] [1788861350.799755860] [tracking_pick_node]: class=pet_labeled conf=0.97 anchor=(275.1,624.1) kf_x=267.3 kf_vx=0.00 pending=3218 confirmed=True holding=False
[INFO] [1788861350.931488957] [tracking_pick_node]: class=pet_labeled conf=0.97 anchor=(274.9,624.1) kf_x=267.2 kf_vx=0.00 pending=3219 confirmed=True holding=False
[INFO] [1788861351.070515400] [tracking_pick_node]: class=pet_labeled conf=0.97 anchor=(275.0,624.1) kf_x=267.3 kf_vx=0.00 pending=3220 confirmed=True holding=False
[INFO] [1788861351.199719232] [tracking_pick_node]: class=pet_labeled conf=0.97 anchor=(275.0,624.1) kf_x=267.3 kf_vx=0.00 pending=3221 confirmed=True holding=False
[INFO] [1788861351.331907210] [tracking_pick_node]: class=pet_labeled conf=0.97 anchor=(274.9,624.0) kf_x=267.2 kf_vx=0.00 pending=3222 confirmed=True holding=False
[INFO] [1788861351.467822359] [tracking_pick_node]: class=pet_labeled conf=0.97 anchor=(275.0,624.1) kf_x=267.3 kf_vx=0.00 pending=3223 confirmed=True holding=False
[INFO] [1788861351.601791537] [tracking_pick_node]: class=pet_labeled conf=0.97 anchor=(275.0,624.0) kf_x=267.3 kf_vx=0.00 pending=3224 confirmed=True holding=False
[INFO] [1788861351.731276948] [tracking_pick_node]: class=pet_labeled conf=0.97 anchor=(275.0,624.1) kf_x=267.3 kf_vx=0.00 pending=3225 confirmed=True holding=False
[INFO] [1788861351.867227998] [tracking_pick_node]: class=pet_labeled conf=0.97 anchor=(275.1,624.0) kf_x=267.3 kf_vx=0.00 pending=3226 confirmed=True holding=False
[INFO] [1788861352.000606327] [tracking_pick_node]: class=pet_labeled conf=0.97 anchor=(275.0,624.1) kf_x=267.3 kf_vx=0.00 pending=3227 confirmed=True holding=False
[INFO] [1788861352.131946438] [tracking_pick_node]: class=pet_labeled conf=0.97 anchor=(274.9,624.0) kf_x=267.3 kf_vx=0.00 pending=3228 confirmed=True holding=False
[INFO] [1788861352.274272698] [tracking_pick_node]: class=pet_labeled conf=0.97 anchor=(275.0,624.1) kf_x=267.3 kf_vx=0.00 pending=3229 confirmed=True holding=False
[INFO] [1788861352.400831902] [tracking_pick_node]: class=pet_labeled conf=0.97 anchor=(275.0,624.1) kf_x=267.3 kf_vx=0.00 pending=3230 confirmed=True holding=False
[INFO] [1788861352.532474187] [tracking_pick_node]: class=pet_labeled conf=0.97 anchor=(274.9,624.0) kf_x=267.3 kf_vx=0.00 pending=3231 confirmed=True holding=False
[INFO] [1788861352.669189013] [tracking_pick_node]: class=pet_labeled conf=0.97 anchor=(275.1,624.1) kf_x=267.3 kf_vx=0.00 pending=3232 confirmed=True holding=False
[INFO] [1788861352.800110375] [tracking_pick_node]: class=pet_labeled conf=0.96 anchor=(274.9,624.2) kf_x=267.3 kf_vx=0.00 pending=3233 confirmed=True holding=False
[INFO] [1788861352.939184002] [tracking_pick_node]: class=pet_labeled conf=0.97 anchor=(275.0,624.1) kf_x=267.3 kf_vx=0.00 pending=3234 confirmed=True holding=False
[INFO] [1788861353.067712898] [tracking_pick_node]: class=pet_labeled conf=0.97 anchor=(274.9,624.1) kf_x=267.3 kf_vx=0.00 pending=3235 confirmed=True holding=False
[INFO] [1788861353.205751513] [tracking_pick_node]: class=pet_labeled conf=0.97 anchor=(275.0,624.1) kf_x=267.3 kf_vx=0.00 pending=3236 confirmed=True holding=False
[INFO] [1788861353.331925252] [tracking_pick_node]: class=pet_labeled conf=0.97 anchor=(274.9,624.1) kf_x=267.2 kf_vx=0.00 pending=3237 confirmed=True holding=False
[INFO] [1788861353.467335899] [tracking_pick_node]: class=pet_labeled conf=0.97 anchor=(274.9,624.1) kf_x=267.2 kf_vx=-0.00 pending=3238 confirmed=True holding=False
[INFO] [1788861353.601931829] [tracking_pick_node]: class=pet_labeled conf=0.97 anchor=(275.0,624.1) kf_x=267.2 kf_vx=-0.00 pending=3239 confirmed=True holding=False
[INFO] [1788861353.732688512] [tracking_pick_node]: class=pet_labeled conf=0.97 anchor=(275.0,624.1) kf_x=267.2 kf_vx=0.00 pending=3240 confirmed=True holding=False
[INFO] [1788861353.868722455] [tracking_pick_node]: class=pet_labeled conf=0.97 anchor=(275.0,624.1) kf_x=267.3 kf_vx=0.00 pending=3241 confirmed=True holding=False
[INFO] [1788861353.999509297] [tracking_pick_node]: class=pet_labeled conf=0.97 anchor=(274.9,624.1) kf_x=267.2 kf_vx=-0.00 pending=3242 confirmed=True holding=False
[INFO] [1788861354.138646427] [tracking_pick_node]: class=pet_labeled conf=0.97 anchor=(274.9,624.1) kf_x=267.2 kf_vx=-0.00 pending=3243 confirmed=True holding=False
[INFO] [1788861354.269782038] [tracking_pick_node]: class=pet_labeled conf=0.97 anchor=(275.0,624.0) kf_x=267.2 kf_vx=-0.00 pending=3244 confirmed=True holding=False
[INFO] [1788861354.399443421] [tracking_pick_node]: class=pet_labeled conf=0.97 anchor=(274.9,624.1) kf_x=267.2 kf_vx=-0.00 pending=3245 confirmed=True holding=False
[INFO] [1788861354.533172363] [tracking_pick_node]: class=pet_labeled conf=0.97 anchor=(275.0,624.1) kf_x=267.2 kf_vx=-0.00 pending=3246 confirmed=True holding=False
[INFO] [1788861354.669819589] [tracking_pick_node]: class=pet_labeled conf=0.97 anchor=(274.9,624.1) kf_x=267.2 kf_vx=-0.00 pending=3247 confirmed=True holding=False
[INFO] [1788861354.800744347] [tracking_pick_node]: class=pet_labeled conf=0.97 anchor=(275.0,624.1) kf_x=267.2 kf_vx=-0.00 pending=3248 confirmed=True holding=False
[INFO] [1788861354.932951213] [tracking_pick_node]: class=pet_labeled conf=0.97 anchor=(275.0,624.0) kf_x=267.2 kf_vx=-0.00 pending=3249 confirmed=True holding=False
[INFO] [1788861355.074192960] [tracking_pick_node]: class=pet_labeled conf=0.97 anchor=(275.0,624.1) kf_x=267.3 kf_vx=0.00 pending=3250 confirmed=True holding=False
[INFO] [1788861355.202251476] [tracking_pick_node]: class=pet_labeled conf=0.97 anchor=(274.9,624.0) kf_x=267.2 kf_vx=-0.00 pending=3251 confirmed=True holding=False
[INFO] [1788861355.333650656] [tracking_pick_node]: class=pet_labeled conf=0.97 anchor=(274.9,624.1) kf_x=267.2 kf_vx=-0.00 pending=3252 confirmed=True holding=False
[INFO] [1788861355.468324090] [tracking_pick_node]: class=pet_labeled conf=0.97 anchor=(274.9,624.2) kf_x=267.2 kf_vx=-0.00 pending=3253 confirmed=True holding=False
[INFO] [1788861355.599570347] [tracking_pick_node]: class=pet_labeled conf=0.97 anchor=(274.9,624.0) kf_x=267.2 kf_vx=-0.00 pending=3254 confirmed=True holding=False
[INFO] [1788861355.731767009] [tracking_pick_node]: class=pet_labeled conf=0.97 anchor=(275.1,624.1) kf_x=267.2 kf_vx=-0.00 pending=3255 confirmed=True holding=False
[INFO] [1788861355.867634517] [tracking_pick_node]: class=pet_labeled conf=0.97 anchor=(274.9,624.2) kf_x=267.2 kf_vx=-0.00 pending=3256 confirmed=True holding=False
[INFO] [1788861355.999152624] [tracking_pick_node]: class=pet_labeled conf=0.97 anchor=(274.9,624.1) kf_x=267.2 kf_vx=-0.00 pending=3257 confirmed=True holding=False
[INFO] [1788861356.135609389] [tracking_pick_node]: class=pet_labeled conf=0.97 anchor=(274.9,624.0) kf_x=267.2 kf_vx=-0.00 pending=3258 confirmed=True holding=False
[INFO] [1788861356.272272566] [tracking_pick_node]: class=pet_labeled conf=0.97 anchor=(275.0,624.1) kf_x=267.2 kf_vx=-0.00 pending=3259 confirmed=True holding=False
[INFO] [1788861356.401109495] [tracking_pick_node]: class=pet_labeled conf=0.97 anchor=(275.0,624.1) kf_x=267.2 kf_vx=0.00 pending=3260 confirmed=True holding=False
[INFO] [1788861356.534474278] [tracking_pick_node]: class=pet_labeled conf=0.97 anchor=(274.9,624.2) kf_x=267.2 kf_vx=-0.00 pending=3261 confirmed=True holding=False
[INFO] [1788861356.667772391] [tracking_pick_node]: class=pet_labeled conf=0.97 anchor=(274.9,624.1) kf_x=267.2 kf_vx=-0.00 pending=3262 confirmed=True holding=False
[INFO] [1788861356.801012229] [tracking_pick_node]: class=pet_labeled conf=0.97 anchor=(275.0,624.1) kf_x=267.2 kf_vx=-0.00 pending=3263 confirmed=True holding=False
[INFO] [1788861356.936911043] [tracking_pick_node]: class=pet_labeled conf=0.97 anchor=(275.0,624.1) kf_x=267.2 kf_vx=-0.00 pending=3264 confirmed=True holding=False
[INFO] [1788861357.067663948] [tracking_pick_node]: class=pet_labeled conf=0.97 anchor=(275.0,624.1) kf_x=267.2 kf_vx=-0.00 pending=3265 confirmed=True holding=False
[INFO] [1788861357.200889915] [tracking_pick_node]: class=pet_labeled conf=0.97 anchor=(275.0,624.1) kf_x=267.2 kf_vx=0.00 pending=3266 confirmed=True holding=False
[INFO] [1788861357.335982648] [tracking_pick_node]: class=pet_labeled conf=0.97 anchor=(274.9,624.1) kf_x=267.2 kf_vx=-0.00 pending=3267 confirmed=True holding=False
[INFO] [1788861357.468617114] [tracking_pick_node]: class=pet_labeled conf=0.97 anchor=(275.0,624.1) kf_x=267.2 kf_vx=0.00 pending=3268 confirmed=True holding=False
[INFO] [1788861357.600265626] [tracking_pick_node]: class=pet_labeled conf=0.97 anchor=(275.0,624.0) kf_x=267.2 kf_vx=0.00 pending=3269 confirmed=True holding=False
[INFO] [1788861357.733897925] [tracking_pick_node]: class=pet_labeled conf=0.97 anchor=(274.9,624.1) kf_x=267.2 kf_vx=0.00 pending=3270 confirmed=True holding=False
[INFO] [1788861357.870468149] [tracking_pick_node]: class=pet_labeled conf=0.97 anchor=(274.9,624.1) kf_x=267.2 kf_vx=-0.00 pending=3271 confirmed=True holding=False
[INFO] [1788861357.999983032] [tracking_pick_node]: class=pet_labeled conf=0.97 anchor=(275.0,624.1) kf_x=267.2 kf_vx=0.00 pending=3272 confirmed=True holding=False
[INFO] [1788861358.139044212] [tracking_pick_node]: class=pet_labeled conf=0.97 anchor=(274.9,624.1) kf_x=267.2 kf_vx=-0.00 pending=3273 confirmed=True holding=False
[INFO] [1788861358.270097900] [tracking_pick_node]: class=pet_labeled conf=0.97 anchor=(275.0,624.0) kf_x=267.3 kf_vx=0.00 pending=3274 confirmed=True holding=False
[INFO] [1788861358.400201634] [tracking_pick_node]: class=pet_labeled conf=0.97 anchor=(275.0,624.2) kf_x=267.3 kf_vx=0.00 pending=3275 confirmed=True holding=False
[INFO] [1788861358.531985459] [tracking_pick_node]: class=pet_labeled conf=0.97 anchor=(275.0,624.1) kf_x=267.3 kf_vx=0.00 pending=3276 confirmed=True holding=False
[INFO] [1788861358.664536445] [tracking_pick_node]: class=pet_labeled conf=0.97 anchor=(275.0,624.1) kf_x=267.3 kf_vx=0.00 pending=3277 confirmed=True holding=False
[INFO] [1788861358.801406553] [tracking_pick_node]: class=pet_labeled conf=0.97 anchor=(275.0,624.1) kf_x=267.3 kf_vx=0.00 pending=3278 confirmed=True holding=False
[INFO] [1788861358.934099806] [tracking_pick_node]: class=pet_labeled conf=0.97 anchor=(274.9,624.0) kf_x=267.3 kf_vx=0.00 pending=3279 confirmed=True holding=False
[INFO] [1788861359.069828067] [tracking_pick_node]: class=pet_labeled conf=0.97 anchor=(275.0,624.0) kf_x=267.3 kf_vx=0.00 pending=3280 confirmed=True holding=False
[INFO] [1788861359.200292281] [tracking_pick_node]: class=pet_labeled conf=0.97 anchor=(274.9,624.0) kf_x=267.3 kf_vx=0.00 pending=3281 confirmed=True holding=False
[INFO] [1788861359.332109753] [tracking_pick_node]: class=pet_labeled conf=0.97 anchor=(275.0,624.2) kf_x=267.3 kf_vx=0.00 pending=3282 confirmed=True holding=False
[INFO] [1788861359.466612093] [tracking_pick_node]: class=pet_labeled conf=0.97 anchor=(275.0,624.1) kf_x=267.3 kf_vx=0.00 pending=3283 confirmed=True holding=False
[INFO] [1788861359.602406652] [tracking_pick_node]: class=pet_labeled conf=0.97 anchor=(275.0,624.2) kf_x=267.3 kf_vx=0.00 pending=3284 confirmed=True holding=False
[INFO] [1788861359.734661292] [tracking_pick_node]: class=pet_labeled conf=0.97 anchor=(275.0,624.2) kf_x=267.3 kf_vx=0.00 pending=3285 confirmed=True holding=False
[INFO] [1788861359.864247421] [tracking_pick_node]: class=pet_labeled conf=0.97 anchor=(274.9,624.1) kf_x=267.3 kf_vx=0.00 pending=3286 confirmed=True holding=False
[INFO] [1788861360.005991171] [tracking_pick_node]: class=pet_labeled conf=0.97 anchor=(275.0,624.1) kf_x=267.3 kf_vx=0.00 pending=3287 confirmed=True holding=False
[INFO] [1788861360.133447593] [tracking_pick_node]: class=pet_labeled conf=0.97 anchor=(275.0,624.0) kf_x=267.3 kf_vx=0.00 pending=3288 confirmed=True holding=False
[INFO] [1788861360.266573374] [tracking_pick_node]: class=pet_labeled conf=0.97 anchor=(275.0,624.1) kf_x=267.3 kf_vx=0.00 pending=3289 confirmed=True holding=False
[INFO] [1788861360.401129500] [tracking_pick_node]: class=pet_labeled conf=0.97 anchor=(274.9,624.1) kf_x=267.3 kf_vx=0.00 pending=3290 confirmed=True holding=False
[INFO] [1788861360.532101758] [tracking_pick_node]: class=pet_labeled conf=0.97 anchor=(274.9,624.1) kf_x=267.3 kf_vx=0.00 pending=3291 confirmed=True holding=False
[INFO] [1788861360.664774288] [tracking_pick_node]: class=pet_labeled conf=0.97 anchor=(275.0,624.1) kf_x=267.3 kf_vx=0.00 pending=3292 confirmed=True holding=False
[INFO] [1788861360.799902868] [tracking_pick_node]: class=pet_labeled conf=0.97 anchor=(275.0,624.0) kf_x=267.3 kf_vx=0.00 pending=3293 confirmed=True holding=False
[INFO] [1788861360.932230164] [tracking_pick_node]: class=pet_labeled conf=0.97 anchor=(274.9,624.1) kf_x=267.3 kf_vx=0.00 pending=3294 confirmed=True holding=False
[INFO] [1788861361.067635108] [tracking_pick_node]: class=pet_labeled conf=0.97 anchor=(275.0,624.1) kf_x=267.3 kf_vx=0.00 pending=3295 confirmed=True holding=False
[INFO] [1788861361.209512065] [tracking_pick_node]: class=pet_labeled conf=0.97 anchor=(274.9,624.1) kf_x=267.3 kf_vx=0.00 pending=3296 confirmed=True holding=False
[INFO] [1788861361.335286641] [tracking_pick_node]: class=pet_labeled conf=0.97 anchor=(275.0,624.0) kf_x=267.3 kf_vx=0.00 pending=3297 confirmed=True holding=False
[INFO] [1788861361.463582623] [tracking_pick_node]: class=pet_labeled conf=0.97 anchor=(274.8,624.1) kf_x=267.3 kf_vx=-0.00 pending=3298 confirmed=True holding=False
[INFO] [1788861361.601653602] [tracking_pick_node]: class=pet_labeled conf=0.97 anchor=(274.9,624.1) kf_x=267.2 kf_vx=-0.00 pending=3299 confirmed=True holding=False
[INFO] [1788861361.733534166] [tracking_pick_node]: class=pet_labeled conf=0.97 anchor=(274.9,624.0) kf_x=267.2 kf_vx=-0.00 pending=3300 confirmed=True holding=False
[INFO] [1788861361.863372731] [tracking_pick_node]: class=pet_labeled conf=0.97 anchor=(275.0,624.1) kf_x=267.2 kf_vx=-0.00 pending=3301 confirmed=True holding=False
[INFO] [1788861362.000095647] [tracking_pick_node]: class=pet_labeled conf=0.97 anchor=(275.0,624.1) kf_x=267.2 kf_vx=-0.00 pending=3302 confirmed=True holding=False
[INFO] [1788861362.133868554] [tracking_pick_node]: class=pet_labeled conf=0.97 anchor=(275.0,624.0) kf_x=267.2 kf_vx=-0.00 pending=3303 confirmed=True holding=False
[INFO] [1788861362.263344968] [tracking_pick_node]: class=pet_labeled conf=0.97 anchor=(275.0,624.1) kf_x=267.3 kf_vx=-0.00 pending=3304 confirmed=True holding=False
[INFO] [1788861362.400116710] [tracking_pick_node]: class=pet_labeled conf=0.97 anchor=(275.1,624.2) kf_x=267.3 kf_vx=0.00 pending=3305 confirmed=True holding=False
[INFO] [1788861362.531645438] [tracking_pick_node]: class=pet_labeled conf=0.96 anchor=(274.9,624.1) kf_x=267.3 kf_vx=0.00 pending=3306 confirmed=True holding=False
[INFO] [1788861362.663572810] [tracking_pick_node]: class=pet_labeled conf=0.97 anchor=(275.0,624.0) kf_x=267.3 kf_vx=0.00 pending=3307 confirmed=True holding=False
[INFO] [1788861362.799633040] [tracking_pick_node]: class=pet_labeled conf=0.97 anchor=(274.9,624.1) kf_x=267.3 kf_vx=0.00 pending=3308 confirmed=True holding=False
[INFO] [1788861362.934321119] [tracking_pick_node]: class=pet_labeled conf=0.97 anchor=(275.0,624.0) kf_x=267.3 kf_vx=0.00 pending=3309 confirmed=True holding=False
[INFO] [1788861363.069081798] [tracking_pick_node]: class=pet_labeled conf=0.97 anchor=(275.0,624.0) kf_x=267.3 kf_vx=-0.00 pending=3310 confirmed=True holding=False
[INFO] [1788861363.199496716] [tracking_pick_node]: class=pet_labeled conf=0.97 anchor=(275.0,624.1) kf_x=267.3 kf_vx=-0.00 pending=3311 confirmed=True holding=False
[INFO] [1788861363.332989234] [tracking_pick_node]: class=pet_labeled conf=0.97 anchor=(274.9,624.0) kf_x=267.3 kf_vx=-0.00 pending=3312 confirmed=True holding=False
[INFO] [1788861363.471386054] [tracking_pick_node]: class=pet_labeled conf=0.97 anchor=(274.9,624.2) kf_x=267.3 kf_vx=-0.00 pending=3313 confirmed=True holding=False
[INFO] [1788861363.606611407] [tracking_pick_node]: class=pet_labeled conf=0.97 anchor=(275.0,624.0) kf_x=267.3 kf_vx=0.00 pending=3314 confirmed=True holding=False
[INFO] [1788861363.731055072] [tracking_pick_node]: class=pet_labeled conf=0.97 anchor=(275.0,624.2) kf_x=267.3 kf_vx=0.00 pending=3315 confirmed=True holding=False
[INFO] [1788861363.870624204] [tracking_pick_node]: class=pet_labeled conf=0.97 anchor=(275.0,624.1) kf_x=267.3 kf_vx=0.00 pending=3316 confirmed=True holding=False
[INFO] [1788861364.005356893] [tracking_pick_node]: class=pet_labeled conf=0.97 anchor=(274.9,624.1) kf_x=267.3 kf_vx=-0.00 pending=3317 confirmed=True holding=False
[INFO] [1788861364.133709814] [tracking_pick_node]: class=pet_labeled conf=0.97 anchor=(274.9,624.1) kf_x=267.2 kf_vx=-0.00 pending=3318 confirmed=True holding=False
[INFO] [1788861364.264197093] [tracking_pick_node]: class=pet_labeled conf=0.97 anchor=(274.9,624.2) kf_x=267.2 kf_vx=-0.00 pending=3319 confirmed=True holding=False
[INFO] [1788861364.411771376] [tracking_pick_node]: class=pet_labeled conf=0.97 anchor=(275.1,624.0) kf_x=267.3 kf_vx=0.00 pending=3320 confirmed=True holding=False
[INFO] [1788861364.532054046] [tracking_pick_node]: class=pet_labeled conf=0.97 anchor=(275.0,624.1) kf_x=267.3 kf_vx=0.00 pending=3321 confirmed=True holding=False
[INFO] [1788861364.670473901] [tracking_pick_node]: class=pet_labeled conf=0.97 anchor=(274.9,624.1) kf_x=267.3 kf_vx=0.00 pending=3322 confirmed=True holding=False
[INFO] [1788861364.801920776] [tracking_pick_node]: class=pet_labeled conf=0.97 anchor=(275.0,624.1) kf_x=267.3 kf_vx=0.00 pending=3323 confirmed=True holding=False
[INFO] [1788861364.932377160] [tracking_pick_node]: class=pet_labeled conf=0.97 anchor=(275.0,624.1) kf_x=267.3 kf_vx=0.00 pending=3324 confirmed=True holding=False
[INFO] [1788861365.066148810] [tracking_pick_node]: class=pet_labeled conf=0.97 anchor=(274.9,624.2) kf_x=267.3 kf_vx=0.00 pending=3325 confirmed=True holding=False
[INFO] [1788861365.202860768] [tracking_pick_node]: class=pet_labeled conf=0.97 anchor=(275.0,624.0) kf_x=267.3 kf_vx=0.00 pending=3326 confirmed=True holding=False
[INFO] [1788861365.331897017] [tracking_pick_node]: class=pet_labeled conf=0.97 anchor=(275.0,624.1) kf_x=267.3 kf_vx=0.00 pending=3327 confirmed=True holding=False
[INFO] [1788861365.464806403] [tracking_pick_node]: class=pet_labeled conf=0.97 anchor=(274.9,624.1) kf_x=267.3 kf_vx=0.00 pending=3328 confirmed=True holding=False
[INFO] [1788861365.600724106] [tracking_pick_node]: class=pet_labeled conf=0.97 anchor=(274.9,624.1) kf_x=267.3 kf_vx=-0.00 pending=3329 confirmed=True holding=False
[INFO] [1788861365.738113289] [tracking_pick_node]: class=pet_labeled conf=0.97 anchor=(275.0,624.0) kf_x=267.3 kf_vx=-0.00 pending=3330 confirmed=True holding=False
[INFO] [1788861365.864658545] [tracking_pick_node]: class=pet_labeled conf=0.97 anchor=(275.0,624.1) kf_x=267.3 kf_vx=0.00 pending=3331 confirmed=True holding=False
[INFO] [1788861365.999877858] [tracking_pick_node]: class=pet_labeled conf=0.97 anchor=(275.0,624.0) kf_x=267.3 kf_vx=0.00 pending=3332 confirmed=True holding=False
[INFO] [1788861366.133704830] [tracking_pick_node]: class=pet_labeled conf=0.97 anchor=(274.9,624.2) kf_x=267.3 kf_vx=0.00 pending=3333 confirmed=True holding=False
[INFO] [1788861366.264579256] [tracking_pick_node]: class=pet_labeled conf=0.97 anchor=(275.0,624.1) kf_x=267.3 kf_vx=0.00 pending=3334 confirmed=True holding=False
[INFO] [1788861366.400128346] [tracking_pick_node]: class=pet_labeled conf=0.97 anchor=(275.1,624.2) kf_x=267.3 kf_vx=0.00 pending=3335 confirmed=True holding=False
[INFO] [1788861366.534651237] [tracking_pick_node]: class=pet_labeled conf=0.97 anchor=(275.0,624.2) kf_x=267.3 kf_vx=0.00 pending=3336 confirmed=True holding=False
[INFO] [1788861366.666108195] [tracking_pick_node]: class=pet_labeled conf=0.97 anchor=(275.0,624.1) kf_x=267.3 kf_vx=0.00 pending=3337 confirmed=True holding=False
[INFO] [1788861366.801184899] [tracking_pick_node]: class=pet_labeled conf=0.97 anchor=(275.0,624.1) kf_x=267.3 kf_vx=0.00 pending=3338 confirmed=True holding=False
[INFO] [1788861366.933095046] [tracking_pick_node]: class=pet_labeled conf=0.97 anchor=(274.9,624.1) kf_x=267.3 kf_vx=0.00 pending=3339 confirmed=True holding=False
[INFO] [1788861367.064630827] [tracking_pick_node]: class=pet_labeled conf=0.97 anchor=(275.0,624.1) kf_x=267.3 kf_vx=0.00 pending=3340 confirmed=True holding=False
[INFO] [1788861367.200195371] [tracking_pick_node]: class=pet_labeled conf=0.97 anchor=(274.9,624.2) kf_x=267.3 kf_vx=0.00 pending=3341 confirmed=True holding=False
[INFO] [1788861367.334324004] [tracking_pick_node]: class=pet_labeled conf=0.97 anchor=(275.1,624.2) kf_x=267.3 kf_vx=0.00 pending=3342 confirmed=True holding=False
[INFO] [1788861367.465254995] [tracking_pick_node]: class=pet_labeled conf=0.97 anchor=(275.0,624.2) kf_x=267.3 kf_vx=0.00 pending=3343 confirmed=True holding=False
[INFO] [1788861367.601091143] [tracking_pick_node]: class=pet_labeled conf=0.97 anchor=(275.0,624.0) kf_x=267.3 kf_vx=0.00 pending=3344 confirmed=True holding=False
[INFO] [1788861367.732225633] [tracking_pick_node]: class=pet_labeled conf=0.97 anchor=(275.0,624.1) kf_x=267.3 kf_vx=0.00 pending=3345 confirmed=True holding=False
[INFO] [1788861367.864629729] [tracking_pick_node]: class=pet_labeled conf=0.97 anchor=(275.0,624.1) kf_x=267.3 kf_vx=0.00 pending=3346 confirmed=True holding=False
[INFO] [1788861368.000947011] [tracking_pick_node]: class=pet_labeled conf=0.97 anchor=(275.0,624.2) kf_x=267.3 kf_vx=0.00 pending=3347 confirmed=True holding=False
[INFO] [1788861368.137734054] [tracking_pick_node]: class=pet_labeled conf=0.97 anchor=(274.9,624.1) kf_x=267.3 kf_vx=0.00 pending=3348 confirmed=True holding=False
[INFO] [1788861368.263759874] [tracking_pick_node]: class=pet_labeled conf=0.97 anchor=(274.9,624.0) kf_x=267.3 kf_vx=0.00 pending=3349 confirmed=True holding=False
[INFO] [1788861368.400537411] [tracking_pick_node]: class=pet_labeled conf=0.97 anchor=(275.0,624.0) kf_x=267.3 kf_vx=0.00 pending=3350 confirmed=True holding=False
[INFO] [1788861368.533118276] [tracking_pick_node]: class=pet_labeled conf=0.97 anchor=(275.0,624.0) kf_x=267.3 kf_vx=0.00 pending=3351 confirmed=True holding=False
[INFO] [1788861368.665072891] [tracking_pick_node]: class=pet_labeled conf=0.97 anchor=(274.9,624.0) kf_x=267.3 kf_vx=0.00 pending=3352 confirmed=True holding=False
[INFO] [1788861368.800292038] [tracking_pick_node]: class=pet_labeled conf=0.97 anchor=(275.0,624.1) kf_x=267.3 kf_vx=0.00 pending=3353 confirmed=True holding=False
[INFO] [1788861368.933611630] [tracking_pick_node]: class=pet_labeled conf=0.97 anchor=(274.8,624.1) kf_x=267.3 kf_vx=-0.00 pending=3354 confirmed=True holding=False
[INFO] [1788861369.064883470] [tracking_pick_node]: class=pet_labeled conf=0.97 anchor=(274.9,624.1) kf_x=267.3 kf_vx=-0.00 pending=3355 confirmed=True holding=False
[INFO] [1788861369.199430325] [tracking_pick_node]: class=pet_labeled conf=0.97 anchor=(275.0,624.1) kf_x=267.3 kf_vx=-0.00 pending=3356 confirmed=True holding=False
[INFO] [1788861369.334168003] [tracking_pick_node]: class=pet_labeled conf=0.97 anchor=(275.0,624.2) kf_x=267.3 kf_vx=-0.00 pending=3357 confirmed=True holding=False
[INFO] [1788861369.467076922] [tracking_pick_node]: class=pet_labeled conf=0.97 anchor=(275.0,624.1) kf_x=267.3 kf_vx=-0.00 pending=3358 confirmed=True holding=False
[INFO] [1788861369.600079430] [tracking_pick_node]: class=pet_labeled conf=0.97 anchor=(275.1,624.1) kf_x=267.3 kf_vx=0.00 pending=3359 confirmed=True holding=False
[INFO] [1788861369.733325587] [tracking_pick_node]: class=pet_labeled conf=0.97 anchor=(274.9,624.0) kf_x=267.3 kf_vx=-0.00 pending=3360 confirmed=True holding=False
[INFO] [1788861369.863842574] [tracking_pick_node]: class=pet_labeled conf=0.97 anchor=(275.0,624.2) kf_x=267.3 kf_vx=-0.00 pending=3361 confirmed=True holding=False
[INFO] [1788861370.000081097] [tracking_pick_node]: class=pet_labeled conf=0.97 anchor=(275.0,624.0) kf_x=267.3 kf_vx=-0.00 pending=3362 confirmed=True holding=False
[INFO] [1788861370.133549838] [tracking_pick_node]: class=pet_labeled conf=0.97 anchor=(275.0,624.1) kf_x=267.3 kf_vx=-0.00 pending=3363 confirmed=True holding=False
[INFO] [1788861370.264013369] [tracking_pick_node]: class=pet_labeled conf=0.97 anchor=(275.0,624.1) kf_x=267.3 kf_vx=-0.00 pending=3364 confirmed=True holding=False
[INFO] [1788861370.401627120] [tracking_pick_node]: class=pet_labeled conf=0.97 anchor=(274.9,624.0) kf_x=267.3 kf_vx=-0.00 pending=3365 confirmed=True holding=False
[INFO] [1788861370.533534547] [tracking_pick_node]: class=pet_labeled conf=0.97 anchor=(275.0,624.1) kf_x=267.3 kf_vx=-0.00 pending=3366 confirmed=True holding=False
[INFO] [1788861370.663567685] [tracking_pick_node]: class=pet_labeled conf=0.97 anchor=(275.0,624.1) kf_x=267.3 kf_vx=-0.00 pending=3367 confirmed=True holding=False
[INFO] [1788861370.799557350] [tracking_pick_node]: class=pet_labeled conf=0.97 anchor=(275.0,624.1) kf_x=267.3 kf_vx=-0.00 pending=3368 confirmed=True holding=False
[INFO] [1788861370.932304835] [tracking_pick_node]: class=pet_labeled conf=0.97 anchor=(275.0,624.2) kf_x=267.3 kf_vx=-0.00 pending=3369 confirmed=True holding=False
[INFO] [1788861371.067848602] [tracking_pick_node]: class=pet_labeled conf=0.97 anchor=(275.0,624.1) kf_x=267.3 kf_vx=-0.00 pending=3370 confirmed=True holding=False
[INFO] [1788861371.201949663] [tracking_pick_node]: class=pet_labeled conf=0.97 anchor=(275.0,624.1) kf_x=267.3 kf_vx=0.00 pending=3371 confirmed=True holding=False
[INFO] [1788861371.334814998] [tracking_pick_node]: class=pet_labeled conf=0.97 anchor=(275.0,624.1) kf_x=267.3 kf_vx=-0.00 pending=3372 confirmed=True holding=False
[INFO] [1788861371.465668726] [tracking_pick_node]: class=pet_labeled conf=0.97 anchor=(274.8,624.1) kf_x=267.3 kf_vx=-0.00 pending=3373 confirmed=True holding=False
[INFO] [1788861371.600059019] [tracking_pick_node]: class=pet_labeled conf=0.97 anchor=(275.0,624.1) kf_x=267.3 kf_vx=-0.00 pending=3374 confirmed=True holding=False
[INFO] [1788861371.732087366] [tracking_pick_node]: class=pet_labeled conf=0.97 anchor=(275.0,624.1) kf_x=267.3 kf_vx=-0.00 pending=3375 confirmed=True holding=False
[INFO] [1788861371.864287087] [tracking_pick_node]: class=pet_labeled conf=0.97 anchor=(274.9,624.1) kf_x=267.3 kf_vx=-0.00 pending=3376 confirmed=True holding=False
[INFO] [1788861371.997860047] [tracking_pick_node]: class=pet_labeled conf=0.97 anchor=(275.0,624.1) kf_x=267.3 kf_vx=-0.00 pending=3377 confirmed=True holding=False
[INFO] [1788861372.133489551] [tracking_pick_node]: class=pet_labeled conf=0.97 anchor=(275.0,624.1) kf_x=267.3 kf_vx=-0.00 pending=3378 confirmed=True holding=False
[INFO] [1788861372.264301694] [tracking_pick_node]: class=pet_labeled conf=0.97 anchor=(275.0,624.1) kf_x=267.3 kf_vx=-0.00 pending=3379 confirmed=True holding=False
[INFO] [1788861372.399663933] [tracking_pick_node]: class=pet_labeled conf=0.97 anchor=(275.0,624.1) kf_x=267.3 kf_vx=0.00 pending=3380 confirmed=True holding=False
[INFO] [1788861372.541343216] [tracking_pick_node]: class=pet_labeled conf=0.97 anchor=(274.9,624.1) kf_x=267.3 kf_vx=-0.00 pending=3381 confirmed=True holding=False
[INFO] [1788861372.663901804] [tracking_pick_node]: class=pet_labeled conf=0.97 anchor=(274.9,624.1) kf_x=267.3 kf_vx=-0.00 pending=3382 confirmed=True holding=False
[INFO] [1788861372.796316776] [tracking_pick_node]: class=pet_labeled conf=0.97 anchor=(275.0,624.1) kf_x=267.3 kf_vx=-0.00 pending=3383 confirmed=True holding=False
[INFO] [1788861372.932184984] [tracking_pick_node]: class=pet_labeled conf=0.97 anchor=(275.0,624.1) kf_x=267.3 kf_vx=-0.00 pending=3384 confirmed=True holding=False
[INFO] [1788861373.063718048] [tracking_pick_node]: class=pet_labeled conf=0.97 anchor=(274.9,624.0) kf_x=267.3 kf_vx=-0.00 pending=3385 confirmed=True holding=False
[INFO] [1788861373.197690821] [tracking_pick_node]: class=pet_labeled conf=0.97 anchor=(275.0,624.1) kf_x=267.3 kf_vx=-0.00 pending=3386 confirmed=True holding=False
[INFO] [1788861373.331121819] [tracking_pick_node]: class=pet_labeled conf=0.97 anchor=(275.0,624.0) kf_x=267.3 kf_vx=-0.00 pending=3387 confirmed=True holding=False
[INFO] [1788861373.465717546] [tracking_pick_node]: class=pet_labeled conf=0.97 anchor=(274.9,624.1) kf_x=267.3 kf_vx=-0.00 pending=3388 confirmed=True holding=False
[INFO] [1788861373.595728770] [tracking_pick_node]: class=pet_labeled conf=0.97 anchor=(275.0,624.1) kf_x=267.3 kf_vx=-0.00 pending=3389 confirmed=True holding=False
[INFO] [1788861373.732279108] [tracking_pick_node]: class=pet_labeled conf=0.97 anchor=(275.0,624.0) kf_x=267.3 kf_vx=-0.00 pending=3390 confirmed=True holding=False
[INFO] [1788861373.863625257] [tracking_pick_node]: class=pet_labeled conf=0.97 anchor=(274.9,624.0) kf_x=267.3 kf_vx=-0.00 pending=3391 confirmed=True holding=False
[INFO] [1788861373.998262342] [tracking_pick_node]: class=pet_labeled conf=0.97 anchor=(275.0,624.1) kf_x=267.3 kf_vx=-0.00 pending=3392 confirmed=True holding=False
[INFO] [1788861374.132482785] [tracking_pick_node]: class=pet_labeled conf=0.97 anchor=(275.0,624.0) kf_x=267.3 kf_vx=-0.00 pending=3393 confirmed=True holding=False
[INFO] [1788861374.265035007] [tracking_pick_node]: class=pet_labeled conf=0.97 anchor=(275.0,624.1) kf_x=267.3 kf_vx=-0.00 pending=3394 confirmed=True holding=False
[INFO] [1788861374.396378367] [tracking_pick_node]: class=pet_labeled conf=0.97 anchor=(275.0,624.1) kf_x=267.3 kf_vx=-0.00 pending=3395 confirmed=True holding=False
[INFO] [1788861374.531985652] [tracking_pick_node]: class=pet_labeled conf=0.97 anchor=(275.0,624.1) kf_x=267.3 kf_vx=0.00 pending=3396 confirmed=True holding=False
[INFO] [1788861374.663440020] [tracking_pick_node]: class=pet_labeled conf=0.97 anchor=(275.1,624.0) kf_x=267.3 kf_vx=0.00 pending=3397 confirmed=True holding=False
[INFO] [1788861374.797850011] [tracking_pick_node]: class=pet_labeled conf=0.97 anchor=(274.8,624.1) kf_x=267.3 kf_vx=-0.00 pending=3398 confirmed=True holding=False
[INFO] [1788861374.933647407] [tracking_pick_node]: class=pet_labeled conf=0.97 anchor=(274.9,624.0) kf_x=267.3 kf_vx=-0.00 pending=3399 confirmed=True holding=False
[INFO] [1788861375.065438947] [tracking_pick_node]: class=pet_labeled conf=0.97 anchor=(275.0,624.2) kf_x=267.3 kf_vx=-0.00 pending=3400 confirmed=True holding=False
[INFO] [1788861375.196888957] [tracking_pick_node]: class=pet_labeled conf=0.97 anchor=(275.0,624.1) kf_x=267.3 kf_vx=0.00 pending=3401 confirmed=True holding=False
[INFO] [1788861375.332646396] [tracking_pick_node]: class=pet_labeled conf=0.97 anchor=(274.8,624.1) kf_x=267.3 kf_vx=-0.00 pending=3402 confirmed=True holding=False
[INFO] [1788861375.464568836] [tracking_pick_node]: class=pet_labeled conf=0.97 anchor=(275.1,624.1) kf_x=267.3 kf_vx=-0.00 pending=3403 confirmed=True holding=False
[INFO] [1788861375.596840783] [tracking_pick_node]: class=pet_labeled conf=0.97 anchor=(274.9,624.1) kf_x=267.3 kf_vx=-0.00 pending=3404 confirmed=True holding=False
[INFO] [1788861375.732245213] [tracking_pick_node]: class=pet_labeled conf=0.97 anchor=(275.1,624.1) kf_x=267.3 kf_vx=0.00 pending=3405 confirmed=True holding=False
[INFO] [1788861375.863501565] [tracking_pick_node]: class=pet_labeled conf=0.97 anchor=(274.9,624.1) kf_x=267.3 kf_vx=-0.00 pending=3406 confirmed=True holding=False
[INFO] [1788861375.998565711] [tracking_pick_node]: class=pet_labeled conf=0.97 anchor=(274.9,624.1) kf_x=267.2 kf_vx=-0.00 pending=3407 confirmed=True holding=False
[INFO] [1788861376.132823773] [tracking_pick_node]: class=pet_labeled conf=0.97 anchor=(274.9,624.1) kf_x=267.2 kf_vx=-0.00 pending=3408 confirmed=True holding=False
[INFO] [1788861376.263860442] [tracking_pick_node]: class=pet_labeled conf=0.97 anchor=(275.0,624.1) kf_x=267.2 kf_vx=-0.00 pending=3409 confirmed=True holding=False
[INFO] [1788861376.396983910] [tracking_pick_node]: class=pet_labeled conf=0.97 anchor=(274.9,624.1) kf_x=267.2 kf_vx=-0.00 pending=3410 confirmed=True holding=False
[INFO] [1788861376.532099081] [tracking_pick_node]: class=pet_labeled conf=0.97 anchor=(275.0,624.0) kf_x=267.2 kf_vx=-0.00 pending=3411 confirmed=True holding=False
[INFO] [1788861376.665948771] [tracking_pick_node]: class=pet_labeled conf=0.97 anchor=(275.1,624.1) kf_x=267.2 kf_vx=-0.00 pending=3412 confirmed=True holding=False
[INFO] [1788861376.797047365] [tracking_pick_node]: class=pet_labeled conf=0.97 anchor=(275.0,624.1) kf_x=267.3 kf_vx=-0.00 pending=3413 confirmed=True holding=False
[INFO] [1788861376.932224940] [tracking_pick_node]: class=pet_labeled conf=0.97 anchor=(275.0,624.1) kf_x=267.3 kf_vx=-0.00 pending=3414 confirmed=True holding=False
[INFO] [1788861377.064537149] [tracking_pick_node]: class=pet_labeled conf=0.97 anchor=(275.0,624.1) kf_x=267.3 kf_vx=0.00 pending=3415 confirmed=True holding=False
[INFO] [1788861377.197613112] [tracking_pick_node]: class=pet_labeled conf=0.97 anchor=(275.0,623.9) kf_x=267.3 kf_vx=0.00 pending=3416 confirmed=True holding=False
[INFO] [1788861377.332188329] [tracking_pick_node]: class=pet_labeled conf=0.97 anchor=(275.0,624.1) kf_x=267.3 kf_vx=0.00 pending=3417 confirmed=True holding=False
[INFO] [1788861377.465664591] [tracking_pick_node]: class=pet_labeled conf=0.97 anchor=(274.9,624.0) kf_x=267.3 kf_vx=-0.00 pending=3418 confirmed=True holding=False
[INFO] [1788861377.599413063] [tracking_pick_node]: class=pet_labeled conf=0.97 anchor=(275.0,624.0) kf_x=267.3 kf_vx=0.00 pending=3419 confirmed=True holding=False
[INFO] [1788861377.735123199] [tracking_pick_node]: class=pet_labeled conf=0.97 anchor=(275.0,624.1) kf_x=267.3 kf_vx=0.00 pending=3420 confirmed=True holding=False
[INFO] [1788861377.864480244] [tracking_pick_node]: class=pet_labeled conf=0.96 anchor=(274.9,624.1) kf_x=267.3 kf_vx=-0.00 pending=3421 confirmed=True holding=False
[INFO] [1788861377.996663826] [tracking_pick_node]: class=pet_labeled conf=0.97 anchor=(275.0,624.0) kf_x=267.2 kf_vx=-0.00 pending=3422 confirmed=True holding=False
[INFO] [1788861378.131646562] [tracking_pick_node]: class=pet_labeled conf=0.97 anchor=(274.9,624.2) kf_x=267.2 kf_vx=-0.00 pending=3423 confirmed=True holding=False
[INFO] [1788861378.273152693] [tracking_pick_node]: class=pet_labeled conf=0.97 anchor=(275.0,624.1) kf_x=267.3 kf_vx=-0.00 pending=3424 confirmed=True holding=False
[INFO] [1788861378.396256280] [tracking_pick_node]: class=pet_labeled conf=0.97 anchor=(274.9,624.1) kf_x=267.2 kf_vx=-0.00 pending=3425 confirmed=True holding=False
[INFO] [1788861378.532431467] [tracking_pick_node]: class=pet_labeled conf=0.97 anchor=(275.0,624.0) kf_x=267.2 kf_vx=-0.00 pending=3426 confirmed=True holding=False
[INFO] [1788861378.663850688] [tracking_pick_node]: class=pet_labeled conf=0.97 anchor=(275.0,624.1) kf_x=267.2 kf_vx=-0.00 pending=3427 confirmed=True holding=False
[INFO] [1788861378.797855466] [tracking_pick_node]: class=pet_labeled conf=0.97 anchor=(275.1,624.0) kf_x=267.3 kf_vx=0.00 pending=3428 confirmed=True holding=False
[INFO] [1788861378.942927082] [tracking_pick_node]: class=pet_labeled conf=0.97 anchor=(274.9,624.1) kf_x=267.3 kf_vx=-0.00 pending=3429 confirmed=True holding=False
[INFO] [1788861379.065737585] [tracking_pick_node]: class=pet_labeled conf=0.97 anchor=(274.9,624.0) kf_x=267.2 kf_vx=-0.00 pending=3430 confirmed=True holding=False
[INFO] [1788861379.196188324] [tracking_pick_node]: class=pet_labeled conf=0.97 anchor=(275.0,624.1) kf_x=267.2 kf_vx=-0.00 pending=3431 confirmed=True holding=False
[INFO] [1788861379.332819797] [tracking_pick_node]: class=pet_labeled conf=0.97 anchor=(275.0,624.1) kf_x=267.3 kf_vx=-0.00 pending=3432 confirmed=True holding=False
[INFO] [1788861379.463901283] [tracking_pick_node]: class=pet_labeled conf=0.97 anchor=(274.9,624.0) kf_x=267.2 kf_vx=-0.00 pending=3433 confirmed=True holding=False
[INFO] [1788861379.596249476] [tracking_pick_node]: class=pet_labeled conf=0.97 anchor=(275.0,624.2) kf_x=267.2 kf_vx=-0.00 pending=3434 confirmed=True holding=False
[INFO] [1788861379.733327950] [tracking_pick_node]: class=pet_labeled conf=0.96 anchor=(275.0,624.1) kf_x=267.2 kf_vx=-0.00 pending=3435 confirmed=True holding=False
[INFO] [1788861379.864060769] [tracking_pick_node]: class=pet_labeled conf=0.97 anchor=(275.0,624.1) kf_x=267.2 kf_vx=-0.00 pending=3436 confirmed=True holding=False
[INFO] [1788861379.997402611] [tracking_pick_node]: class=pet_labeled conf=0.97 anchor=(274.9,624.1) kf_x=267.2 kf_vx=-0.00 pending=3437 confirmed=True holding=False
[INFO] [1788861380.136932267] [tracking_pick_node]: class=pet_labeled conf=0.97 anchor=(275.0,624.1) kf_x=267.3 kf_vx=-0.00 pending=3438 confirmed=True holding=False
[INFO] [1788861380.266631477] [tracking_pick_node]: class=pet_labeled conf=0.97 anchor=(275.0,624.1) kf_x=267.3 kf_vx=0.00 pending=3439 confirmed=True holding=False
[INFO] [1788861380.396082990] [tracking_pick_node]: class=pet_labeled conf=0.97 anchor=(274.9,624.1) kf_x=267.3 kf_vx=-0.00 pending=3440 confirmed=True holding=False
[INFO] [1788861380.533374555] [tracking_pick_node]: class=pet_labeled conf=0.97 anchor=(274.9,624.2) kf_x=267.2 kf_vx=-0.00 pending=3441 confirmed=True holding=False
[INFO] [1788861380.667142908] [tracking_pick_node]: class=pet_labeled conf=0.97 anchor=(274.9,624.1) kf_x=267.2 kf_vx=-0.00 pending=3442 confirmed=True holding=False
[INFO] [1788861380.798232227] [tracking_pick_node]: class=pet_labeled conf=0.97 anchor=(274.9,624.1) kf_x=267.2 kf_vx=-0.00 pending=3443 confirmed=True holding=False
[INFO] [1788861380.933235003] [tracking_pick_node]: class=pet_labeled conf=0.97 anchor=(275.0,624.2) kf_x=267.3 kf_vx=-0.00 pending=3444 confirmed=True holding=False
[INFO] [1788861381.064065294] [tracking_pick_node]: class=pet_labeled conf=0.97 anchor=(275.0,624.1) kf_x=267.3 kf_vx=0.00 pending=3445 confirmed=True holding=False
[INFO] [1788861381.196070077] [tracking_pick_node]: class=pet_labeled conf=0.97 anchor=(274.9,624.1) kf_x=267.3 kf_vx=0.00 pending=3446 confirmed=True holding=False
[INFO] [1788861381.334691523] [tracking_pick_node]: class=pet_labeled conf=0.97 anchor=(274.9,624.0) kf_x=267.2 kf_vx=-0.00 pending=3447 confirmed=True holding=False
[INFO] [1788861381.468969181] [tracking_pick_node]: class=pet_labeled conf=0.97 anchor=(274.9,624.0) kf_x=267.2 kf_vx=-0.00 pending=3448 confirmed=True holding=False
[INFO] [1788861381.599610412] [tracking_pick_node]: class=pet_labeled conf=0.97 anchor=(274.9,624.1) kf_x=267.2 kf_vx=-0.00 pending=3449 confirmed=True holding=False
[INFO] [1788861381.733767751] [tracking_pick_node]: class=pet_labeled conf=0.97 anchor=(274.9,624.1) kf_x=267.2 kf_vx=-0.00 pending=3450 confirmed=True holding=False
[INFO] [1788861381.865437169] [tracking_pick_node]: class=pet_labeled conf=0.97 anchor=(274.9,624.0) kf_x=267.2 kf_vx=-0.00 pending=3451 confirmed=True holding=False
[INFO] [1788861381.996372933] [tracking_pick_node]: class=pet_labeled conf=0.97 anchor=(274.9,624.1) kf_x=267.2 kf_vx=-0.00 pending=3452 confirmed=True holding=False
[INFO] [1788861382.131745587] [tracking_pick_node]: class=pet_labeled conf=0.97 anchor=(274.9,624.0) kf_x=267.2 kf_vx=-0.00 pending=3453 confirmed=True holding=False
[INFO] [1788861382.266406152] [tracking_pick_node]: class=pet_labeled conf=0.97 anchor=(274.9,624.1) kf_x=267.2 kf_vx=-0.00 pending=3454 confirmed=True holding=False
[INFO] [1788861382.399910905] [tracking_pick_node]: class=pet_labeled conf=0.97 anchor=(275.0,624.1) kf_x=267.2 kf_vx=-0.00 pending=3455 confirmed=True holding=False
[INFO] [1788861382.531522390] [tracking_pick_node]: class=pet_labeled conf=0.97 anchor=(274.9,624.2) kf_x=267.2 kf_vx=-0.00 pending=3456 confirmed=True holding=False
[INFO] [1788861382.665367165] [tracking_pick_node]: class=pet_labeled conf=0.97 anchor=(274.9,624.1) kf_x=267.2 kf_vx=-0.00 pending=3457 confirmed=True holding=False
[INFO] [1788861382.797775068] [tracking_pick_node]: class=pet_labeled conf=0.97 anchor=(275.0,624.2) kf_x=267.2 kf_vx=-0.00 pending=3458 confirmed=True holding=False
[INFO] [1788861382.932681775] [tracking_pick_node]: class=pet_labeled conf=0.97 anchor=(275.0,624.1) kf_x=267.2 kf_vx=-0.00 pending=3459 confirmed=True holding=False
[INFO] [1788861383.064724548] [tracking_pick_node]: class=pet_labeled conf=0.97 anchor=(275.0,624.1) kf_x=267.2 kf_vx=-0.00 pending=3460 confirmed=True holding=False
[INFO] [1788861383.196041179] [tracking_pick_node]: class=pet_labeled conf=0.97 anchor=(275.0,624.1) kf_x=267.2 kf_vx=-0.00 pending=3461 confirmed=True holding=False
[INFO] [1788861383.333812367] [tracking_pick_node]: class=pet_labeled conf=0.97 anchor=(275.0,624.0) kf_x=267.2 kf_vx=0.00 pending=3462 confirmed=True holding=False
[INFO] [1788861383.465535501] [tracking_pick_node]: class=pet_labeled conf=0.97 anchor=(275.1,624.0) kf_x=267.3 kf_vx=0.00 pending=3463 confirmed=True holding=False
[INFO] [1788861383.598451590] [tracking_pick_node]: class=pet_labeled conf=0.97 anchor=(275.0,624.0) kf_x=267.3 kf_vx=0.00 pending=3464 confirmed=True holding=False
[INFO] [1788861383.732292592] [tracking_pick_node]: class=pet_labeled conf=0.97 anchor=(274.9,624.1) kf_x=267.3 kf_vx=0.00 pending=3465 confirmed=True holding=False
[INFO] [1788861383.864550903] [tracking_pick_node]: class=pet_labeled conf=0.97 anchor=(275.0,624.1) kf_x=267.3 kf_vx=0.00 pending=3466 confirmed=True holding=False
[INFO] [1788861383.995883815] [tracking_pick_node]: class=pet_labeled conf=0.97 anchor=(274.9,624.1) kf_x=267.3 kf_vx=0.00 pending=3467 confirmed=True holding=False
[INFO] [1788861384.132718801] [tracking_pick_node]: class=pet_labeled conf=0.97 anchor=(275.0,624.1) kf_x=267.3 kf_vx=0.00 pending=3468 confirmed=True holding=False
[INFO] [1788861384.264329545] [tracking_pick_node]: class=pet_labeled conf=0.97 anchor=(275.0,624.2) kf_x=267.3 kf_vx=0.00 pending=3469 confirmed=True holding=False
[INFO] [1788861384.396391485] [tracking_pick_node]: class=pet_labeled conf=0.97 anchor=(275.0,624.1) kf_x=267.3 kf_vx=0.00 pending=3470 confirmed=True holding=False
[INFO] [1788861384.533047357] [tracking_pick_node]: class=pet_labeled conf=0.97 anchor=(274.9,624.1) kf_x=267.3 kf_vx=0.00 pending=3471 confirmed=True holding=False
[INFO] [1788861384.671664684] [tracking_pick_node]: class=pet_labeled conf=0.97 anchor=(275.0,624.1) kf_x=267.3 kf_vx=0.00 pending=3472 confirmed=True holding=False
[INFO] [1788861384.796822863] [tracking_pick_node]: class=pet_labeled conf=0.97 anchor=(275.0,624.1) kf_x=267.3 kf_vx=0.00 pending=3473 confirmed=True holding=False
[INFO] [1788861384.932796779] [tracking_pick_node]: class=pet_labeled conf=0.97 anchor=(275.0,624.1) kf_x=267.3 kf_vx=0.00 pending=3474 confirmed=True holding=False
[INFO] [1788861385.064468888] [tracking_pick_node]: class=pet_labeled conf=0.97 anchor=(275.0,624.1) kf_x=267.3 kf_vx=0.00 pending=3475 confirmed=True holding=False
[INFO] [1788861385.196589149] [tracking_pick_node]: class=pet_labeled conf=0.97 anchor=(275.0,624.1) kf_x=267.3 kf_vx=0.00 pending=3476 confirmed=True holding=False
[INFO] [1788861385.328072690] [tracking_pick_node]: class=pet_labeled conf=0.97 anchor=(275.0,624.2) kf_x=267.3 kf_vx=0.00 pending=3477 confirmed=True holding=False
[INFO] [1788861385.463934265] [tracking_pick_node]: class=pet_labeled conf=0.97 anchor=(275.0,624.2) kf_x=267.3 kf_vx=0.00 pending=3478 confirmed=True holding=False
[INFO] [1788861385.600115435] [tracking_pick_node]: class=pet_labeled conf=0.97 anchor=(275.0,624.0) kf_x=267.3 kf_vx=0.00 pending=3479 confirmed=True holding=False
[INFO] [1788861385.729172683] [tracking_pick_node]: class=pet_labeled conf=0.97 anchor=(275.1,624.1) kf_x=267.3 kf_vx=0.01 pending=3480 confirmed=True holding=False
[INFO] [1788861385.864003770] [tracking_pick_node]: class=pet_labeled conf=0.97 anchor=(275.1,624.0) kf_x=267.3 kf_vx=0.01 pending=3481 confirmed=True holding=False
[INFO] [1788861385.996111934] [tracking_pick_node]: class=pet_labeled conf=0.97 anchor=(275.0,624.1) kf_x=267.3 kf_vx=0.01 pending=3482 confirmed=True holding=False
[INFO] [1788861386.136638463] [tracking_pick_node]: class=pet_labeled conf=0.97 anchor=(275.0,624.0) kf_x=267.3 kf_vx=0.01 pending=3483 confirmed=True holding=False
[INFO] [1788861386.264172389] [tracking_pick_node]: class=pet_labeled conf=0.97 anchor=(275.0,624.1) kf_x=267.3 kf_vx=0.01 pending=3484 confirmed=True holding=False
[INFO] [1788861386.397334313] [tracking_pick_node]: class=pet_labeled conf=0.97 anchor=(275.0,624.1) kf_x=267.3 kf_vx=0.01 pending=3485 confirmed=True holding=False
[INFO] [1788861386.527705274] [tracking_pick_node]: class=pet_labeled conf=0.97 anchor=(275.0,624.1) kf_x=267.3 kf_vx=0.01 pending=3486 confirmed=True holding=False
[INFO] [1788861386.670808790] [tracking_pick_node]: class=pet_labeled conf=0.97 anchor=(274.9,624.0) kf_x=267.3 kf_vx=0.00 pending=3487 confirmed=True holding=False
[INFO] [1788861386.797644211] [tracking_pick_node]: class=pet_labeled conf=0.97 anchor=(275.0,624.2) kf_x=267.3 kf_vx=0.01 pending=3488 confirmed=True holding=False
[INFO] [1788861386.928883737] [tracking_pick_node]: class=pet_labeled conf=0.97 anchor=(275.0,624.1) kf_x=267.3 kf_vx=0.01 pending=3489 confirmed=True holding=False
[INFO] [1788861387.064166424] [tracking_pick_node]: class=pet_labeled conf=0.97 anchor=(275.0,624.1) kf_x=267.3 kf_vx=0.01 pending=3490 confirmed=True holding=False
[INFO] [1788861387.196558386] [tracking_pick_node]: class=pet_labeled conf=0.97 anchor=(275.0,624.1) kf_x=267.3 kf_vx=0.01 pending=3491 confirmed=True holding=False
[INFO] [1788861387.329079814] [tracking_pick_node]: class=pet_labeled conf=0.97 anchor=(274.9,624.0) kf_x=267.3 kf_vx=0.00 pending=3492 confirmed=True holding=False
[INFO] [1788861387.464630993] [tracking_pick_node]: class=pet_labeled conf=0.97 anchor=(274.9,624.1) kf_x=267.3 kf_vx=0.00 pending=3493 confirmed=True holding=False
[INFO] [1788861387.598366637] [tracking_pick_node]: class=pet_labeled conf=0.97 anchor=(275.0,624.1) kf_x=267.3 kf_vx=0.00 pending=3494 confirmed=True holding=False
[INFO] [1788861387.728127776] [tracking_pick_node]: class=pet_labeled conf=0.97 anchor=(274.9,624.2) kf_x=267.3 kf_vx=0.00 pending=3495 confirmed=True holding=False
[INFO] [1788861387.871997613] [tracking_pick_node]: class=pet_labeled conf=0.97 anchor=(274.8,624.1) kf_x=267.3 kf_vx=-0.00 pending=3496 confirmed=True holding=False
[INFO] [1788861387.997035854] [tracking_pick_node]: class=pet_labeled conf=0.97 anchor=(275.1,624.1) kf_x=267.3 kf_vx=-0.00 pending=3497 confirmed=True holding=False
[INFO] [1788861388.131552935] [tracking_pick_node]: class=pet_labeled conf=0.97 anchor=(275.1,624.2) kf_x=267.3 kf_vx=0.00 pending=3498 confirmed=True holding=False
[INFO] [1788861388.264532881] [tracking_pick_node]: class=pet_labeled conf=0.97 anchor=(275.0,624.2) kf_x=267.3 kf_vx=0.00 pending=3499 confirmed=True holding=False
[INFO] [1788861388.396064046] [tracking_pick_node]: class=pet_labeled conf=0.97 anchor=(275.0,624.1) kf_x=267.3 kf_vx=0.00 pending=3500 confirmed=True holding=False
[INFO] [1788861388.527905863] [tracking_pick_node]: class=pet_labeled conf=0.97 anchor=(275.0,624.0) kf_x=267.3 kf_vx=0.00 pending=3501 confirmed=True holding=False
[INFO] [1788861388.669400487] [tracking_pick_node]: class=pet_labeled conf=0.97 anchor=(275.1,624.1) kf_x=267.3 kf_vx=0.00 pending=3502 confirmed=True holding=False
[INFO] [1788861388.803651722] [tracking_pick_node]: class=pet_labeled conf=0.97 anchor=(275.0,624.1) kf_x=267.3 kf_vx=0.00 pending=3503 confirmed=True holding=False
[INFO] [1788861388.929682116] [tracking_pick_node]: class=pet_labeled conf=0.97 anchor=(275.0,624.1) kf_x=267.3 kf_vx=0.00 pending=3504 confirmed=True holding=False
[INFO] [1788861389.066095146] [tracking_pick_node]: class=pet_labeled conf=0.97 anchor=(275.0,624.1) kf_x=267.3 kf_vx=0.00 pending=3505 confirmed=True holding=False
[INFO] [1788861389.195864260] [tracking_pick_node]: class=pet_labeled conf=0.97 anchor=(275.0,624.1) kf_x=267.3 kf_vx=0.00 pending=3506 confirmed=True holding=False
[INFO] [1788861389.328091917] [tracking_pick_node]: class=pet_labeled conf=0.97 anchor=(275.0,624.2) kf_x=267.3 kf_vx=0.00 pending=3507 confirmed=True holding=False
[INFO] [1788861389.466566779] [tracking_pick_node]: class=pet_labeled conf=0.97 anchor=(274.9,624.1) kf_x=267.3 kf_vx=0.00 pending=3508 confirmed=True holding=False
[INFO] [1788861389.597156135] [tracking_pick_node]: class=pet_labeled conf=0.97 anchor=(275.1,624.2) kf_x=267.3 kf_vx=0.00 pending=3509 confirmed=True holding=False
[INFO] [1788861389.733197735] [tracking_pick_node]: class=pet_labeled conf=0.97 anchor=(274.9,624.1) kf_x=267.3 kf_vx=0.00 pending=3510 confirmed=True holding=False
[INFO] [1788861389.864332268] [tracking_pick_node]: class=pet_labeled conf=0.97 anchor=(275.0,624.1) kf_x=267.3 kf_vx=0.00 pending=3511 confirmed=True holding=False
[INFO] [1788861389.997259456] [tracking_pick_node]: class=pet_labeled conf=0.97 anchor=(275.0,624.2) kf_x=267.3 kf_vx=0.00 pending=3512 confirmed=True holding=False
[INFO] [1788861390.129017488] [tracking_pick_node]: class=pet_labeled conf=0.97 anchor=(275.0,624.1) kf_x=267.3 kf_vx=0.00 pending=3513 confirmed=True holding=False
[INFO] [1788861390.264470831] [tracking_pick_node]: class=pet_labeled conf=0.97 anchor=(275.0,624.1) kf_x=267.3 kf_vx=0.00 pending=3514 confirmed=True holding=False
[INFO] [1788861390.397372910] [tracking_pick_node]: class=pet_labeled conf=0.97 anchor=(275.1,624.2) kf_x=267.3 kf_vx=0.00 pending=3515 confirmed=True holding=False
[INFO] [1788861390.527758318] [tracking_pick_node]: class=pet_labeled conf=0.97 anchor=(275.0,624.1) kf_x=267.3 kf_vx=0.00 pending=3516 confirmed=True holding=False
[INFO] [1788861390.664127002] [tracking_pick_node]: class=pet_labeled conf=0.97 anchor=(275.0,624.1) kf_x=267.3 kf_vx=0.00 pending=3517 confirmed=True holding=False
[INFO] [1788861390.796104530] [tracking_pick_node]: class=pet_labeled conf=0.97 anchor=(275.0,624.0) kf_x=267.3 kf_vx=0.00 pending=3518 confirmed=True holding=False
[INFO] [1788861390.927481191] [tracking_pick_node]: class=pet_labeled conf=0.97 anchor=(275.0,624.1) kf_x=267.3 kf_vx=0.00 pending=3519 confirmed=True holding=False
[INFO] [1788861391.064065401] [tracking_pick_node]: class=pet_labeled conf=0.97 anchor=(275.0,624.1) kf_x=267.3 kf_vx=0.00 pending=3520 confirmed=True holding=False
[INFO] [1788861391.196690397] [tracking_pick_node]: class=pet_labeled conf=0.97 anchor=(274.9,624.1) kf_x=267.3 kf_vx=0.00 pending=3521 confirmed=True holding=False
[INFO] [1788861391.329085662] [tracking_pick_node]: class=pet_labeled conf=0.97 anchor=(275.0,624.0) kf_x=267.3 kf_vx=0.00 pending=3522 confirmed=True holding=False
[INFO] [1788861391.464834223] [tracking_pick_node]: class=pet_labeled conf=0.97 anchor=(275.0,624.1) kf_x=267.3 kf_vx=0.00 pending=3523 confirmed=True holding=False
[INFO] [1788861391.603540054] [tracking_pick_node]: class=pet_labeled conf=0.97 anchor=(275.0,624.1) kf_x=267.3 kf_vx=0.00 pending=3524 confirmed=True holding=False
[INFO] [1788861391.728470919] [tracking_pick_node]: class=pet_labeled conf=0.97 anchor=(275.0,624.1) kf_x=267.3 kf_vx=0.00 pending=3525 confirmed=True holding=False
[INFO] [1788861391.864124389] [tracking_pick_node]: class=pet_labeled conf=0.97 anchor=(275.0,624.1) kf_x=267.3 kf_vx=0.00 pending=3526 confirmed=True holding=False
[INFO] [1788861391.996702499] [tracking_pick_node]: class=pet_labeled conf=0.97 anchor=(275.0,624.1) kf_x=267.3 kf_vx=0.00 pending=3527 confirmed=True holding=False
[INFO] [1788861392.129102244] [tracking_pick_node]: class=pet_labeled conf=0.97 anchor=(275.0,624.1) kf_x=267.3 kf_vx=0.00 pending=3528 confirmed=True holding=False
[INFO] [1788861392.264071088] [tracking_pick_node]: class=pet_labeled conf=0.97 anchor=(274.9,624.1) kf_x=267.3 kf_vx=0.00 pending=3529 confirmed=True holding=False
[INFO] [1788861392.397395745] [tracking_pick_node]: class=pet_labeled conf=0.97 anchor=(275.0,624.1) kf_x=267.3 kf_vx=0.00 pending=3530 confirmed=True holding=False
[INFO] [1788861392.529675252] [tracking_pick_node]: class=pet_labeled conf=0.97 anchor=(275.1,624.1) kf_x=267.3 kf_vx=0.00 pending=3531 confirmed=True holding=False
[INFO] [1788861392.664914738] [tracking_pick_node]: class=pet_labeled conf=0.97 anchor=(275.0,624.2) kf_x=267.3 kf_vx=0.00 pending=3532 confirmed=True holding=False
[INFO] [1788861392.796147611] [tracking_pick_node]: class=pet_labeled conf=0.97 anchor=(275.0,624.1) kf_x=267.3 kf_vx=0.00 pending=3533 confirmed=True holding=False
[INFO] [1788861392.929250394] [tracking_pick_node]: class=pet_labeled conf=0.97 anchor=(275.0,624.1) kf_x=267.3 kf_vx=0.00 pending=3534 confirmed=True holding=False
[INFO] [1788861393.068466324] [tracking_pick_node]: class=pet_labeled conf=0.97 anchor=(275.0,624.0) kf_x=267.3 kf_vx=0.00 pending=3535 confirmed=True holding=False
[INFO] [1788861393.196269225] [tracking_pick_node]: class=pet_labeled conf=0.97 anchor=(274.9,624.1) kf_x=267.3 kf_vx=-0.00 pending=3536 confirmed=True holding=False
[INFO] [1788861393.328869968] [tracking_pick_node]: class=pet_labeled conf=0.97 anchor=(275.0,624.1) kf_x=267.3 kf_vx=-0.00 pending=3537 confirmed=True holding=False
[INFO] [1788861393.465122811] [tracking_pick_node]: class=pet_labeled conf=0.97 anchor=(274.9,624.1) kf_x=267.3 kf_vx=-0.00 pending=3538 confirmed=True holding=False
[INFO] [1788861393.602999111] [tracking_pick_node]: class=pet_labeled conf=0.97 anchor=(275.0,624.1) kf_x=267.3 kf_vx=-0.00 pending=3539 confirmed=True holding=False
[INFO] [1788861393.729392230] [tracking_pick_node]: class=pet_labeled conf=0.97 anchor=(274.9,624.1) kf_x=267.3 kf_vx=-0.00 pending=3540 confirmed=True holding=False
[INFO] [1788861393.864280379] [tracking_pick_node]: class=pet_labeled conf=0.97 anchor=(275.0,624.1) kf_x=267.3 kf_vx=-0.00 pending=3541 confirmed=True holding=False
[INFO] [1788861393.996645374] [tracking_pick_node]: class=pet_labeled conf=0.97 anchor=(275.0,624.1) kf_x=267.3 kf_vx=-0.00 pending=3542 confirmed=True holding=False
[INFO] [1788861394.130086651] [tracking_pick_node]: class=pet_labeled conf=0.97 anchor=(275.1,624.2) kf_x=267.3 kf_vx=-0.00 pending=3543 confirmed=True holding=False
[INFO] [1788861394.266819537] [tracking_pick_node]: class=pet_labeled conf=0.97 anchor=(274.9,624.2) kf_x=267.3 kf_vx=-0.00 pending=3544 confirmed=True holding=False
[INFO] [1788861394.396179293] [tracking_pick_node]: class=pet_labeled conf=0.97 anchor=(274.9,624.1) kf_x=267.3 kf_vx=-0.00 pending=3545 confirmed=True holding=False
[INFO] [1788861394.527998058] [tracking_pick_node]: class=pet_labeled conf=0.97 anchor=(275.0,624.1) kf_x=267.3 kf_vx=-0.00 pending=3546 confirmed=True holding=False
[INFO] [1788861394.666160967] [tracking_pick_node]: class=pet_labeled conf=0.97 anchor=(275.0,624.1) kf_x=267.3 kf_vx=-0.00 pending=3547 confirmed=True holding=False
[INFO] [1788861394.797266785] [tracking_pick_node]: class=pet_labeled conf=0.97 anchor=(275.0,624.0) kf_x=267.3 kf_vx=-0.00 pending=3548 confirmed=True holding=False
[INFO] [1788861394.929800143] [tracking_pick_node]: class=pet_labeled conf=0.97 anchor=(274.9,624.0) kf_x=267.3 kf_vx=-0.00 pending=3549 confirmed=True holding=False
[INFO] [1788861395.064300841] [tracking_pick_node]: class=pet_labeled conf=0.97 anchor=(275.0,624.1) kf_x=267.3 kf_vx=-0.00 pending=3550 confirmed=True holding=False
[INFO] [1788861395.197666747] [tracking_pick_node]: class=pet_labeled conf=0.97 anchor=(275.0,624.1) kf_x=267.3 kf_vx=-0.00 pending=3551 confirmed=True holding=False
[INFO] [1788861395.327527089] [tracking_pick_node]: class=pet_labeled conf=0.97 anchor=(274.9,624.1) kf_x=267.3 kf_vx=-0.00 pending=3552 confirmed=True holding=False
[INFO] [1788861395.465084720] [tracking_pick_node]: class=pet_labeled conf=0.97 anchor=(274.9,624.0) kf_x=267.3 kf_vx=-0.00 pending=3553 confirmed=True holding=False
[INFO] [1788861395.597586334] [tracking_pick_node]: class=pet_labeled conf=0.97 anchor=(274.9,624.1) kf_x=267.2 kf_vx=-0.01 pending=3554 confirmed=True holding=False
[INFO] [1788861395.729227751] [tracking_pick_node]: class=pet_labeled conf=0.97 anchor=(274.9,624.1) kf_x=267.2 kf_vx=-0.01 pending=3555 confirmed=True holding=False
[INFO] [1788861395.865518245] [tracking_pick_node]: class=pet_labeled conf=0.97 anchor=(275.0,624.1) kf_x=267.2 kf_vx=-0.00 pending=3556 confirmed=True holding=False
[INFO] [1788861395.999109550] [tracking_pick_node]: class=pet_labeled conf=0.97 anchor=(275.0,624.0) kf_x=267.2 kf_vx=-0.01 pending=3557 confirmed=True holding=False
[INFO] [1788861396.128730474] [tracking_pick_node]: class=pet_labeled conf=0.97 anchor=(275.0,624.1) kf_x=267.2 kf_vx=-0.00 pending=3558 confirmed=True holding=False
[INFO] [1788861396.263634854] [tracking_pick_node]: class=pet_labeled conf=0.97 anchor=(275.0,624.2) kf_x=267.2 kf_vx=-0.00 pending=3559 confirmed=True holding=False
[INFO] [1788861396.401218435] [tracking_pick_node]: class=pet_labeled conf=0.97 anchor=(275.0,624.1) kf_x=267.3 kf_vx=-0.00 pending=3560 confirmed=True holding=False
[INFO] [1788861396.528932049] [tracking_pick_node]: class=pet_labeled conf=0.97 anchor=(275.0,624.1) kf_x=267.2 kf_vx=-0.00 pending=3561 confirmed=True holding=False
[INFO] [1788861396.666931377] [tracking_pick_node]: class=pet_labeled conf=0.97 anchor=(274.9,624.2) kf_x=267.2 kf_vx=-0.00 pending=3562 confirmed=True holding=False
[INFO] [1788861396.797525623] [tracking_pick_node]: class=pet_labeled conf=0.97 anchor=(274.9,624.0) kf_x=267.2 kf_vx=-0.00 pending=3563 confirmed=True holding=False
[INFO] [1788861396.929628411] [tracking_pick_node]: class=pet_labeled conf=0.97 anchor=(275.0,624.1) kf_x=267.2 kf_vx=-0.00 pending=3564 confirmed=True holding=False
[INFO] [1788861397.064267389] [tracking_pick_node]: class=pet_labeled conf=0.97 anchor=(274.9,624.2) kf_x=267.2 kf_vx=-0.00 pending=3565 confirmed=True holding=False
[INFO] [1788861397.198227116] [tracking_pick_node]: class=pet_labeled conf=0.97 anchor=(275.1,624.2) kf_x=267.2 kf_vx=-0.00 pending=3566 confirmed=True holding=False
[INFO] [1788861397.329165166] [tracking_pick_node]: class=pet_labeled conf=0.97 anchor=(274.9,624.2) kf_x=267.2 kf_vx=-0.00 pending=3567 confirmed=True holding=False
[INFO] [1788861397.463681797] [tracking_pick_node]: class=pet_labeled conf=0.97 anchor=(275.0,624.1) kf_x=267.2 kf_vx=-0.00 pending=3568 confirmed=True holding=False
[INFO] [1788861397.598579914] [tracking_pick_node]: class=pet_labeled conf=0.97 anchor=(274.8,624.1) kf_x=267.2 kf_vx=-0.00 pending=3569 confirmed=True holding=False
[INFO] [1788861397.728331671] [tracking_pick_node]: class=pet_labeled conf=0.97 anchor=(275.0,624.2) kf_x=267.2 kf_vx=-0.00 pending=3570 confirmed=True holding=False
[INFO] [1788861397.863872121] [tracking_pick_node]: class=pet_labeled conf=0.97 anchor=(274.9,624.0) kf_x=267.2 kf_vx=-0.01 pending=3571 confirmed=True holding=False
[INFO] [1788861397.996392983] [tracking_pick_node]: class=pet_labeled conf=0.97 anchor=(275.0,624.1) kf_x=267.2 kf_vx=-0.00 pending=3572 confirmed=True holding=False
[INFO] [1788861398.135823238] [tracking_pick_node]: class=pet_labeled conf=0.97 anchor=(275.0,624.0) kf_x=267.2 kf_vx=-0.00 pending=3573 confirmed=True holding=False
[INFO] [1788861398.266252285] [tracking_pick_node]: class=pet_labeled conf=0.97 anchor=(275.0,624.0) kf_x=267.2 kf_vx=-0.00 pending=3574 confirmed=True holding=False
[INFO] [1788861398.397879973] [tracking_pick_node]: class=pet_labeled conf=0.97 anchor=(274.9,624.1) kf_x=267.2 kf_vx=-0.00 pending=3575 confirmed=True holding=False
[INFO] [1788861398.529540097] [tracking_pick_node]: class=pet_labeled conf=0.97 anchor=(275.0,624.0) kf_x=267.2 kf_vx=-0.00 pending=3576 confirmed=True holding=False
[INFO] [1788861398.660967269] [tracking_pick_node]: class=pet_labeled conf=0.97 anchor=(274.9,624.1) kf_x=267.2 kf_vx=-0.00 pending=3577 confirmed=True holding=False
[INFO] [1788861398.796257923] [tracking_pick_node]: class=pet_labeled conf=0.97 anchor=(275.0,624.0) kf_x=267.2 kf_vx=-0.00 pending=3578 confirmed=True holding=False
[INFO] [1788861398.928041601] [tracking_pick_node]: class=pet_labeled conf=0.97 anchor=(275.0,624.1) kf_x=267.2 kf_vx=-0.00 pending=3579 confirmed=True holding=False
[INFO] [1788861399.060200908] [tracking_pick_node]: class=pet_labeled conf=0.97 anchor=(275.0,624.1) kf_x=267.2 kf_vx=-0.00 pending=3580 confirmed=True holding=False
[INFO] [1788861399.197030902] [tracking_pick_node]: class=pet_labeled conf=0.97 anchor=(275.0,624.1) kf_x=267.2 kf_vx=-0.00 pending=3581 confirmed=True holding=False
[INFO] [1788861399.328109918] [tracking_pick_node]: class=pet_labeled conf=0.97 anchor=(274.9,624.1) kf_x=267.2 kf_vx=-0.00 pending=3582 confirmed=True holding=False
[INFO] [1788861399.460502601] [tracking_pick_node]: class=pet_labeled conf=0.97 anchor=(274.9,624.1) kf_x=267.2 kf_vx=-0.00 pending=3583 confirmed=True holding=False
[INFO] [1788861399.597655706] [tracking_pick_node]: class=pet_labeled conf=0.97 anchor=(274.9,624.0) kf_x=267.2 kf_vx=-0.00 pending=3584 confirmed=True holding=False
[INFO] [1788861399.728162415] [tracking_pick_node]: class=pet_labeled conf=0.97 anchor=(274.9,624.2) kf_x=267.2 kf_vx=-0.00 pending=3585 confirmed=True holding=False
[INFO] [1788861399.860889068] [tracking_pick_node]: class=pet_labeled conf=0.97 anchor=(274.9,624.1) kf_x=267.2 kf_vx=-0.00 pending=3586 confirmed=True holding=False
[INFO] [1788861399.998199761] [tracking_pick_node]: class=pet_labeled conf=0.97 anchor=(274.9,624.0) kf_x=267.2 kf_vx=-0.01 pending=3587 confirmed=True holding=False
[INFO] [1788861400.130212656] [tracking_pick_node]: class=pet_labeled conf=0.97 anchor=(274.9,624.0) kf_x=267.2 kf_vx=-0.01 pending=3588 confirmed=True holding=False
[INFO] [1788861400.260203032] [tracking_pick_node]: class=pet_labeled conf=0.97 anchor=(274.9,624.1) kf_x=267.2 kf_vx=-0.01 pending=3589 confirmed=True holding=False
[INFO] [1788861400.397470337] [tracking_pick_node]: class=pet_labeled conf=0.97 anchor=(274.9,624.0) kf_x=267.2 kf_vx=-0.01 pending=3590 confirmed=True holding=False
[INFO] [1788861400.528994410] [tracking_pick_node]: class=pet_labeled conf=0.97 anchor=(275.0,624.0) kf_x=267.2 kf_vx=-0.00 pending=3591 confirmed=True holding=False
[INFO] [1788861400.661799034] [tracking_pick_node]: class=pet_labeled conf=0.97 anchor=(274.9,624.1) kf_x=267.2 kf_vx=-0.01 pending=3592 confirmed=True holding=False
[INFO] [1788861400.796225236] [tracking_pick_node]: class=pet_labeled conf=0.97 anchor=(274.9,624.0) kf_x=267.2 kf_vx=-0.01 pending=3593 confirmed=True holding=False
[INFO] [1788861400.928234743] [tracking_pick_node]: class=pet_labeled conf=0.97 anchor=(274.9,624.2) kf_x=267.2 kf_vx=-0.00 pending=3594 confirmed=True holding=False
[INFO] [1788861401.061048078] [tracking_pick_node]: class=pet_labeled conf=0.97 anchor=(274.9,624.1) kf_x=267.2 kf_vx=-0.00 pending=3595 confirmed=True holding=False
[INFO] [1788861401.198677349] [tracking_pick_node]: class=pet_labeled conf=0.97 anchor=(274.9,624.0) kf_x=267.2 kf_vx=-0.00 pending=3596 confirmed=True holding=False
[INFO] [1788861401.328593944] [tracking_pick_node]: class=pet_labeled conf=0.97 anchor=(274.9,624.1) kf_x=267.2 kf_vx=-0.01 pending=3597 confirmed=True holding=False
[INFO] [1788861401.460663338] [tracking_pick_node]: class=pet_labeled conf=0.97 anchor=(274.9,624.0) kf_x=267.2 kf_vx=-0.01 pending=3598 confirmed=True holding=False
[INFO] [1788861401.596543346] [tracking_pick_node]: class=pet_labeled conf=0.97 anchor=(274.9,624.1) kf_x=267.2 kf_vx=-0.01 pending=3599 confirmed=True holding=False
[INFO] [1788861401.728185563] [tracking_pick_node]: class=pet_labeled conf=0.96 anchor=(274.9,624.0) kf_x=267.2 kf_vx=-0.01 pending=3600 confirmed=True holding=False
[INFO] [1788861401.861482765] [tracking_pick_node]: class=pet_labeled conf=0.97 anchor=(274.9,624.1) kf_x=267.2 kf_vx=-0.01 pending=3601 confirmed=True holding=False
[INFO] [1788861402.000012088] [tracking_pick_node]: class=pet_labeled conf=0.97 anchor=(275.0,624.1) kf_x=267.2 kf_vx=-0.00 pending=3602 confirmed=True holding=False
[INFO] [1788861402.130225857] [tracking_pick_node]: class=pet_labeled conf=0.97 anchor=(274.9,624.1) kf_x=267.2 kf_vx=-0.00 pending=3603 confirmed=True holding=False
[INFO] [1788861402.261405762] [tracking_pick_node]: class=pet_labeled conf=0.97 anchor=(274.9,624.1) kf_x=267.2 kf_vx=-0.00 pending=3604 confirmed=True holding=False
[INFO] [1788861402.397669542] [tracking_pick_node]: class=pet_labeled conf=0.97 anchor=(274.9,624.2) kf_x=267.2 kf_vx=-0.00 pending=3605 confirmed=True holding=False
[INFO] [1788861402.528703282] [tracking_pick_node]: class=pet_labeled conf=0.97 anchor=(274.9,624.0) kf_x=267.2 kf_vx=-0.00 pending=3606 confirmed=True holding=False
[INFO] [1788861402.660257924] [tracking_pick_node]: class=pet_labeled conf=0.97 anchor=(274.9,624.1) kf_x=267.2 kf_vx=-0.00 pending=3607 confirmed=True holding=False
[INFO] [1788861402.796062877] [tracking_pick_node]: class=pet_labeled conf=0.97 anchor=(275.0,624.1) kf_x=267.2 kf_vx=-0.00 pending=3608 confirmed=True holding=False
[INFO] [1788861402.930394097] [tracking_pick_node]: class=pet_labeled conf=0.97 anchor=(275.0,624.1) kf_x=267.2 kf_vx=-0.00 pending=3609 confirmed=True holding=False
[INFO] [1788861403.061015271] [tracking_pick_node]: class=pet_labeled conf=0.97 anchor=(274.9,624.1) kf_x=267.2 kf_vx=-0.00 pending=3610 confirmed=True holding=False
[INFO] [1788861403.196134006] [tracking_pick_node]: class=pet_labeled conf=0.97 anchor=(274.9,624.1) kf_x=267.2 kf_vx=-0.00 pending=3611 confirmed=True holding=False
[INFO] [1788861403.329771696] [tracking_pick_node]: class=pet_labeled conf=0.97 anchor=(275.0,624.1) kf_x=267.2 kf_vx=-0.00 pending=3612 confirmed=True holding=False
[INFO] [1788861403.467738232] [tracking_pick_node]: class=pet_labeled conf=0.97 anchor=(274.9,624.1) kf_x=267.2 kf_vx=-0.00 pending=3613 confirmed=True holding=False
[INFO] [1788861403.596978517] [tracking_pick_node]: class=pet_labeled conf=0.97 anchor=(275.0,624.1) kf_x=267.2 kf_vx=-0.00 pending=3614 confirmed=True holding=False
[INFO] [1788861403.728381416] [tracking_pick_node]: class=pet_labeled conf=0.97 anchor=(275.0,624.0) kf_x=267.2 kf_vx=0.00 pending=3615 confirmed=True holding=False
[INFO] [1788861403.860598660] [tracking_pick_node]: class=pet_labeled conf=0.97 anchor=(275.0,624.1) kf_x=267.2 kf_vx=0.00 pending=3616 confirmed=True holding=False
[INFO] [1788861403.997364445] [tracking_pick_node]: class=pet_labeled conf=0.97 anchor=(275.0,624.2) kf_x=267.2 kf_vx=0.00 pending=3617 confirmed=True holding=False
[INFO] [1788861404.131619572] [tracking_pick_node]: class=pet_labeled conf=0.97 anchor=(275.0,624.0) kf_x=267.2 kf_vx=0.00 pending=3618 confirmed=True holding=False
[INFO] [1788861404.262339345] [tracking_pick_node]: class=pet_labeled conf=0.97 anchor=(274.9,624.1) kf_x=267.2 kf_vx=0.00 pending=3619 confirmed=True holding=False
[INFO] [1788861404.397502408] [tracking_pick_node]: class=pet_labeled conf=0.97 anchor=(275.0,624.1) kf_x=267.2 kf_vx=0.00 pending=3620 confirmed=True holding=False
[INFO] [1788861404.529476490] [tracking_pick_node]: class=pet_labeled conf=0.97 anchor=(274.9,624.1) kf_x=267.2 kf_vx=0.00 pending=3621 confirmed=True holding=False
[INFO] [1788861404.660003403] [tracking_pick_node]: class=pet_labeled conf=0.97 anchor=(274.9,624.1) kf_x=267.2 kf_vx=0.00 pending=3622 confirmed=True holding=False
[INFO] [1788861404.796317862] [tracking_pick_node]: class=pet_labeled conf=0.97 anchor=(274.8,624.2) kf_x=267.2 kf_vx=0.00 pending=3623 confirmed=True holding=False
[INFO] [1788861404.931053118] [tracking_pick_node]: class=pet_labeled conf=0.97 anchor=(275.0,624.0) kf_x=267.2 kf_vx=0.00 pending=3624 confirmed=True holding=False
[INFO] [1788861405.060724831] [tracking_pick_node]: class=pet_labeled conf=0.97 anchor=(274.9,624.1) kf_x=267.2 kf_vx=0.00 pending=3625 confirmed=True holding=False
[INFO] [1788861405.195965130] [tracking_pick_node]: class=pet_labeled conf=0.97 anchor=(274.9,624.1) kf_x=267.2 kf_vx=0.00 pending=3626 confirmed=True holding=False
[INFO] [1788861405.334793830] [tracking_pick_node]: class=pet_labeled conf=0.96 anchor=(274.9,624.1) kf_x=267.2 kf_vx=0.00 pending=3627 confirmed=True holding=False
[INFO] [1788861405.461630140] [tracking_pick_node]: class=pet_labeled conf=0.97 anchor=(274.9,624.1) kf_x=267.2 kf_vx=0.00 pending=3628 confirmed=True holding=False
[INFO] [1788861405.597208601] [tracking_pick_node]: class=pet_labeled conf=0.97 anchor=(274.8,624.1) kf_x=267.2 kf_vx=-0.00 pending=3629 confirmed=True holding=False
[INFO] [1788861405.729774511] [tracking_pick_node]: class=pet_labeled conf=0.97 anchor=(275.1,624.1) kf_x=267.2 kf_vx=0.00 pending=3630 confirmed=True holding=False
[INFO] [1788861405.861211081] [tracking_pick_node]: class=pet_labeled conf=0.97 anchor=(274.9,624.0) kf_x=267.2 kf_vx=0.00 pending=3631 confirmed=True holding=False
[INFO] [1788861405.996635739] [tracking_pick_node]: class=pet_labeled conf=0.97 anchor=(274.9,624.1) kf_x=267.2 kf_vx=0.00 pending=3632 confirmed=True holding=False
[INFO] [1788861406.127945831] [tracking_pick_node]: class=pet_labeled conf=0.97 anchor=(275.1,624.2) kf_x=267.2 kf_vx=0.00 pending=3633 confirmed=True holding=False
[INFO] [1788861406.260955748] [tracking_pick_node]: class=pet_labeled conf=0.97 anchor=(275.0,624.1) kf_x=267.2 kf_vx=0.00 pending=3634 confirmed=True holding=False
[INFO] [1788861406.396060693] [tracking_pick_node]: class=pet_labeled conf=0.97 anchor=(274.8,624.1) kf_x=267.2 kf_vx=0.00 pending=3635 confirmed=True holding=False
[INFO] [1788861406.528530870] [tracking_pick_node]: class=pet_labeled conf=0.97 anchor=(274.9,624.1) kf_x=267.2 kf_vx=0.00 pending=3636 confirmed=True holding=False
[INFO] [1788861406.664030801] [tracking_pick_node]: class=pet_labeled conf=0.97 anchor=(275.0,624.1) kf_x=267.2 kf_vx=0.00 pending=3637 confirmed=True holding=False
[INFO] [1788861406.799309894] [tracking_pick_node]: class=pet_labeled conf=0.97 anchor=(275.0,624.1) kf_x=267.2 kf_vx=0.00 pending=3638 confirmed=True holding=False
[INFO] [1788861406.929425202] [tracking_pick_node]: class=pet_labeled conf=0.97 anchor=(275.0,624.0) kf_x=267.2 kf_vx=0.00 pending=3639 confirmed=True holding=False
[INFO] [1788861407.062261581] [tracking_pick_node]: class=pet_labeled conf=0.97 anchor=(274.9,624.1) kf_x=267.2 kf_vx=0.00 pending=3640 confirmed=True holding=False
[INFO] [1788861407.197679665] [tracking_pick_node]: class=pet_labeled conf=0.97 anchor=(274.9,624.1) kf_x=267.2 kf_vx=0.00 pending=3641 confirmed=True holding=False
[INFO] [1788861407.330508400] [tracking_pick_node]: class=pet_labeled conf=0.97 anchor=(274.9,624.0) kf_x=267.2 kf_vx=0.00 pending=3642 confirmed=True holding=False
[INFO] [1788861407.460896384] [tracking_pick_node]: class=pet_labeled conf=0.97 anchor=(275.0,624.1) kf_x=267.2 kf_vx=0.00 pending=3643 confirmed=True holding=False
[INFO] [1788861407.596215240] [tracking_pick_node]: class=pet_labeled conf=0.97 anchor=(274.9,624.1) kf_x=267.2 kf_vx=0.00 pending=3644 confirmed=True holding=False
[INFO] [1788861407.728655006] [tracking_pick_node]: class=pet_labeled conf=0.97 anchor=(274.9,624.0) kf_x=267.2 kf_vx=0.00 pending=3645 confirmed=True holding=False
[INFO] [1788861407.860601494] [tracking_pick_node]: class=pet_labeled conf=0.97 anchor=(274.9,624.1) kf_x=267.2 kf_vx=0.00 pending=3646 confirmed=True holding=False
[INFO] [1788861407.996711118] [tracking_pick_node]: class=pet_labeled conf=0.97 anchor=(275.0,624.1) kf_x=267.2 kf_vx=0.00 pending=3647 confirmed=True holding=False
[INFO] [1788861408.128289909] [tracking_pick_node]: class=pet_labeled conf=0.97 anchor=(275.0,624.1) kf_x=267.2 kf_vx=0.00 pending=3648 confirmed=True holding=False
[INFO] [1788861408.261867699] [tracking_pick_node]: class=pet_labeled conf=0.97 anchor=(275.0,624.1) kf_x=267.2 kf_vx=0.00 pending=3649 confirmed=True holding=False
[INFO] [1788861408.397738869] [tracking_pick_node]: class=pet_labeled conf=0.97 anchor=(275.0,624.2) kf_x=267.2 kf_vx=0.00 pending=3650 confirmed=True holding=False
[INFO] [1788861408.528364575] [tracking_pick_node]: class=pet_labeled conf=0.97 anchor=(275.0,624.1) kf_x=267.2 kf_vx=0.00 pending=3651 confirmed=True holding=False
[INFO] [1788861408.660987936] [tracking_pick_node]: class=pet_labeled conf=0.97 anchor=(274.8,624.1) kf_x=267.2 kf_vx=0.00 pending=3652 confirmed=True holding=False
[INFO] [1788861408.796634649] [tracking_pick_node]: class=pet_labeled conf=0.97 anchor=(275.0,624.0) kf_x=267.2 kf_vx=0.00 pending=3653 confirmed=True holding=False
[INFO] [1788861408.929063017] [tracking_pick_node]: class=pet_labeled conf=0.97 anchor=(275.0,624.2) kf_x=267.2 kf_vx=0.00 pending=3654 confirmed=True holding=False
[INFO] [1788861409.061688591] [tracking_pick_node]: class=pet_labeled conf=0.97 anchor=(274.9,624.1) kf_x=267.2 kf_vx=0.00 pending=3655 confirmed=True holding=False
[INFO] [1788861409.198077858] [tracking_pick_node]: class=pet_labeled conf=0.97 anchor=(275.0,624.1) kf_x=267.2 kf_vx=0.00 pending=3656 confirmed=True holding=False
[INFO] [1788861409.328987247] [tracking_pick_node]: class=pet_labeled conf=0.97 anchor=(275.0,624.1) kf_x=267.3 kf_vx=0.00 pending=3657 confirmed=True holding=False
[INFO] [1788861409.460619078] [tracking_pick_node]: class=pet_labeled conf=0.97 anchor=(274.9,624.0) kf_x=267.2 kf_vx=0.00 pending=3658 confirmed=True holding=False
[INFO] [1788861409.597788323] [tracking_pick_node]: class=pet_labeled conf=0.97 anchor=(274.9,624.0) kf_x=267.2 kf_vx=0.00 pending=3659 confirmed=True holding=False
[INFO] [1788861409.728724505] [tracking_pick_node]: class=pet_labeled conf=0.97 anchor=(275.0,624.1) kf_x=267.2 kf_vx=0.00 pending=3660 confirmed=True holding=False
[INFO] [1788861409.860658360] [tracking_pick_node]: class=pet_labeled conf=0.97 anchor=(274.9,624.0) kf_x=267.2 kf_vx=0.00 pending=3661 confirmed=True holding=False
[INFO] [1788861409.995811052] [tracking_pick_node]: class=pet_labeled conf=0.97 anchor=(275.0,624.1) kf_x=267.2 kf_vx=0.00 pending=3662 confirmed=True holding=False
[INFO] [1788861410.135547546] [tracking_pick_node]: class=pet_labeled conf=0.97 anchor=(274.9,624.2) kf_x=267.2 kf_vx=0.00 pending=3663 confirmed=True holding=False
[INFO] [1788861410.262414714] [tracking_pick_node]: class=pet_labeled conf=0.97 anchor=(274.9,623.9) kf_x=267.2 kf_vx=0.00 pending=3664 confirmed=True holding=False
[INFO] [1788861410.400044507] [tracking_pick_node]: class=pet_labeled conf=0.97 anchor=(275.0,624.1) kf_x=267.2 kf_vx=0.00 pending=3665 confirmed=True holding=False
[INFO] [1788861410.535199620] [tracking_pick_node]: class=pet_labeled conf=0.97 anchor=(275.0,624.0) kf_x=267.3 kf_vx=0.00 pending=3666 confirmed=True holding=False
[INFO] [1788861410.660739812] [tracking_pick_node]: class=pet_labeled conf=0.97 anchor=(274.9,624.1) kf_x=267.2 kf_vx=0.00 pending=3667 confirmed=True holding=False
[INFO] [1788861410.797771067] [tracking_pick_node]: class=pet_labeled conf=0.97 anchor=(275.0,624.0) kf_x=267.2 kf_vx=0.00 pending=3668 confirmed=True holding=False
[INFO] [1788861410.928500724] [tracking_pick_node]: class=pet_labeled conf=0.97 anchor=(275.0,624.1) kf_x=267.3 kf_vx=0.00 pending=3669 confirmed=True holding=False
[INFO] [1788861411.061810800] [tracking_pick_node]: class=pet_labeled conf=0.97 anchor=(275.0,624.1) kf_x=267.3 kf_vx=0.00 pending=3670 confirmed=True holding=False
[INFO] [1788861411.198202381] [tracking_pick_node]: class=pet_labeled conf=0.97 anchor=(274.9,624.0) kf_x=267.2 kf_vx=0.00 pending=3671 confirmed=True holding=False
[INFO] [1788861411.332703294] [tracking_pick_node]: class=pet_labeled conf=0.97 anchor=(275.0,624.1) kf_x=267.2 kf_vx=0.00 pending=3672 confirmed=True holding=False
[INFO] [1788861411.461229904] [tracking_pick_node]: class=pet_labeled conf=0.97 anchor=(275.0,624.1) kf_x=267.3 kf_vx=0.00 pending=3673 confirmed=True holding=False
[INFO] [1788861411.593667114] [tracking_pick_node]: class=pet_labeled conf=0.97 anchor=(274.9,624.1) kf_x=267.2 kf_vx=0.00 pending=3674 confirmed=True holding=False
[INFO] [1788861411.728369739] [tracking_pick_node]: class=pet_labeled conf=0.97 anchor=(274.9,624.2) kf_x=267.2 kf_vx=0.00 pending=3675 confirmed=True holding=False
[INFO] [1788861411.860056628] [tracking_pick_node]: class=pet_labeled conf=0.97 anchor=(275.1,624.1) kf_x=267.3 kf_vx=0.00 pending=3676 confirmed=True holding=False
[INFO] [1788861411.993020374] [tracking_pick_node]: class=pet_labeled conf=0.97 anchor=(275.0,624.1) kf_x=267.3 kf_vx=0.00 pending=3677 confirmed=True holding=False
[INFO] [1788861412.137151843] [tracking_pick_node]: class=pet_labeled conf=0.97 anchor=(274.9,624.1) kf_x=267.3 kf_vx=0.00 pending=3678 confirmed=True holding=False
[INFO] [1788861412.262856307] [tracking_pick_node]: class=pet_labeled conf=0.97 anchor=(275.0,624.1) kf_x=267.3 kf_vx=0.00 pending=3679 confirmed=True holding=False
[INFO] [1788861412.392229881] [tracking_pick_node]: class=pet_labeled conf=0.97 anchor=(275.0,624.1) kf_x=267.3 kf_vx=0.00 pending=3680 confirmed=True holding=False
[INFO] [1788861412.529551112] [tracking_pick_node]: class=pet_labeled conf=0.97 anchor=(275.0,624.0) kf_x=267.3 kf_vx=0.00 pending=3681 confirmed=True holding=False
[INFO] [1788861412.660105735] [tracking_pick_node]: class=pet_labeled conf=0.97 anchor=(275.0,624.1) kf_x=267.3 kf_vx=0.00 pending=3682 confirmed=True holding=False
[INFO] [1788861412.793375309] [tracking_pick_node]: class=pet_labeled conf=0.97 anchor=(275.0,624.0) kf_x=267.3 kf_vx=0.00 pending=3683 confirmed=True holding=False
[INFO] [1788861412.929324756] [tracking_pick_node]: class=pet_labeled conf=0.97 anchor=(274.9,624.0) kf_x=267.3 kf_vx=0.00 pending=3684 confirmed=True holding=False
[INFO] [1788861413.062536115] [tracking_pick_node]: class=pet_labeled conf=0.97 anchor=(275.1,624.0) kf_x=267.3 kf_vx=0.00 pending=3685 confirmed=True holding=False
[INFO] [1788861413.192506813] [tracking_pick_node]: class=pet_labeled conf=0.97 anchor=(275.0,624.1) kf_x=267.3 kf_vx=0.00 pending=3686 confirmed=True holding=False
[INFO] [1788861413.329915490] [tracking_pick_node]: class=pet_labeled conf=0.97 anchor=(275.0,624.1) kf_x=267.3 kf_vx=0.00 pending=3687 confirmed=True holding=False
[INFO] [1788861413.460707627] [tracking_pick_node]: class=pet_labeled conf=0.97 anchor=(275.0,624.1) kf_x=267.3 kf_vx=0.00 pending=3688 confirmed=True holding=False
[INFO] [1788861413.597820958] [tracking_pick_node]: class=pet_labeled conf=0.97 anchor=(274.9,624.1) kf_x=267.3 kf_vx=0.00 pending=3689 confirmed=True holding=False
[INFO] [1788861413.728764183] [tracking_pick_node]: class=pet_labeled conf=0.97 anchor=(275.1,624.1) kf_x=267.3 kf_vx=0.00 pending=3690 confirmed=True holding=False
[INFO] [1788861413.860134102] [tracking_pick_node]: class=pet_labeled conf=0.97 anchor=(274.9,624.1) kf_x=267.3 kf_vx=0.00 pending=3691 confirmed=True holding=False
[INFO] [1788861413.994435665] [tracking_pick_node]: class=pet_labeled conf=0.97 anchor=(274.9,624.1) kf_x=267.3 kf_vx=0.00 pending=3692 confirmed=True holding=False
[INFO] [1788861414.128605778] [tracking_pick_node]: class=pet_labeled conf=0.97 anchor=(274.9,624.0) kf_x=267.3 kf_vx=0.00 pending=3693 confirmed=True holding=False
[INFO] [1788861414.262485040] [tracking_pick_node]: class=pet_labeled conf=0.97 anchor=(275.0,624.2) kf_x=267.3 kf_vx=0.00 pending=3694 confirmed=True holding=False
[INFO] [1788861414.393764813] [tracking_pick_node]: class=pet_labeled conf=0.97 anchor=(275.1,624.1) kf_x=267.3 kf_vx=0.00 pending=3695 confirmed=True holding=False
[INFO] [1788861414.531948572] [tracking_pick_node]: class=pet_labeled conf=0.97 anchor=(275.0,624.0) kf_x=267.3 kf_vx=0.00 pending=3696 confirmed=True holding=False
[INFO] [1788861414.660828865] [tracking_pick_node]: class=pet_labeled conf=0.97 anchor=(275.0,624.1) kf_x=267.3 kf_vx=0.00 pending=3697 confirmed=True holding=False
[INFO] [1788861414.796604760] [tracking_pick_node]: class=pet_labeled conf=0.97 anchor=(275.0,624.1) kf_x=267.3 kf_vx=0.00 pending=3698 confirmed=True holding=False
[INFO] [1788861414.930840271] [tracking_pick_node]: class=pet_labeled conf=0.97 anchor=(275.0,624.1) kf_x=267.3 kf_vx=0.00 pending=3699 confirmed=True holding=False
[INFO] [1788861415.061528297] [tracking_pick_node]: class=pet_labeled conf=0.97 anchor=(274.9,624.1) kf_x=267.3 kf_vx=0.00 pending=3700 confirmed=True holding=False
[INFO] [1788861415.200287682] [tracking_pick_node]: class=pet_labeled conf=0.97 anchor=(275.0,624.1) kf_x=267.3 kf_vx=0.00 pending=3701 confirmed=True holding=False
[INFO] [1788861415.330350472] [tracking_pick_node]: class=pet_labeled conf=0.97 anchor=(274.9,624.2) kf_x=267.3 kf_vx=0.00 pending=3702 confirmed=True holding=False
[INFO] [1788861415.460345200] [tracking_pick_node]: class=pet_labeled conf=0.97 anchor=(274.9,624.1) kf_x=267.3 kf_vx=0.00 pending=3703 confirmed=True holding=False
[INFO] [1788861415.592495769] [tracking_pick_node]: class=pet_labeled conf=0.97 anchor=(274.9,624.0) kf_x=267.3 kf_vx=0.00 pending=3704 confirmed=True holding=False
[INFO] [1788861415.730297706] [tracking_pick_node]: class=pet_labeled conf=0.97 anchor=(274.9,624.0) kf_x=267.3 kf_vx=-0.00 pending=3705 confirmed=True holding=False
[INFO] [1788861415.868499124] [tracking_pick_node]: class=pet_labeled conf=0.97 anchor=(275.1,624.1) kf_x=267.3 kf_vx=0.00 pending=3706 confirmed=True holding=False
[INFO] [1788861415.993326499] [tracking_pick_node]: class=pet_labeled conf=0.97 anchor=(274.9,624.1) kf_x=267.3 kf_vx=0.00 pending=3707 confirmed=True holding=False
[INFO] [1788861416.128598274] [tracking_pick_node]: class=pet_labeled conf=0.97 anchor=(274.9,624.2) kf_x=267.3 kf_vx=0.00 pending=3708 confirmed=True holding=False
[INFO] [1788861416.260569650] [tracking_pick_node]: class=pet_labeled conf=0.97 anchor=(274.9,624.0) kf_x=267.3 kf_vx=-0.00 pending=3709 confirmed=True holding=False
[INFO] [1788861416.393146756] [tracking_pick_node]: class=pet_labeled conf=0.97 anchor=(275.0,624.1) kf_x=267.3 kf_vx=0.00 pending=3710 confirmed=True holding=False
[INFO] [1788861416.530345266] [tracking_pick_node]: class=pet_labeled conf=0.97 anchor=(275.0,624.1) kf_x=267.3 kf_vx=0.00 pending=3711 confirmed=True holding=False
[INFO] [1788861416.665856003] [tracking_pick_node]: class=pet_labeled conf=0.97 anchor=(275.0,624.0) kf_x=267.3 kf_vx=0.00 pending=3712 confirmed=True holding=False
[INFO] [1788861416.793958204] [tracking_pick_node]: class=pet_labeled conf=0.97 anchor=(274.9,624.1) kf_x=267.3 kf_vx=0.00 pending=3713 confirmed=True holding=False
[INFO] [1788861416.930011419] [tracking_pick_node]: class=pet_labeled conf=0.97 anchor=(275.0,624.1) kf_x=267.3 kf_vx=0.00 pending=3714 confirmed=True holding=False
[INFO] [1788861417.061177351] [tracking_pick_node]: class=pet_labeled conf=0.97 anchor=(274.9,624.1) kf_x=267.3 kf_vx=0.00 pending=3715 confirmed=True holding=False
[INFO] [1788861417.192662605] [tracking_pick_node]: class=pet_labeled conf=0.97 anchor=(274.9,624.0) kf_x=267.3 kf_vx=-0.00 pending=3716 confirmed=True holding=False
[INFO] [1788861417.329634919] [tracking_pick_node]: class=pet_labeled conf=0.97 anchor=(275.0,624.2) kf_x=267.3 kf_vx=-0.00 pending=3717 confirmed=True holding=False
[INFO] [1788861417.460027344] [tracking_pick_node]: class=pet_labeled conf=0.97 anchor=(275.0,624.1) kf_x=267.3 kf_vx=0.00 pending=3718 confirmed=True holding=False
[INFO] [1788861417.593219972] [tracking_pick_node]: class=pet_labeled conf=0.97 anchor=(275.0,624.1) kf_x=267.3 kf_vx=0.00 pending=3719 confirmed=True holding=False
[INFO] [1788861417.728847261] [tracking_pick_node]: class=pet_labeled conf=0.97 anchor=(274.9,624.0) kf_x=267.3 kf_vx=-0.00 pending=3720 confirmed=True holding=False
[INFO] [1788861417.861074337] [tracking_pick_node]: class=pet_labeled conf=0.97 anchor=(275.0,624.1) kf_x=267.3 kf_vx=0.00 pending=3721 confirmed=True holding=False
[INFO] [1788861417.993361898] [tracking_pick_node]: class=pet_labeled conf=0.97 anchor=(274.9,624.1) kf_x=267.3 kf_vx=-0.00 pending=3722 confirmed=True holding=False
[INFO] [1788861418.128719575] [tracking_pick_node]: class=pet_labeled conf=0.97 anchor=(275.0,624.0) kf_x=267.3 kf_vx=0.00 pending=3723 confirmed=True holding=False
[INFO] [1788861418.267599729] [tracking_pick_node]: class=pet_labeled conf=0.97 anchor=(275.0,624.0) kf_x=267.3 kf_vx=0.00 pending=3724 confirmed=True holding=False
[INFO] [1788861418.396204582] [tracking_pick_node]: class=pet_labeled conf=0.97 anchor=(275.0,624.1) kf_x=267.3 kf_vx=0.00 pending=3725 confirmed=True holding=False
[INFO] [1788861418.528446846] [tracking_pick_node]: class=pet_labeled conf=0.97 anchor=(274.9,624.2) kf_x=267.3 kf_vx=0.00 pending=3726 confirmed=True holding=False
[INFO] [1788861418.661628030] [tracking_pick_node]: class=pet_labeled conf=0.97 anchor=(275.0,624.2) kf_x=267.3 kf_vx=0.00 pending=3727 confirmed=True holding=False
[INFO] [1788861418.793028999] [tracking_pick_node]: class=pet_labeled conf=0.97 anchor=(275.1,624.1) kf_x=267.3 kf_vx=0.00 pending=3728 confirmed=True holding=False
[INFO] [1788861418.930308866] [tracking_pick_node]: class=pet_labeled conf=0.97 anchor=(275.0,624.1) kf_x=267.3 kf_vx=0.00 pending=3729 confirmed=True holding=False
[INFO] [1788861419.060079546] [tracking_pick_node]: class=pet_labeled conf=0.97 anchor=(275.0,624.1) kf_x=267.3 kf_vx=0.00 pending=3730 confirmed=True holding=False
[INFO] [1788861419.193807995] [tracking_pick_node]: class=pet_labeled conf=0.97 anchor=(275.0,624.2) kf_x=267.3 kf_vx=0.00 pending=3731 confirmed=True holding=False
[INFO] [1788861419.329907321] [tracking_pick_node]: class=pet_labeled conf=0.97 anchor=(275.0,624.1) kf_x=267.3 kf_vx=0.00 pending=3732 confirmed=True holding=False
[INFO] [1788861419.460244011] [tracking_pick_node]: class=pet_labeled conf=0.97 anchor=(275.0,624.2) kf_x=267.3 kf_vx=0.00 pending=3733 confirmed=True holding=False
[INFO] [1788861419.593532555] [tracking_pick_node]: class=pet_labeled conf=0.97 anchor=(274.9,624.1) kf_x=267.3 kf_vx=0.00 pending=3734 confirmed=True holding=False
[INFO] [1788861419.728958524] [tracking_pick_node]: class=pet_labeled conf=0.97 anchor=(275.0,624.1) kf_x=267.3 kf_vx=0.00 pending=3735 confirmed=True holding=False
[INFO] [1788861419.860065925] [tracking_pick_node]: class=pet_labeled conf=0.97 anchor=(275.0,624.1) kf_x=267.3 kf_vx=0.00 pending=3736 confirmed=True holding=False
[INFO] [1788861419.993332684] [tracking_pick_node]: class=pet_labeled conf=0.97 anchor=(275.0,624.1) kf_x=267.3 kf_vx=0.00 pending=3737 confirmed=True holding=False
[INFO] [1788861420.128835824] [tracking_pick_node]: class=pet_labeled conf=0.97 anchor=(275.0,624.1) kf_x=267.3 kf_vx=0.00 pending=3738 confirmed=True holding=False
[INFO] [1788861420.260437085] [tracking_pick_node]: class=pet_labeled conf=0.97 anchor=(274.9,624.0) kf_x=267.3 kf_vx=0.00 pending=3739 confirmed=True holding=False
[INFO] [1788861420.392596757] [tracking_pick_node]: class=pet_labeled conf=0.97 anchor=(275.0,624.1) kf_x=267.3 kf_vx=0.00 pending=3740 confirmed=True holding=False
[INFO] [1788861420.528518170] [tracking_pick_node]: class=pet_labeled conf=0.97 anchor=(274.9,624.0) kf_x=267.3 kf_vx=-0.00 pending=3741 confirmed=True holding=False
[INFO] [1788861420.661068674] [tracking_pick_node]: class=pet_labeled conf=0.97 anchor=(274.9,624.1) kf_x=267.3 kf_vx=-0.00 pending=3742 confirmed=True holding=False
[INFO] [1788861420.792242616] [tracking_pick_node]: class=pet_labeled conf=0.97 anchor=(275.0,624.1) kf_x=267.3 kf_vx=-0.00 pending=3743 confirmed=True holding=False
[INFO] [1788861420.936909333] [tracking_pick_node]: class=pet_labeled conf=0.97 anchor=(275.0,624.2) kf_x=267.3 kf_vx=-0.00 pending=3744 confirmed=True holding=False
[INFO] [1788861421.061425008] [tracking_pick_node]: class=pet_labeled conf=0.97 anchor=(275.0,624.1) kf_x=267.3 kf_vx=-0.00 pending=3745 confirmed=True holding=False
[INFO] [1788861421.194294637] [tracking_pick_node]: class=pet_labeled conf=0.97 anchor=(275.0,624.1) kf_x=267.3 kf_vx=-0.00 pending=3746 confirmed=True holding=False
[INFO] [1788861421.328736984] [tracking_pick_node]: class=pet_labeled conf=0.97 anchor=(275.0,624.1) kf_x=267.3 kf_vx=0.00 pending=3747 confirmed=True holding=False
[INFO] [1788861421.460305191] [tracking_pick_node]: class=pet_labeled conf=0.97 anchor=(274.9,624.1) kf_x=267.3 kf_vx=-0.00 pending=3748 confirmed=True holding=False
[INFO] [1788861421.592213362] [tracking_pick_node]: class=pet_labeled conf=0.97 anchor=(274.9,624.1) kf_x=267.3 kf_vx=-0.00 pending=3749 confirmed=True holding=False
[INFO] [1788861421.728153172] [tracking_pick_node]: class=pet_labeled conf=0.97 anchor=(275.0,624.1) kf_x=267.3 kf_vx=-0.00 pending=3750 confirmed=True holding=False
[INFO] [1788861421.860988100] [tracking_pick_node]: class=pet_labeled conf=0.97 anchor=(275.0,624.1) kf_x=267.3 kf_vx=-0.00 pending=3751 confirmed=True holding=False
[INFO] [1788861421.994356619] [tracking_pick_node]: class=pet_labeled conf=0.97 anchor=(274.9,624.1) kf_x=267.3 kf_vx=-0.00 pending=3752 confirmed=True holding=False
[INFO] [1788861422.128898931] [tracking_pick_node]: class=pet_labeled conf=0.97 anchor=(274.9,624.1) kf_x=267.3 kf_vx=-0.00 pending=3753 confirmed=True holding=False
[INFO] [1788861422.262441532] [tracking_pick_node]: class=pet_labeled conf=0.97 anchor=(275.0,624.1) kf_x=267.3 kf_vx=-0.00 pending=3754 confirmed=True holding=False
[INFO] [1788861422.398727567] [tracking_pick_node]: class=pet_labeled conf=0.97 anchor=(274.9,624.1) kf_x=267.2 kf_vx=-0.00 pending=3755 confirmed=True holding=False
[INFO] [1788861422.531341451] [tracking_pick_node]: class=pet_labeled conf=0.97 anchor=(275.0,624.0) kf_x=267.3 kf_vx=-0.00 pending=3756 confirmed=True holding=False
[INFO] [1788861422.665108152] [tracking_pick_node]: class=pet_labeled conf=0.97 anchor=(274.9,624.2) kf_x=267.2 kf_vx=-0.00 pending=3757 confirmed=True holding=False
[INFO] [1788861422.793967727] [tracking_pick_node]: class=pet_labeled conf=0.97 anchor=(275.0,624.0) kf_x=267.2 kf_vx=-0.00 pending=3758 confirmed=True holding=False
[INFO] [1788861422.928734052] [tracking_pick_node]: class=pet_labeled conf=0.97 anchor=(274.9,624.1) kf_x=267.2 kf_vx=-0.00 pending=3759 confirmed=True holding=False
[INFO] [1788861423.066470873] [tracking_pick_node]: class=pet_labeled conf=0.97 anchor=(274.9,624.1) kf_x=267.2 kf_vx=-0.00 pending=3760 confirmed=True holding=False
[INFO] [1788861423.193940267] [tracking_pick_node]: class=pet_labeled conf=0.97 anchor=(275.0,624.1) kf_x=267.2 kf_vx=-0.00 pending=3761 confirmed=True holding=False
[INFO] [1788861423.328550699] [tracking_pick_node]: class=pet_labeled conf=0.97 anchor=(274.9,624.0) kf_x=267.2 kf_vx=-0.00 pending=3762 confirmed=True holding=False
[INFO] [1788861423.460236489] [tracking_pick_node]: class=pet_labeled conf=0.97 anchor=(275.1,624.1) kf_x=267.3 kf_vx=-0.00 pending=3763 confirmed=True holding=False
[INFO] [1788861423.592150850] [tracking_pick_node]: class=pet_labeled conf=0.97 anchor=(275.0,624.1) kf_x=267.3 kf_vx=-0.00 pending=3764 confirmed=True holding=False
[INFO] [1788861423.728752779] [tracking_pick_node]: class=pet_labeled conf=0.97 anchor=(274.9,624.1) kf_x=267.3 kf_vx=-0.00 pending=3765 confirmed=True holding=False
[INFO] [1788861423.867789687] [tracking_pick_node]: class=pet_labeled conf=0.97 anchor=(274.9,624.1) kf_x=267.2 kf_vx=-0.00 pending=3766 confirmed=True holding=False
[INFO] [1788861423.993791207] [tracking_pick_node]: class=pet_labeled conf=0.97 anchor=(275.0,624.1) kf_x=267.2 kf_vx=-0.00 pending=3767 confirmed=True holding=False
[INFO] [1788861424.130426139] [tracking_pick_node]: class=pet_labeled conf=0.97 anchor=(275.0,624.1) kf_x=267.3 kf_vx=-0.00 pending=3768 confirmed=True holding=False
[INFO] [1788861424.262042364] [tracking_pick_node]: class=pet_labeled conf=0.97 anchor=(275.0,624.2) kf_x=267.3 kf_vx=-0.00 pending=3769 confirmed=True holding=False
[INFO] [1788861424.392450686] [tracking_pick_node]: class=pet_labeled conf=0.97 anchor=(275.0,624.1) kf_x=267.3 kf_vx=0.00 pending=3770 confirmed=True holding=False
[INFO] [1788861424.528080423] [tracking_pick_node]: class=pet_labeled conf=0.97 anchor=(275.0,624.0) kf_x=267.3 kf_vx=0.00 pending=3771 confirmed=True holding=False
[INFO] [1788861424.661025570] [tracking_pick_node]: class=pet_labeled conf=0.97 anchor=(275.0,624.1) kf_x=267.3 kf_vx=0.00 pending=3772 confirmed=True holding=False
[INFO] [1788861424.795729409] [tracking_pick_node]: class=pet_labeled conf=0.97 anchor=(275.0,624.0) kf_x=267.3 kf_vx=0.00 pending=3773 confirmed=True holding=False
[INFO] [1788861424.924837241] [tracking_pick_node]: class=pet_labeled conf=0.97 anchor=(274.9,624.1) kf_x=267.3 kf_vx=0.00 pending=3774 confirmed=True holding=False
[INFO] [1788861425.061600194] [tracking_pick_node]: class=pet_labeled conf=0.97 anchor=(275.0,624.2) kf_x=267.3 kf_vx=0.00 pending=3775 confirmed=True holding=False
[INFO] [1788861425.192119446] [tracking_pick_node]: class=pet_labeled conf=0.97 anchor=(274.9,624.1) kf_x=267.3 kf_vx=0.00 pending=3776 confirmed=True holding=False
[INFO] [1788861425.324055890] [tracking_pick_node]: class=pet_labeled conf=0.97 anchor=(275.1,624.1) kf_x=267.3 kf_vx=0.00 pending=3777 confirmed=True holding=False
[INFO] [1788861425.463453110] [tracking_pick_node]: class=pet_labeled conf=0.97 anchor=(275.0,624.0) kf_x=267.3 kf_vx=0.00 pending=3778 confirmed=True holding=False
[INFO] [1788861425.599976248] [tracking_pick_node]: class=pet_labeled conf=0.97 anchor=(275.1,624.1) kf_x=267.3 kf_vx=0.00 pending=3779 confirmed=True holding=False
[INFO] [1788861425.724578935] [tracking_pick_node]: class=pet_labeled conf=0.97 anchor=(275.0,624.1) kf_x=267.3 kf_vx=0.00 pending=3780 confirmed=True holding=False
[INFO] [1788861425.866289139] [tracking_pick_node]: class=pet_labeled conf=0.97 anchor=(274.9,624.1) kf_x=267.3 kf_vx=0.00 pending=3781 confirmed=True holding=False
[INFO] [1788861425.997510968] [tracking_pick_node]: class=pet_labeled conf=0.97 anchor=(275.0,624.0) kf_x=267.3 kf_vx=0.00 pending=3782 confirmed=True holding=False
[INFO] [1788861426.124916890] [tracking_pick_node]: class=pet_labeled conf=0.97 anchor=(275.0,624.1) kf_x=267.3 kf_vx=0.00 pending=3783 confirmed=True holding=False
[INFO] [1788861426.260844249] [tracking_pick_node]: class=pet_labeled conf=0.97 anchor=(275.0,624.0) kf_x=267.3 kf_vx=0.00 pending=3784 confirmed=True holding=False
[INFO] [1788861426.395693584] [tracking_pick_node]: class=pet_labeled conf=0.97 anchor=(274.9,624.2) kf_x=267.3 kf_vx=0.00 pending=3785 confirmed=True holding=False
[INFO] [1788861426.524619527] [tracking_pick_node]: class=pet_labeled conf=0.97 anchor=(275.0,624.1) kf_x=267.3 kf_vx=0.00 pending=3786 confirmed=True holding=False
[INFO] [1788861426.661404888] [tracking_pick_node]: class=pet_labeled conf=0.97 anchor=(275.0,624.1) kf_x=267.3 kf_vx=0.00 pending=3787 confirmed=True holding=False
[INFO] [1788861426.795011900] [tracking_pick_node]: class=pet_labeled conf=0.97 anchor=(275.1,624.1) kf_x=267.3 kf_vx=0.00 pending=3788 confirmed=True holding=False
[INFO] [1788861426.925770689] [tracking_pick_node]: class=pet_labeled conf=0.97 anchor=(274.9,624.0) kf_x=267.3 kf_vx=0.00 pending=3789 confirmed=True holding=False
[INFO] [1788861427.060596903] [tracking_pick_node]: class=pet_labeled conf=0.97 anchor=(274.9,624.1) kf_x=267.3 kf_vx=0.00 pending=3790 confirmed=True holding=False
[INFO] [1788861427.192314222] [tracking_pick_node]: class=pet_labeled conf=0.97 anchor=(274.9,624.1) kf_x=267.3 kf_vx=0.00 pending=3791 confirmed=True holding=False
[INFO] [1788861427.325603110] [tracking_pick_node]: class=pet_labeled conf=0.97 anchor=(275.0,624.2) kf_x=267.3 kf_vx=0.00 pending=3792 confirmed=True holding=False
[INFO] [1788861427.460335106] [tracking_pick_node]: class=pet_labeled conf=0.97 anchor=(275.0,624.1) kf_x=267.3 kf_vx=0.00 pending=3793 confirmed=True holding=False
[INFO] [1788861427.594801176] [tracking_pick_node]: class=pet_labeled conf=0.97 anchor=(275.0,624.0) kf_x=267.3 kf_vx=0.00 pending=3794 confirmed=True holding=False
[INFO] [1788861427.726352026] [tracking_pick_node]: class=pet_labeled conf=0.97 anchor=(275.0,624.1) kf_x=267.3 kf_vx=0.00 pending=3795 confirmed=True holding=False
[INFO] [1788861427.860633605] [tracking_pick_node]: class=pet_labeled conf=0.97 anchor=(275.0,624.2) kf_x=267.3 kf_vx=0.00 pending=3796 confirmed=True holding=False
[INFO] [1788861427.992218614] [tracking_pick_node]: class=pet_labeled conf=0.97 anchor=(275.0,624.0) kf_x=267.3 kf_vx=0.00 pending=3797 confirmed=True holding=False
[INFO] [1788861428.132200127] [tracking_pick_node]: class=pet_labeled conf=0.97 anchor=(275.0,624.1) kf_x=267.3 kf_vx=0.00 pending=3798 confirmed=True holding=False
[INFO] [1788861428.261163575] [tracking_pick_node]: class=pet_labeled conf=0.97 anchor=(275.0,624.1) kf_x=267.3 kf_vx=0.00 pending=3799 confirmed=True holding=False
[INFO] [1788861428.393703945] [tracking_pick_node]: class=pet_labeled conf=0.97 anchor=(274.9,624.1) kf_x=267.3 kf_vx=0.00 pending=3800 confirmed=True holding=False
[INFO] [1788861428.525055712] [tracking_pick_node]: class=pet_labeled conf=0.97 anchor=(275.0,624.1) kf_x=267.3 kf_vx=0.00 pending=3801 confirmed=True holding=False
[INFO] [1788861428.661027984] [tracking_pick_node]: class=pet_labeled conf=0.97 anchor=(274.9,624.0) kf_x=267.3 kf_vx=0.00 pending=3802 confirmed=True holding=False
[INFO] [1788861428.792510035] [tracking_pick_node]: class=pet_labeled conf=0.97 anchor=(275.0,624.1) kf_x=267.3 kf_vx=0.00 pending=3803 confirmed=True holding=False
[INFO] [1788861428.925058027] [tracking_pick_node]: class=pet_labeled conf=0.97 anchor=(275.0,624.2) kf_x=267.3 kf_vx=0.00 pending=3804 confirmed=True holding=False
[INFO] [1788861429.062700464] [tracking_pick_node]: class=pet_labeled conf=0.97 anchor=(275.0,624.0) kf_x=267.3 kf_vx=0.00 pending=3805 confirmed=True holding=False
[INFO] [1788861429.192885447] [tracking_pick_node]: class=pet_labeled conf=0.97 anchor=(275.0,624.1) kf_x=267.3 kf_vx=-0.00 pending=3806 confirmed=True holding=False
[INFO] [1788861429.325028079] [tracking_pick_node]: class=pet_labeled conf=0.97 anchor=(275.0,624.1) kf_x=267.3 kf_vx=-0.00 pending=3807 confirmed=True holding=False
[INFO] [1788861429.460737287] [tracking_pick_node]: class=pet_labeled conf=0.97 anchor=(275.0,624.2) kf_x=267.3 kf_vx=0.00 pending=3808 confirmed=True holding=False
[INFO] [1788861429.594163051] [tracking_pick_node]: class=pet_labeled conf=0.97 anchor=(275.0,624.1) kf_x=267.3 kf_vx=0.00 pending=3809 confirmed=True holding=False
[INFO] [1788861429.729217336] [tracking_pick_node]: class=pet_labeled conf=0.97 anchor=(275.0,624.1) kf_x=267.3 kf_vx=0.00 pending=3810 confirmed=True holding=False
[INFO] [1788861429.864871347] [tracking_pick_node]: class=pet_labeled conf=0.97 anchor=(275.0,624.1) kf_x=267.3 kf_vx=0.00 pending=3811 confirmed=True holding=False
[INFO] [1788861429.993127924] [tracking_pick_node]: class=pet_labeled conf=0.97 anchor=(274.9,624.1) kf_x=267.3 kf_vx=-0.00 pending=3812 confirmed=True holding=False
[INFO] [1788861430.124882747] [tracking_pick_node]: class=pet_labeled conf=0.97 anchor=(274.9,624.1) kf_x=267.3 kf_vx=-0.00 pending=3813 confirmed=True holding=False
[INFO] [1788861430.264775634] [tracking_pick_node]: class=pet_labeled conf=0.97 anchor=(274.9,624.1) kf_x=267.3 kf_vx=-0.00 pending=3814 confirmed=True holding=False
[INFO] [1788861430.393764254] [tracking_pick_node]: class=pet_labeled conf=0.97 anchor=(275.1,624.0) kf_x=267.3 kf_vx=-0.00 pending=3815 confirmed=True holding=False
[INFO] [1788861430.534348020] [tracking_pick_node]: class=pet_labeled conf=0.97 anchor=(274.9,624.1) kf_x=267.3 kf_vx=-0.00 pending=3816 confirmed=True holding=False
[INFO] [1788861430.671844746] [tracking_pick_node]: class=pet_labeled conf=0.97 anchor=(275.0,624.1) kf_x=267.3 kf_vx=-0.00 pending=3817 confirmed=True holding=False
[INFO] [1788861430.797121186] [tracking_pick_node]: class=pet_labeled conf=0.97 anchor=(275.0,624.1) kf_x=267.3 kf_vx=-0.00 pending=3818 confirmed=True holding=False
[INFO] [1788861430.924859358] [tracking_pick_node]: class=pet_labeled conf=0.97 anchor=(274.9,624.1) kf_x=267.3 kf_vx=-0.00 pending=3819 confirmed=True holding=False
[INFO] [1788861431.061840457] [tracking_pick_node]: class=pet_labeled conf=0.97 anchor=(274.9,624.2) kf_x=267.3 kf_vx=-0.00 pending=3820 confirmed=True holding=False
[INFO] [1788861431.196326954] [tracking_pick_node]: class=pet_labeled conf=0.97 anchor=(275.0,624.1) kf_x=267.3 kf_vx=-0.00 pending=3821 confirmed=True holding=False
[INFO] [1788861431.324791704] [tracking_pick_node]: class=pet_labeled conf=0.97 anchor=(275.0,624.1) kf_x=267.3 kf_vx=-0.00 pending=3822 confirmed=True holding=False
[INFO] [1788861431.461194532] [tracking_pick_node]: class=pet_labeled conf=0.97 anchor=(274.9,624.1) kf_x=267.3 kf_vx=-0.00 pending=3823 confirmed=True holding=False
[INFO] [1788861431.592667707] [tracking_pick_node]: class=pet_labeled conf=0.97 anchor=(275.0,624.1) kf_x=267.3 kf_vx=-0.00 pending=3824 confirmed=True holding=False
[INFO] [1788861431.726200518] [tracking_pick_node]: class=pet_labeled conf=0.97 anchor=(275.0,624.1) kf_x=267.3 kf_vx=-0.00 pending=3825 confirmed=True holding=False
[INFO] [1788861431.861403095] [tracking_pick_node]: class=pet_labeled conf=0.97 anchor=(275.0,624.0) kf_x=267.3 kf_vx=-0.00 pending=3826 confirmed=True holding=False
[INFO] [1788861431.993851204] [tracking_pick_node]: class=pet_labeled conf=0.97 anchor=(275.0,624.1) kf_x=267.3 kf_vx=-0.00 pending=3827 confirmed=True holding=False
[INFO] [1788861432.124778721] [tracking_pick_node]: class=pet_labeled conf=0.97 anchor=(275.0,624.0) kf_x=267.3 kf_vx=-0.00 pending=3828 confirmed=True holding=False
[INFO] [1788861432.265747777] [tracking_pick_node]: class=pet_labeled conf=0.97 anchor=(275.0,624.1) kf_x=267.3 kf_vx=-0.00 pending=3829 confirmed=True holding=False
[INFO] [1788861432.392534074] [tracking_pick_node]: class=pet_labeled conf=0.97 anchor=(274.9,624.1) kf_x=267.3 kf_vx=-0.00 pending=3830 confirmed=True holding=False
[INFO] [1788861432.526294481] [tracking_pick_node]: class=pet_labeled conf=0.97 anchor=(275.0,624.1) kf_x=267.3 kf_vx=-0.00 pending=3831 confirmed=True holding=False
[INFO] [1788861432.667503143] [tracking_pick_node]: class=pet_labeled conf=0.97 anchor=(275.0,624.1) kf_x=267.3 kf_vx=-0.00 pending=3832 confirmed=True holding=False
[INFO] [1788861432.793681839] [tracking_pick_node]: class=pet_labeled conf=0.97 anchor=(275.0,624.2) kf_x=267.3 kf_vx=-0.00 pending=3833 confirmed=True holding=False
[INFO] [1788861432.924693005] [tracking_pick_node]: class=pet_labeled conf=0.97 anchor=(275.0,624.0) kf_x=267.3 kf_vx=-0.00 pending=3834 confirmed=True holding=False
[INFO] [1788861433.060163928] [tracking_pick_node]: class=pet_labeled conf=0.97 anchor=(275.0,624.1) kf_x=267.3 kf_vx=-0.00 pending=3835 confirmed=True holding=False
[INFO] [1788861433.193776053] [tracking_pick_node]: class=pet_labeled conf=0.97 anchor=(275.0,624.1) kf_x=267.3 kf_vx=0.00 pending=3836 confirmed=True holding=False
[INFO] [1788861433.325545125] [tracking_pick_node]: class=pet_labeled conf=0.97 anchor=(275.0,624.1) kf_x=267.3 kf_vx=0.00 pending=3837 confirmed=True holding=False
[INFO] [1788861433.466990678] [tracking_pick_node]: class=pet_labeled conf=0.97 anchor=(274.9,624.1) kf_x=267.3 kf_vx=-0.00 pending=3838 confirmed=True holding=False
[INFO] [1788861433.595027414] [tracking_pick_node]: class=pet_labeled conf=0.97 anchor=(275.0,624.0) kf_x=267.3 kf_vx=-0.00 pending=3839 confirmed=True holding=False
[INFO] [1788861433.725436750] [tracking_pick_node]: class=pet_labeled conf=0.97 anchor=(274.9,624.1) kf_x=267.2 kf_vx=-0.00 pending=3840 confirmed=True holding=False
[INFO] [1788861433.860031558] [tracking_pick_node]: class=pet_labeled conf=0.97 anchor=(275.0,624.1) kf_x=267.3 kf_vx=-0.00 pending=3841 confirmed=True holding=False
[INFO] [1788861433.992332137] [tracking_pick_node]: class=pet_labeled conf=0.97 anchor=(274.9,624.0) kf_x=267.2 kf_vx=-0.00 pending=3842 confirmed=True holding=False
[INFO] [1788861434.124530444] [tracking_pick_node]: class=pet_labeled conf=0.97 anchor=(274.9,624.2) kf_x=267.2 kf_vx=-0.00 pending=3843 confirmed=True holding=False
[INFO] [1788861434.263049428] [tracking_pick_node]: class=pet_labeled conf=0.97 anchor=(274.8,624.0) kf_x=267.2 kf_vx=-0.01 pending=3844 confirmed=True holding=False
[INFO] [1788861434.394662923] [tracking_pick_node]: class=pet_labeled conf=0.97 anchor=(275.0,624.1) kf_x=267.2 kf_vx=-0.00 pending=3845 confirmed=True holding=False
[INFO] [1788861434.524954595] [tracking_pick_node]: class=pet_labeled conf=0.97 anchor=(275.1,624.0) kf_x=267.2 kf_vx=-0.00 pending=3846 confirmed=True holding=False
[INFO] [1788861434.661765671] [tracking_pick_node]: class=pet_labeled conf=0.97 anchor=(275.0,624.2) kf_x=267.2 kf_vx=-0.00 pending=3847 confirmed=True holding=False
[INFO] [1788861434.794159328] [tracking_pick_node]: class=pet_labeled conf=0.97 anchor=(274.9,624.0) kf_x=267.2 kf_vx=-0.00 pending=3848 confirmed=True holding=False
[INFO] [1788861434.928946980] [tracking_pick_node]: class=pet_labeled conf=0.97 anchor=(275.0,624.1) kf_x=267.2 kf_vx=-0.00 pending=3849 confirmed=True holding=False
[INFO] [1788861435.060739546] [tracking_pick_node]: class=pet_labeled conf=0.97 anchor=(274.9,624.1) kf_x=267.2 kf_vx=-0.00 pending=3850 confirmed=True holding=False
[INFO] [1788861435.192854431] [tracking_pick_node]: class=pet_labeled conf=0.97 anchor=(275.0,624.1) kf_x=267.2 kf_vx=-0.00 pending=3851 confirmed=True holding=False
[INFO] [1788861435.326017855] [tracking_pick_node]: class=pet_labeled conf=0.97 anchor=(275.0,624.1) kf_x=267.3 kf_vx=-0.00 pending=3852 confirmed=True holding=False
[INFO] [1788861435.463075861] [tracking_pick_node]: class=pet_labeled conf=0.97 anchor=(274.9,624.1) kf_x=267.3 kf_vx=-0.00 pending=3853 confirmed=True holding=False
[INFO] [1788861435.593235930] [tracking_pick_node]: class=pet_labeled conf=0.97 anchor=(274.9,624.1) kf_x=267.2 kf_vx=-0.00 pending=3854 confirmed=True holding=False
[INFO] [1788861435.724186557] [tracking_pick_node]: class=pet_labeled conf=0.97 anchor=(275.0,624.1) kf_x=267.2 kf_vx=-0.00 pending=3855 confirmed=True holding=False
[INFO] [1788861435.861435201] [tracking_pick_node]: class=pet_labeled conf=0.97 anchor=(275.0,624.1) kf_x=267.3 kf_vx=0.00 pending=3856 confirmed=True holding=False
[INFO] [1788861435.996070393] [tracking_pick_node]: class=pet_labeled conf=0.97 anchor=(275.0,624.1) kf_x=267.3 kf_vx=0.00 pending=3857 confirmed=True holding=False
[INFO] [1788861436.125110772] [tracking_pick_node]: class=pet_labeled conf=0.97 anchor=(275.0,624.1) kf_x=267.3 kf_vx=0.00 pending=3858 confirmed=True holding=False
[INFO] [1788861436.261294914] [tracking_pick_node]: class=pet_labeled conf=0.97 anchor=(275.0,624.1) kf_x=267.3 kf_vx=0.00 pending=3859 confirmed=True holding=False
[INFO] [1788861436.393509468] [tracking_pick_node]: class=pet_labeled conf=0.97 anchor=(275.0,624.1) kf_x=267.3 kf_vx=0.00 pending=3860 confirmed=True holding=False
[INFO] [1788861436.523974825] [tracking_pick_node]: class=pet_labeled conf=0.97 anchor=(275.0,624.1) kf_x=267.3 kf_vx=0.00 pending=3861 confirmed=True holding=False
[INFO] [1788861436.660148219] [tracking_pick_node]: class=pet_labeled conf=0.97 anchor=(275.0,624.0) kf_x=267.3 kf_vx=0.00 pending=3862 confirmed=True holding=False
[INFO] [1788861436.794357910] [tracking_pick_node]: class=pet_labeled conf=0.97 anchor=(275.0,624.1) kf_x=267.3 kf_vx=0.00 pending=3863 confirmed=True holding=False
[INFO] [1788861436.925028043] [tracking_pick_node]: class=pet_labeled conf=0.97 anchor=(275.1,624.2) kf_x=267.3 kf_vx=0.00 pending=3864 confirmed=True holding=False
[INFO] [1788861437.061789591] [tracking_pick_node]: class=pet_labeled conf=0.97 anchor=(275.1,624.1) kf_x=267.3 kf_vx=0.01 pending=3865 confirmed=True holding=False
[INFO] [1788861437.193357321] [tracking_pick_node]: class=pet_labeled conf=0.97 anchor=(275.0,624.1) kf_x=267.3 kf_vx=0.01 pending=3866 confirmed=True holding=False
[INFO] [1788861437.324890960] [tracking_pick_node]: class=pet_labeled conf=0.97 anchor=(274.9,624.2) kf_x=267.3 kf_vx=0.00 pending=3867 confirmed=True holding=False
[INFO] [1788861437.466420841] [tracking_pick_node]: class=pet_labeled conf=0.97 anchor=(275.0,624.1) kf_x=267.3 kf_vx=0.00 pending=3868 confirmed=True holding=False
[INFO] [1788861437.595056872] [tracking_pick_node]: class=pet_labeled conf=0.97 anchor=(275.0,624.2) kf_x=267.3 kf_vx=0.00 pending=3869 confirmed=True holding=False
[INFO] [1788861437.724886883] [tracking_pick_node]: class=pet_labeled conf=0.97 anchor=(275.0,624.0) kf_x=267.3 kf_vx=0.00 pending=3870 confirmed=True holding=False
[INFO] [1788861437.861274914] [tracking_pick_node]: class=pet_labeled conf=0.97 anchor=(275.0,624.1) kf_x=267.3 kf_vx=0.00 pending=3871 confirmed=True holding=False
[INFO] [1788861437.995017473] [tracking_pick_node]: class=pet_labeled conf=0.97 anchor=(275.0,624.1) kf_x=267.3 kf_vx=0.00 pending=3872 confirmed=True holding=False
[INFO] [1788861438.124280589] [tracking_pick_node]: class=pet_labeled conf=0.97 anchor=(275.0,624.1) kf_x=267.3 kf_vx=0.00 pending=3873 confirmed=True holding=False
[INFO] [1788861438.258888142] [tracking_pick_node]: class=pet_labeled conf=0.97 anchor=(274.9,624.0) kf_x=267.3 kf_vx=0.00 pending=3874 confirmed=True holding=False
[INFO] [1788861438.394571342] [tracking_pick_node]: class=pet_labeled conf=0.97 anchor=(275.0,624.1) kf_x=267.3 kf_vx=0.00 pending=3875 confirmed=True holding=False
[INFO] [1788861438.526563961] [tracking_pick_node]: class=pet_labeled conf=0.97 anchor=(275.0,624.0) kf_x=267.3 kf_vx=0.00 pending=3876 confirmed=True holding=False
[INFO] [1788861438.657078877] [tracking_pick_node]: class=pet_labeled conf=0.97 anchor=(275.0,624.1) kf_x=267.3 kf_vx=0.00 pending=3877 confirmed=True holding=False
[INFO] [1788861438.793118411] [tracking_pick_node]: class=pet_labeled conf=0.97 anchor=(275.0,624.1) kf_x=267.3 kf_vx=0.00 pending=3878 confirmed=True holding=False
[INFO] [1788861438.925307439] [tracking_pick_node]: class=pet_labeled conf=0.97 anchor=(275.0,624.1) kf_x=267.3 kf_vx=0.00 pending=3879 confirmed=True holding=False
[INFO] [1788861439.058343772] [tracking_pick_node]: class=pet_labeled conf=0.97 anchor=(275.0,624.0) kf_x=267.3 kf_vx=0.00 pending=3880 confirmed=True holding=False
[INFO] [1788861439.194504773] [tracking_pick_node]: class=pet_labeled conf=0.97 anchor=(275.0,624.1) kf_x=267.3 kf_vx=0.00 pending=3881 confirmed=True holding=False
[INFO] [1788861439.326819101] [tracking_pick_node]: class=pet_labeled conf=0.97 anchor=(275.0,624.2) kf_x=267.3 kf_vx=0.00 pending=3882 confirmed=True holding=False
[INFO] [1788861439.458536191] [tracking_pick_node]: class=pet_labeled conf=0.97 anchor=(275.0,624.0) kf_x=267.3 kf_vx=0.00 pending=3883 confirmed=True holding=False
[INFO] [1788861439.595025976] [tracking_pick_node]: class=pet_labeled conf=0.97 anchor=(275.0,624.1) kf_x=267.3 kf_vx=0.00 pending=3884 confirmed=True holding=False
[INFO] [1788861439.726975966] [tracking_pick_node]: class=pet_labeled conf=0.97 anchor=(275.0,624.2) kf_x=267.3 kf_vx=0.00 pending=3885 confirmed=True holding=False
[INFO] [1788861439.857774632] [tracking_pick_node]: class=pet_labeled conf=0.97 anchor=(275.0,624.1) kf_x=267.3 kf_vx=0.00 pending=3886 confirmed=True holding=False
[INFO] [1788861439.994248151] [tracking_pick_node]: class=pet_labeled conf=0.97 anchor=(274.9,624.1) kf_x=267.3 kf_vx=-0.00 pending=3887 confirmed=True holding=False
[INFO] [1788861440.124921724] [tracking_pick_node]: class=pet_labeled conf=0.97 anchor=(275.0,624.0) kf_x=267.3 kf_vx=-0.00 pending=3888 confirmed=True holding=False
[INFO] [1788861440.256521032] [tracking_pick_node]: class=pet_labeled conf=0.97 anchor=(274.9,624.0) kf_x=267.3 kf_vx=-0.00 pending=3889 confirmed=True holding=False
[INFO] [1788861440.393468736] [tracking_pick_node]: class=pet_labeled conf=0.97 anchor=(275.0,624.2) kf_x=267.3 kf_vx=-0.00 pending=3890 confirmed=True holding=False
[INFO] [1788861440.527705849] [tracking_pick_node]: class=pet_labeled conf=0.97 anchor=(275.0,624.2) kf_x=267.3 kf_vx=0.00 pending=3891 confirmed=True holding=False
[INFO] [1788861440.657564975] [tracking_pick_node]: class=pet_labeled conf=0.97 anchor=(275.0,624.2) kf_x=267.3 kf_vx=0.00 pending=3892 confirmed=True holding=False
[INFO] [1788861440.794587578] [tracking_pick_node]: class=pet_labeled conf=0.97 anchor=(274.9,624.1) kf_x=267.3 kf_vx=-0.00 pending=3893 confirmed=True holding=False
[INFO] [1788861440.925098192] [tracking_pick_node]: class=pet_labeled conf=0.97 anchor=(275.0,624.1) kf_x=267.3 kf_vx=-0.00 pending=3894 confirmed=True holding=False
[INFO] [1788861441.057241170] [tracking_pick_node]: class=pet_labeled conf=0.97 anchor=(274.9,624.0) kf_x=267.3 kf_vx=-0.00 pending=3895 confirmed=True holding=False
[INFO] [1788861441.194301768] [tracking_pick_node]: class=pet_labeled conf=0.97 anchor=(275.0,624.1) kf_x=267.3 kf_vx=-0.00 pending=3896 confirmed=True holding=False
[INFO] [1788861441.325744780] [tracking_pick_node]: class=pet_labeled conf=0.97 anchor=(275.0,624.1) kf_x=267.3 kf_vx=-0.00 pending=3897 confirmed=True holding=False
[INFO] [1788861441.457511815] [tracking_pick_node]: class=pet_labeled conf=0.97 anchor=(275.1,624.0) kf_x=267.3 kf_vx=-0.00 pending=3898 confirmed=True holding=False
[INFO] [1788861441.593341614] [tracking_pick_node]: class=pet_labeled conf=0.97 anchor=(275.1,624.2) kf_x=267.3 kf_vx=0.00 pending=3899 confirmed=True holding=False
[INFO] [1788861441.724911166] [tracking_pick_node]: class=pet_labeled conf=0.97 anchor=(274.9,624.1) kf_x=267.3 kf_vx=0.00 pending=3900 confirmed=True holding=False
[INFO] [1788861441.857372901] [tracking_pick_node]: class=pet_labeled conf=0.97 anchor=(275.0,624.0) kf_x=267.3 kf_vx=0.00 pending=3901 confirmed=True holding=False
[INFO] [1788861441.992573768] [tracking_pick_node]: class=pet_labeled conf=0.97 anchor=(275.0,624.1) kf_x=267.3 kf_vx=0.00 pending=3902 confirmed=True holding=False
[INFO] [1788861442.125793100] [tracking_pick_node]: class=pet_labeled conf=0.97 anchor=(275.0,624.1) kf_x=267.3 kf_vx=0.00 pending=3903 confirmed=True holding=False
[INFO] [1788861442.256399586] [tracking_pick_node]: class=pet_labeled conf=0.97 anchor=(275.0,624.2) kf_x=267.3 kf_vx=0.00 pending=3904 confirmed=True holding=False
[INFO] [1788861442.393626112] [tracking_pick_node]: class=pet_labeled conf=0.97 anchor=(275.0,624.1) kf_x=267.3 kf_vx=0.00 pending=3905 confirmed=True holding=False
[INFO] [1788861442.525054714] [tracking_pick_node]: class=pet_labeled conf=0.97 anchor=(275.0,624.1) kf_x=267.3 kf_vx=0.00 pending=3906 confirmed=True holding=False
[INFO] [1788861442.656896557] [tracking_pick_node]: class=pet_labeled conf=0.97 anchor=(275.0,624.0) kf_x=267.3 kf_vx=0.00 pending=3907 confirmed=True holding=False
[INFO] [1788861442.792714538] [tracking_pick_node]: class=pet_labeled conf=0.97 anchor=(275.0,624.2) kf_x=267.3 kf_vx=0.00 pending=3908 confirmed=True holding=False
[INFO] [1788861442.926049729] [tracking_pick_node]: class=pet_labeled conf=0.97 anchor=(275.0,624.1) kf_x=267.3 kf_vx=0.00 pending=3909 confirmed=True holding=False
[INFO] [1788861443.058967149] [tracking_pick_node]: class=pet_labeled conf=0.97 anchor=(274.9,624.0) kf_x=267.3 kf_vx=0.00 pending=3910 confirmed=True holding=False
[INFO] [1788861443.194912399] [tracking_pick_node]: class=pet_labeled conf=0.97 anchor=(275.0,624.0) kf_x=267.3 kf_vx=0.00 pending=3911 confirmed=True holding=False
[INFO] [1788861443.324199928] [tracking_pick_node]: class=pet_labeled conf=0.97 anchor=(275.1,624.0) kf_x=267.3 kf_vx=0.00 pending=3912 confirmed=True holding=False
[INFO] [1788861443.457506821] [tracking_pick_node]: class=pet_labeled conf=0.97 anchor=(275.0,624.1) kf_x=267.3 kf_vx=0.00 pending=3913 confirmed=True holding=False
[INFO] [1788861443.593553360] [tracking_pick_node]: class=pet_labeled conf=0.97 anchor=(275.0,624.0) kf_x=267.3 kf_vx=0.00 pending=3914 confirmed=True holding=False
[INFO] [1788861443.724823193] [tracking_pick_node]: class=pet_labeled conf=0.97 anchor=(275.0,624.0) kf_x=267.3 kf_vx=0.00 pending=3915 confirmed=True holding=False
[INFO] [1788861443.857186004] [tracking_pick_node]: class=pet_labeled conf=0.97 anchor=(275.0,624.1) kf_x=267.3 kf_vx=0.00 pending=3916 confirmed=True holding=False
[INFO] [1788861443.992658983] [tracking_pick_node]: class=pet_labeled conf=0.97 anchor=(275.0,624.1) kf_x=267.3 kf_vx=0.00 pending=3917 confirmed=True holding=False
[INFO] [1788861444.124185100] [tracking_pick_node]: class=pet_labeled conf=0.97 anchor=(275.0,624.1) kf_x=267.3 kf_vx=0.00 pending=3918 confirmed=True holding=False
[INFO] [1788861444.257023210] [tracking_pick_node]: class=pet_labeled conf=0.97 anchor=(275.0,624.0) kf_x=267.3 kf_vx=0.00 pending=3919 confirmed=True holding=False
[INFO] [1788861444.394023594] [tracking_pick_node]: class=pet_labeled conf=0.97 anchor=(275.0,624.1) kf_x=267.3 kf_vx=0.00 pending=3920 confirmed=True holding=False
[INFO] [1788861444.524871280] [tracking_pick_node]: class=pet_labeled conf=0.97 anchor=(274.9,624.0) kf_x=267.3 kf_vx=0.00 pending=3921 confirmed=True holding=False
[INFO] [1788861444.656900771] [tracking_pick_node]: class=pet_labeled conf=0.97 anchor=(275.1,624.1) kf_x=267.3 kf_vx=0.00 pending=3922 confirmed=True holding=False
[INFO] [1788861444.792326852] [tracking_pick_node]: class=pet_labeled conf=0.97 anchor=(275.0,624.1) kf_x=267.3 kf_vx=0.00 pending=3923 confirmed=True holding=False
[INFO] [1788861444.924322433] [tracking_pick_node]: class=pet_labeled conf=0.97 anchor=(275.0,624.2) kf_x=267.3 kf_vx=0.00 pending=3924 confirmed=True holding=False
[INFO] [1788861445.057796535] [tracking_pick_node]: class=pet_labeled conf=0.97 anchor=(275.0,624.0) kf_x=267.3 kf_vx=0.00 pending=3925 confirmed=True holding=False
[INFO] [1788861445.193193249] [tracking_pick_node]: class=pet_labeled conf=0.97 anchor=(275.0,624.1) kf_x=267.3 kf_vx=0.00 pending=3926 confirmed=True holding=False
[INFO] [1788861445.326623798] [tracking_pick_node]: class=pet_labeled conf=0.97 anchor=(274.9,624.1) kf_x=267.3 kf_vx=0.00 pending=3927 confirmed=True holding=False
[INFO] [1788861445.457413341] [tracking_pick_node]: class=pet_labeled conf=0.97 anchor=(275.0,624.0) kf_x=267.3 kf_vx=-0.00 pending=3928 confirmed=True holding=False
[INFO] [1788861445.594196568] [tracking_pick_node]: class=pet_labeled conf=0.97 anchor=(275.1,624.0) kf_x=267.3 kf_vx=0.00 pending=3929 confirmed=True holding=False
[INFO] [1788861445.724287181] [tracking_pick_node]: class=pet_labeled conf=0.97 anchor=(274.9,624.1) kf_x=267.3 kf_vx=-0.00 pending=3930 confirmed=True holding=False
[INFO] [1788861445.857885535] [tracking_pick_node]: class=pet_labeled conf=0.97 anchor=(275.1,624.1) kf_x=267.3 kf_vx=0.00 pending=3931 confirmed=True holding=False
[INFO] [1788861446.003895656] [tracking_pick_node]: class=pet_labeled conf=0.97 anchor=(274.9,624.0) kf_x=267.3 kf_vx=-0.00 pending=3932 confirmed=True holding=False
[INFO] [1788861446.124461909] [tracking_pick_node]: class=pet_labeled conf=0.97 anchor=(275.0,624.0) kf_x=267.3 kf_vx=-0.00 pending=3933 confirmed=True holding=False
[INFO] [1788861446.256729307] [tracking_pick_node]: class=pet_labeled conf=0.97 anchor=(275.0,624.1) kf_x=267.3 kf_vx=-0.00 pending=3934 confirmed=True holding=False
[INFO] [1788861446.392892750] [tracking_pick_node]: class=pet_labeled conf=0.97 anchor=(275.0,624.0) kf_x=267.3 kf_vx=-0.00 pending=3935 confirmed=True holding=False
[INFO] [1788861446.524184899] [tracking_pick_node]: class=pet_labeled conf=0.97 anchor=(275.0,624.1) kf_x=267.3 kf_vx=-0.00 pending=3936 confirmed=True holding=False
[INFO] [1788861446.657414681] [tracking_pick_node]: class=pet_labeled conf=0.97 anchor=(275.0,624.1) kf_x=267.3 kf_vx=-0.00 pending=3937 confirmed=True holding=False
[INFO] [1788861446.794089466] [tracking_pick_node]: class=pet_labeled conf=0.97 anchor=(274.9,624.0) kf_x=267.3 kf_vx=-0.00 pending=3938 confirmed=True holding=False
[INFO] [1788861446.925032568] [tracking_pick_node]: class=pet_labeled conf=0.97 anchor=(275.0,624.2) kf_x=267.3 kf_vx=-0.00 pending=3939 confirmed=True holding=False
[INFO] [1788861447.057855812] [tracking_pick_node]: class=pet_labeled conf=0.97 anchor=(275.0,624.1) kf_x=267.3 kf_vx=-0.00 pending=3940 confirmed=True holding=False
[INFO] [1788861447.192533590] [tracking_pick_node]: class=pet_labeled conf=0.97 anchor=(275.0,624.1) kf_x=267.3 kf_vx=-0.00 pending=3941 confirmed=True holding=False
[INFO] [1788861447.325700834] [tracking_pick_node]: class=pet_labeled conf=0.97 anchor=(275.1,624.0) kf_x=267.3 kf_vx=0.00 pending=3942 confirmed=True holding=False
[INFO] [1788861447.457102906] [tracking_pick_node]: class=pet_labeled conf=0.97 anchor=(275.0,624.0) kf_x=267.3 kf_vx=0.00 pending=3943 confirmed=True holding=False
[INFO] [1788861447.593350223] [tracking_pick_node]: class=pet_labeled conf=0.97 anchor=(274.9,624.0) kf_x=267.3 kf_vx=-0.00 pending=3944 confirmed=True holding=False
[INFO] [1788861447.725290035] [tracking_pick_node]: class=pet_labeled conf=0.97 anchor=(274.9,624.0) kf_x=267.3 kf_vx=-0.00 pending=3945 confirmed=True holding=False
[INFO] [1788861447.860679790] [tracking_pick_node]: class=pet_labeled conf=0.97 anchor=(275.0,624.1) kf_x=267.3 kf_vx=-0.00 pending=3946 confirmed=True holding=False
[INFO] [1788861447.992658351] [tracking_pick_node]: class=pet_labeled conf=0.97 anchor=(275.1,624.0) kf_x=267.3 kf_vx=-0.00 pending=3947 confirmed=True holding=False
[INFO] [1788861448.125807917] [tracking_pick_node]: class=pet_labeled conf=0.97 anchor=(275.0,624.1) kf_x=267.3 kf_vx=-0.00 pending=3948 confirmed=True holding=False
[INFO] [1788861448.268297679] [tracking_pick_node]: class=pet_labeled conf=0.97 anchor=(274.9,624.1) kf_x=267.3 kf_vx=-0.00 pending=3949 confirmed=True holding=False
[INFO] [1788861448.393422867] [tracking_pick_node]: class=pet_labeled conf=0.97 anchor=(274.9,624.1) kf_x=267.3 kf_vx=-0.00 pending=3950 confirmed=True holding=False
[INFO] [1788861448.526548501] [tracking_pick_node]: class=pet_labeled conf=0.97 anchor=(275.0,624.1) kf_x=267.3 kf_vx=-0.00 pending=3951 confirmed=True holding=False
[INFO] [1788861448.658913939] [tracking_pick_node]: class=pet_labeled conf=0.97 anchor=(275.0,624.2) kf_x=267.3 kf_vx=-0.00 pending=3952 confirmed=True holding=False
[INFO] [1788861448.794154613] [tracking_pick_node]: class=pet_labeled conf=0.97 anchor=(275.0,624.1) kf_x=267.3 kf_vx=-0.00 pending=3953 confirmed=True holding=False
[INFO] [1788861448.925943306] [tracking_pick_node]: class=pet_labeled conf=0.97 anchor=(274.9,624.0) kf_x=267.3 kf_vx=-0.00 pending=3954 confirmed=True holding=False
[INFO] [1788861449.062601270] [tracking_pick_node]: class=pet_labeled conf=0.97 anchor=(275.0,624.1) kf_x=267.3 kf_vx=-0.00 pending=3955 confirmed=True holding=False
[INFO] [1788861449.199364476] [tracking_pick_node]: class=pet_labeled conf=0.97 anchor=(275.0,624.1) kf_x=267.3 kf_vx=-0.00 pending=3956 confirmed=True holding=False
[INFO] [1788861449.326437380] [tracking_pick_node]: class=pet_labeled conf=0.97 anchor=(275.0,624.1) kf_x=267.3 kf_vx=-0.00 pending=3957 confirmed=True holding=False
[INFO] [1788861449.458413919] [tracking_pick_node]: class=pet_labeled conf=0.97 anchor=(275.0,624.1) kf_x=267.3 kf_vx=-0.00 pending=3958 confirmed=True holding=False
[INFO] [1788861449.594641141] [tracking_pick_node]: class=pet_labeled conf=0.97 anchor=(275.0,624.0) kf_x=267.3 kf_vx=-0.00 pending=3959 confirmed=True holding=False
[INFO] [1788861449.730047326] [tracking_pick_node]: class=pet_labeled conf=0.97 anchor=(275.0,624.1) kf_x=267.3 kf_vx=-0.00 pending=3960 confirmed=True holding=False
[INFO] [1788861449.864815426] [tracking_pick_node]: class=pet_labeled conf=0.97 anchor=(275.0,624.1) kf_x=267.3 kf_vx=-0.00 pending=3961 confirmed=True holding=False
[INFO] [1788861449.995175210] [tracking_pick_node]: class=pet_labeled conf=0.97 anchor=(275.1,624.2) kf_x=267.3 kf_vx=0.00 pending=3962 confirmed=True holding=False
[INFO] [1788861450.125378479] [tracking_pick_node]: class=pet_labeled conf=0.97 anchor=(275.0,624.1) kf_x=267.3 kf_vx=0.00 pending=3963 confirmed=True holding=False
[INFO] [1788861450.257440621] [tracking_pick_node]: class=pet_labeled conf=0.97 anchor=(275.1,624.1) kf_x=267.3 kf_vx=0.00 pending=3964 confirmed=True holding=False
[INFO] [1788861450.392789616] [tracking_pick_node]: class=pet_labeled conf=0.97 anchor=(275.1,624.0) kf_x=267.3 kf_vx=0.00 pending=3965 confirmed=True holding=False
[INFO] [1788861450.524464140] [tracking_pick_node]: class=pet_labeled conf=0.97 anchor=(275.0,624.0) kf_x=267.3 kf_vx=0.00 pending=3966 confirmed=True holding=False
[INFO] [1788861450.657153065] [tracking_pick_node]: class=pet_labeled conf=0.97 anchor=(275.0,624.1) kf_x=267.3 kf_vx=0.00 pending=3967 confirmed=True holding=False
[INFO] [1788861450.795157731] [tracking_pick_node]: class=pet_labeled conf=0.97 anchor=(275.0,624.1) kf_x=267.3 kf_vx=0.00 pending=3968 confirmed=True holding=False
[INFO] [1788861450.924602055] [tracking_pick_node]: class=pet_labeled conf=0.97 anchor=(275.0,624.1) kf_x=267.3 kf_vx=0.00 pending=3969 confirmed=True holding=False
[INFO] [1788861451.057819695] [tracking_pick_node]: class=pet_labeled conf=0.97 anchor=(275.1,624.1) kf_x=267.3 kf_vx=0.00 pending=3970 confirmed=True holding=False
[INFO] [1788861451.188598571] [tracking_pick_node]: class=pet_labeled conf=0.97 anchor=(275.1,624.1) kf_x=267.3 kf_vx=0.00 pending=3971 confirmed=True holding=False
[INFO] [1788861451.324370047] [tracking_pick_node]: class=pet_labeled conf=0.97 anchor=(274.9,624.1) kf_x=267.3 kf_vx=0.00 pending=3972 confirmed=True holding=False
[INFO] [1788861451.457144346] [tracking_pick_node]: class=pet_labeled conf=0.97 anchor=(275.0,624.1) kf_x=267.3 kf_vx=0.00 pending=3973 confirmed=True holding=False
[INFO] [1788861451.591924671] [tracking_pick_node]: class=pet_labeled conf=0.97 anchor=(275.0,624.0) kf_x=267.3 kf_vx=0.00 pending=3974 confirmed=True holding=False
[INFO] [1788861451.728564966] [tracking_pick_node]: class=pet_labeled conf=0.97 anchor=(275.0,624.2) kf_x=267.3 kf_vx=0.00 pending=3975 confirmed=True holding=False
[INFO] [1788861451.859861484] [tracking_pick_node]: class=pet_labeled conf=0.97 anchor=(275.0,624.0) kf_x=267.3 kf_vx=0.00 pending=3976 confirmed=True holding=False
[INFO] [1788861451.988838281] [tracking_pick_node]: class=pet_labeled conf=0.97 anchor=(275.0,624.0) kf_x=267.3 kf_vx=0.00 pending=3977 confirmed=True holding=False
[INFO] [1788861452.124762697] [tracking_pick_node]: class=pet_labeled conf=0.97 anchor=(274.9,624.0) kf_x=267.3 kf_vx=-0.00 pending=3978 confirmed=True holding=False
[INFO] [1788861452.257360089] [tracking_pick_node]: class=pet_labeled conf=0.97 anchor=(275.0,624.1) kf_x=267.3 kf_vx=-0.00 pending=3979 confirmed=True holding=False
[INFO] [1788861452.390286756] [tracking_pick_node]: class=pet_labeled conf=0.97 anchor=(274.9,624.1) kf_x=267.3 kf_vx=-0.00 pending=3980 confirmed=True holding=False
[INFO] [1788861452.529971524] [tracking_pick_node]: class=pet_labeled conf=0.97 anchor=(274.9,624.2) kf_x=267.3 kf_vx=-0.00 pending=3981 confirmed=True holding=False
[INFO] [1788861452.657163003] [tracking_pick_node]: class=pet_labeled conf=0.97 anchor=(275.1,624.1) kf_x=267.3 kf_vx=-0.00 pending=3982 confirmed=True holding=False
[INFO] [1788861452.789896459] [tracking_pick_node]: class=pet_labeled conf=0.97 anchor=(274.9,624.0) kf_x=267.3 kf_vx=-0.00 pending=3983 confirmed=True holding=False
[INFO] [1788861452.925545114] [tracking_pick_node]: class=pet_labeled conf=0.97 anchor=(274.9,624.1) kf_x=267.3 kf_vx=-0.00 pending=3984 confirmed=True holding=False
[INFO] [1788861453.058276483] [tracking_pick_node]: class=pet_labeled conf=0.97 anchor=(275.0,624.0) kf_x=267.3 kf_vx=-0.00 pending=3985 confirmed=True holding=False
[INFO] [1788861453.189446404] [tracking_pick_node]: class=pet_labeled conf=0.97 anchor=(275.0,624.2) kf_x=267.3 kf_vx=-0.00 pending=3986 confirmed=True holding=False
[INFO] [1788861453.327275306] [tracking_pick_node]: class=pet_labeled conf=0.97 anchor=(275.0,624.1) kf_x=267.3 kf_vx=-0.00 pending=3987 confirmed=True holding=False
[INFO] [1788861453.457664168] [tracking_pick_node]: class=pet_labeled conf=0.97 anchor=(275.0,624.1) kf_x=267.3 kf_vx=-0.00 pending=3988 confirmed=True holding=False
[INFO] [1788861453.589952131] [tracking_pick_node]: class=pet_labeled conf=0.97 anchor=(275.0,624.1) kf_x=267.3 kf_vx=-0.00 pending=3989 confirmed=True holding=False
[INFO] [1788861453.730680885] [tracking_pick_node]: class=pet_labeled conf=0.97 anchor=(275.0,624.1) kf_x=267.3 kf_vx=-0.00 pending=3990 confirmed=True holding=False
[INFO] [1788861453.856764120] [tracking_pick_node]: class=pet_labeled conf=0.97 anchor=(275.0,624.1) kf_x=267.3 kf_vx=-0.00 pending=3991 confirmed=True holding=False
[INFO] [1788861453.988526023] [tracking_pick_node]: class=pet_labeled conf=0.97 anchor=(274.9,624.1) kf_x=267.3 kf_vx=-0.00 pending=3992 confirmed=True holding=False
[INFO] [1788861454.127486538] [tracking_pick_node]: class=pet_labeled conf=0.97 anchor=(274.9,624.1) kf_x=267.3 kf_vx=-0.00 pending=3993 confirmed=True holding=False
[INFO] [1788861454.261834584] [tracking_pick_node]: class=pet_labeled conf=0.97 anchor=(275.0,624.2) kf_x=267.3 kf_vx=-0.00 pending=3994 confirmed=True holding=False
[INFO] [1788861454.391132391] [tracking_pick_node]: class=pet_labeled conf=0.97 anchor=(274.9,624.1) kf_x=267.3 kf_vx=-0.00 pending=3995 confirmed=True holding=False
[INFO] [1788861454.533347368] [tracking_pick_node]: class=pet_labeled conf=0.97 anchor=(275.0,624.0) kf_x=267.3 kf_vx=-0.00 pending=3996 confirmed=True holding=False
[INFO] [1788861454.660908948] [tracking_pick_node]: class=pet_labeled conf=0.97 anchor=(275.0,624.1) kf_x=267.3 kf_vx=-0.00 pending=3997 confirmed=True holding=False
[INFO] [1788861454.790057942] [tracking_pick_node]: class=pet_labeled conf=0.97 anchor=(274.9,624.2) kf_x=267.3 kf_vx=-0.00 pending=3998 confirmed=True holding=False
[INFO] [1788861454.928218352] [tracking_pick_node]: class=pet_labeled conf=0.97 anchor=(275.0,624.1) kf_x=267.3 kf_vx=-0.00 pending=3999 confirmed=True holding=False
[INFO] [1788861455.067180101] [tracking_pick_node]: class=pet_labeled conf=0.97 anchor=(275.0,624.0) kf_x=267.3 kf_vx=-0.00 pending=4000 confirmed=True holding=False
[INFO] [1788861455.188421178] [tracking_pick_node]: class=pet_labeled conf=0.97 anchor=(275.0,624.0) kf_x=267.3 kf_vx=-0.00 pending=4001 confirmed=True holding=False
[INFO] [1788861455.331189646] [tracking_pick_node]: class=pet_labeled conf=0.97 anchor=(275.0,624.1) kf_x=267.3 kf_vx=-0.00 pending=4002 confirmed=True holding=False
[INFO] [1788861455.458443953] [tracking_pick_node]: class=pet_labeled conf=0.97 anchor=(275.0,624.0) kf_x=267.3 kf_vx=-0.00 pending=4003 confirmed=True holding=False
[INFO] [1788861455.589732329] [tracking_pick_node]: class=pet_labeled conf=0.97 anchor=(274.9,624.1) kf_x=267.3 kf_vx=-0.00 pending=4004 confirmed=True holding=False
[INFO] [1788861455.727369205] [tracking_pick_node]: class=pet_labeled conf=0.97 anchor=(275.0,624.1) kf_x=267.3 kf_vx=-0.00 pending=4005 confirmed=True holding=False
[INFO] [1788861455.859177830] [tracking_pick_node]: class=pet_labeled conf=0.97 anchor=(275.0,624.0) kf_x=267.3 kf_vx=-0.00 pending=4006 confirmed=True holding=False
[INFO] [1788861455.989310182] [tracking_pick_node]: class=pet_labeled conf=0.97 anchor=(274.9,624.2) kf_x=267.3 kf_vx=-0.00 pending=4007 confirmed=True holding=False
[INFO] [1788861456.125607232] [tracking_pick_node]: class=pet_labeled conf=0.97 anchor=(274.9,624.1) kf_x=267.2 kf_vx=-0.00 pending=4008 confirmed=True holding=False
[INFO] [1788861456.257619235] [tracking_pick_node]: class=pet_labeled conf=0.97 anchor=(275.0,624.2) kf_x=267.2 kf_vx=-0.00 pending=4009 confirmed=True holding=False
[INFO] [1788861456.388777393] [tracking_pick_node]: class=pet_labeled conf=0.97 anchor=(275.0,624.1) kf_x=267.2 kf_vx=-0.00 pending=4010 confirmed=True holding=False
[INFO] [1788861456.525325825] [tracking_pick_node]: class=pet_labeled conf=0.97 anchor=(275.0,624.1) kf_x=267.2 kf_vx=-0.00 pending=4011 confirmed=True holding=False
[INFO] [1788861456.658625233] [tracking_pick_node]: class=pet_labeled conf=0.97 anchor=(275.0,624.1) kf_x=267.2 kf_vx=-0.00 pending=4012 confirmed=True holding=False
[INFO] [1788861456.788967665] [tracking_pick_node]: class=pet_labeled conf=0.97 anchor=(275.0,624.1) kf_x=267.3 kf_vx=-0.00 pending=4013 confirmed=True holding=False
[INFO] [1788861456.925796586] [tracking_pick_node]: class=pet_labeled conf=0.97 anchor=(275.0,624.0) kf_x=267.2 kf_vx=-0.00 pending=4014 confirmed=True holding=False
[INFO] [1788861457.058476768] [tracking_pick_node]: class=pet_labeled conf=0.97 anchor=(275.1,624.1) kf_x=267.3 kf_vx=0.00 pending=4015 confirmed=True holding=False
[INFO] [1788861457.188900519] [tracking_pick_node]: class=pet_labeled conf=0.97 anchor=(275.0,624.1) kf_x=267.3 kf_vx=0.00 pending=4016 confirmed=True holding=False
[INFO] [1788861457.325178467] [tracking_pick_node]: class=pet_labeled conf=0.97 anchor=(275.0,624.0) kf_x=267.3 kf_vx=0.00 pending=4017 confirmed=True holding=False
[INFO] [1788861457.459148962] [tracking_pick_node]: class=pet_labeled conf=0.97 anchor=(275.0,624.0) kf_x=267.3 kf_vx=-0.00 pending=4018 confirmed=True holding=False
[INFO] [1788861457.588858298] [tracking_pick_node]: class=pet_labeled conf=0.97 anchor=(274.9,624.1) kf_x=267.3 kf_vx=-0.00 pending=4019 confirmed=True holding=False
[INFO] [1788861457.725809621] [tracking_pick_node]: class=pet_labeled conf=0.97 anchor=(275.0,624.1) kf_x=267.3 kf_vx=-0.00 pending=4020 confirmed=True holding=False
[INFO] [1788861457.857655000] [tracking_pick_node]: class=pet_labeled conf=0.97 anchor=(275.0,624.0) kf_x=267.3 kf_vx=-0.00 pending=4021 confirmed=True holding=False
[INFO] [1788861457.989003080] [tracking_pick_node]: class=pet_labeled conf=0.97 anchor=(274.9,624.0) kf_x=267.3 kf_vx=-0.00 pending=4022 confirmed=True holding=False
[INFO] [1788861458.125577102] [tracking_pick_node]: class=pet_labeled conf=0.97 anchor=(275.1,624.1) kf_x=267.3 kf_vx=0.00 pending=4023 confirmed=True holding=False
[INFO] [1788861458.258019792] [tracking_pick_node]: class=pet_labeled conf=0.97 anchor=(274.9,624.1) kf_x=267.3 kf_vx=0.00 pending=4024 confirmed=True holding=False
[INFO] [1788861458.393287114] [tracking_pick_node]: class=pet_labeled conf=0.97 anchor=(275.0,624.1) kf_x=267.3 kf_vx=0.00 pending=4025 confirmed=True holding=False
[INFO] [1788861458.528249877] [tracking_pick_node]: class=pet_labeled conf=0.97 anchor=(275.0,624.0) kf_x=267.3 kf_vx=0.00 pending=4026 confirmed=True holding=False
[INFO] [1788861458.657317490] [tracking_pick_node]: class=pet_labeled conf=0.97 anchor=(275.0,624.1) kf_x=267.3 kf_vx=0.00 pending=4027 confirmed=True holding=False
[INFO] [1788861458.788423892] [tracking_pick_node]: class=pet_labeled conf=0.97 anchor=(275.0,624.0) kf_x=267.3 kf_vx=0.00 pending=4028 confirmed=True holding=False
[INFO] [1788861458.925748890] [tracking_pick_node]: class=pet_labeled conf=0.97 anchor=(275.0,624.1) kf_x=267.3 kf_vx=0.00 pending=4029 confirmed=True holding=False
[INFO] [1788861459.056695030] [tracking_pick_node]: class=pet_labeled conf=0.97 anchor=(275.0,624.1) kf_x=267.3 kf_vx=0.00 pending=4030 confirmed=True holding=False
[INFO] [1788861459.188360448] [tracking_pick_node]: class=pet_labeled conf=0.97 anchor=(275.0,624.1) kf_x=267.3 kf_vx=0.00 pending=4031 confirmed=True holding=False
[INFO] [1788861459.325982904] [tracking_pick_node]: class=pet_labeled conf=0.97 anchor=(274.9,624.1) kf_x=267.3 kf_vx=0.00 pending=4032 confirmed=True holding=False
[INFO] [1788861459.456766990] [tracking_pick_node]: class=pet_labeled conf=0.97 anchor=(274.9,624.2) kf_x=267.3 kf_vx=0.00 pending=4033 confirmed=True holding=False
[INFO] [1788861459.588735721] [tracking_pick_node]: class=pet_labeled conf=0.97 anchor=(274.9,624.0) kf_x=267.3 kf_vx=-0.00 pending=4034 confirmed=True holding=False
[INFO] [1788861459.725237286] [tracking_pick_node]: class=pet_labeled conf=0.97 anchor=(275.0,624.1) kf_x=267.3 kf_vx=-0.00 pending=4035 confirmed=True holding=False
[INFO] [1788861459.858638617] [tracking_pick_node]: class=pet_labeled conf=0.97 anchor=(275.0,624.1) kf_x=267.3 kf_vx=-0.00 pending=4036 confirmed=True holding=False
[INFO] [1788861459.989775486] [tracking_pick_node]: class=pet_labeled conf=0.97 anchor=(275.0,624.1) kf_x=267.3 kf_vx=-0.00 pending=4037 confirmed=True holding=False
[INFO] [1788861460.125143501] [tracking_pick_node]: class=pet_labeled conf=0.97 anchor=(274.9,624.1) kf_x=267.3 kf_vx=-0.00 pending=4038 confirmed=True holding=False
[INFO] [1788861460.258147884] [tracking_pick_node]: class=pet_labeled conf=0.97 anchor=(275.0,624.1) kf_x=267.3 kf_vx=-0.00 pending=4039 confirmed=True holding=False
[INFO] [1788861460.391314610] [tracking_pick_node]: class=pet_labeled conf=0.97 anchor=(275.0,624.0) kf_x=267.3 kf_vx=-0.00 pending=4040 confirmed=True holding=False
[INFO] [1788861460.526243451] [tracking_pick_node]: class=pet_labeled conf=0.97 anchor=(274.9,624.2) kf_x=267.3 kf_vx=-0.00 pending=4041 confirmed=True holding=False
[INFO] [1788861460.657376926] [tracking_pick_node]: class=pet_labeled conf=0.97 anchor=(275.0,624.1) kf_x=267.3 kf_vx=-0.00 pending=4042 confirmed=True holding=False
[INFO] [1788861460.789125348] [tracking_pick_node]: class=pet_labeled conf=0.97 anchor=(274.9,624.1) kf_x=267.3 kf_vx=-0.00 pending=4043 confirmed=True holding=False
[INFO] [1788861460.924859226] [tracking_pick_node]: class=pet_labeled conf=0.97 anchor=(275.1,624.1) kf_x=267.3 kf_vx=0.00 pending=4044 confirmed=True holding=False
[INFO] [1788861461.059304455] [tracking_pick_node]: class=pet_labeled conf=0.97 anchor=(275.0,624.1) kf_x=267.3 kf_vx=0.00 pending=4045 confirmed=True holding=False
[INFO] [1788861461.190323393] [tracking_pick_node]: class=pet_labeled conf=0.97 anchor=(275.0,624.1) kf_x=267.3 kf_vx=0.00 pending=4046 confirmed=True holding=False
[INFO] [1788861461.324800116] [tracking_pick_node]: class=pet_labeled conf=0.97 anchor=(275.0,624.1) kf_x=267.3 kf_vx=0.00 pending=4047 confirmed=True holding=False
[INFO] [1788861461.457856594] [tracking_pick_node]: class=pet_labeled conf=0.97 anchor=(275.0,624.1) kf_x=267.3 kf_vx=0.00 pending=4048 confirmed=True holding=False
[INFO] [1788861461.588427138] [tracking_pick_node]: class=pet_labeled conf=0.97 anchor=(274.9,624.0) kf_x=267.3 kf_vx=0.00 pending=4049 confirmed=True holding=False
[INFO] [1788861461.724936036] [tracking_pick_node]: class=pet_labeled conf=0.97 anchor=(275.0,624.1) kf_x=267.3 kf_vx=0.00 pending=4050 confirmed=True holding=False
[INFO] [1788861461.857421037] [tracking_pick_node]: class=pet_labeled conf=0.97 anchor=(275.0,624.1) kf_x=267.3 kf_vx=0.00 pending=4051 confirmed=True holding=False
[INFO] [1788861461.991483690] [tracking_pick_node]: class=pet_labeled conf=0.97 anchor=(275.0,624.0) kf_x=267.3 kf_vx=0.00 pending=4052 confirmed=True holding=False
[INFO] [1788861462.124595638] [tracking_pick_node]: class=pet_labeled conf=0.97 anchor=(275.0,624.0) kf_x=267.3 kf_vx=0.00 pending=4053 confirmed=True holding=False
[INFO] [1788861462.257993834] [tracking_pick_node]: class=pet_labeled conf=0.97 anchor=(275.0,624.0) kf_x=267.3 kf_vx=0.00 pending=4054 confirmed=True holding=False
[INFO] [1788861462.388927651] [tracking_pick_node]: class=pet_labeled conf=0.97 anchor=(274.9,624.1) kf_x=267.3 kf_vx=0.00 pending=4055 confirmed=True holding=False
[INFO] [1788861462.526837896] [tracking_pick_node]: class=pet_labeled conf=0.97 anchor=(275.0,624.0) kf_x=267.3 kf_vx=0.00 pending=4056 confirmed=True holding=False
[INFO] [1788861462.660912740] [tracking_pick_node]: class=pet_labeled conf=0.97 anchor=(275.0,624.1) kf_x=267.3 kf_vx=0.00 pending=4057 confirmed=True holding=False
[INFO] [1788861462.791299992] [tracking_pick_node]: class=pet_labeled conf=0.97 anchor=(275.1,624.1) kf_x=267.3 kf_vx=0.00 pending=4058 confirmed=True holding=False
[INFO] [1788861462.935226500] [tracking_pick_node]: class=pet_labeled conf=0.97 anchor=(274.9,624.1) kf_x=267.3 kf_vx=0.00 pending=4059 confirmed=True holding=False
[INFO] [1788861463.057584570] [tracking_pick_node]: class=pet_labeled conf=0.97 anchor=(275.1,624.1) kf_x=267.3 kf_vx=0.00 pending=4060 confirmed=True holding=False
[INFO] [1788861463.190773900] [tracking_pick_node]: class=pet_labeled conf=0.97 anchor=(275.0,624.1) kf_x=267.3 kf_vx=0.00 pending=4061 confirmed=True holding=False
[INFO] [1788861463.325533063] [tracking_pick_node]: class=pet_labeled conf=0.97 anchor=(275.1,624.1) kf_x=267.3 kf_vx=0.00 pending=4062 confirmed=True holding=False
[INFO] [1788861463.458013186] [tracking_pick_node]: class=pet_labeled conf=0.97 anchor=(275.0,624.0) kf_x=267.3 kf_vx=0.00 pending=4063 confirmed=True holding=False
[INFO] [1788861463.589792134] [tracking_pick_node]: class=pet_labeled conf=0.97 anchor=(275.1,624.1) kf_x=267.3 kf_vx=0.01 pending=4064 confirmed=True holding=False
[INFO] [1788861463.728871714] [tracking_pick_node]: class=pet_labeled conf=0.97 anchor=(274.9,624.1) kf_x=267.3 kf_vx=0.00 pending=4065 confirmed=True holding=False
[INFO] [1788861463.857529433] [tracking_pick_node]: class=pet_labeled conf=0.97 anchor=(274.9,624.0) kf_x=267.3 kf_vx=0.00 pending=4066 confirmed=True holding=False
[INFO] [1788861463.991152941] [tracking_pick_node]: class=pet_labeled conf=0.97 anchor=(275.0,624.1) kf_x=267.3 kf_vx=0.00 pending=4067 confirmed=True holding=False
[INFO] [1788861464.125590911] [tracking_pick_node]: class=pet_labeled conf=0.97 anchor=(275.0,624.1) kf_x=267.3 kf_vx=0.00 pending=4068 confirmed=True holding=False
[INFO] [1788861464.257853299] [tracking_pick_node]: class=pet_labeled conf=0.97 anchor=(274.9,624.1) kf_x=267.3 kf_vx=0.00 pending=4069 confirmed=True holding=False
[INFO] [1788861464.389494426] [tracking_pick_node]: class=pet_labeled conf=0.97 anchor=(275.1,624.1) kf_x=267.3 kf_vx=0.00 pending=4070 confirmed=True holding=False
[INFO] [1788861464.522090301] [tracking_pick_node]: class=pet_labeled conf=0.97 anchor=(274.9,624.1) kf_x=267.3 kf_vx=0.00 pending=4071 confirmed=True holding=False
[INFO] [1788861464.657654287] [tracking_pick_node]: class=pet_labeled conf=0.97 anchor=(275.0,624.1) kf_x=267.3 kf_vx=0.00 pending=4072 confirmed=True holding=False
[INFO] [1788861464.789507249] [tracking_pick_node]: class=pet_labeled conf=0.97 anchor=(275.0,624.0) kf_x=267.3 kf_vx=0.00 pending=4073 confirmed=True holding=False
[INFO] [1788861464.921940293] [tracking_pick_node]: class=pet_labeled conf=0.97 anchor=(274.9,624.1) kf_x=267.3 kf_vx=0.00 pending=4074 confirmed=True holding=False
[INFO] [1788861465.057262406] [tracking_pick_node]: class=pet_labeled conf=0.97 anchor=(275.0,624.0) kf_x=267.3 kf_vx=-0.00 pending=4075 confirmed=True holding=False
[INFO] [1788861465.189852778] [tracking_pick_node]: class=pet_labeled conf=0.97 anchor=(274.9,624.0) kf_x=267.3 kf_vx=-0.00 pending=4076 confirmed=True holding=False
[INFO] [1788861465.322215438] [tracking_pick_node]: class=pet_labeled conf=0.97 anchor=(275.0,624.1) kf_x=267.3 kf_vx=-0.00 pending=4077 confirmed=True holding=False
[INFO] [1788861465.458778447] [tracking_pick_node]: class=pet_labeled conf=0.97 anchor=(275.0,624.1) kf_x=267.3 kf_vx=-0.00 pending=4078 confirmed=True holding=False
[INFO] [1788861465.590061402] [tracking_pick_node]: class=pet_labeled conf=0.97 anchor=(274.9,624.0) kf_x=267.3 kf_vx=-0.00 pending=4079 confirmed=True holding=False
[INFO] [1788861465.722949216] [tracking_pick_node]: class=pet_labeled conf=0.97 anchor=(275.0,624.0) kf_x=267.3 kf_vx=-0.00 pending=4080 confirmed=True holding=False
[INFO] [1788861465.857881218] [tracking_pick_node]: class=pet_labeled conf=0.97 anchor=(275.0,624.0) kf_x=267.3 kf_vx=-0.00 pending=4081 confirmed=True holding=False
[INFO] [1788861465.996476382] [tracking_pick_node]: class=pet_labeled conf=0.97 anchor=(275.0,624.0) kf_x=267.3 kf_vx=-0.00 pending=4082 confirmed=True holding=False
[INFO] [1788861466.122317760] [tracking_pick_node]: class=pet_labeled conf=0.97 anchor=(275.0,624.0) kf_x=267.3 kf_vx=-0.00 pending=4083 confirmed=True holding=False
[INFO] [1788861466.258243468] [tracking_pick_node]: class=pet_labeled conf=0.97 anchor=(275.0,624.1) kf_x=267.3 kf_vx=-0.00 pending=4084 confirmed=True holding=False
[INFO] [1788861466.390879393] [tracking_pick_node]: class=pet_labeled conf=0.97 anchor=(275.0,624.1) kf_x=267.3 kf_vx=-0.00 pending=4085 confirmed=True holding=False
[INFO] [1788861466.524712245] [tracking_pick_node]: class=pet_labeled conf=0.97 anchor=(275.0,624.1) kf_x=267.3 kf_vx=0.00 pending=4086 confirmed=True holding=False
[INFO] [1788861466.658290961] [tracking_pick_node]: class=pet_labeled conf=0.97 anchor=(274.9,624.1) kf_x=267.3 kf_vx=-0.00 pending=4087 confirmed=True holding=False
[INFO] [1788861466.790676986] [tracking_pick_node]: class=pet_labeled conf=0.97 anchor=(274.9,624.1) kf_x=267.3 kf_vx=-0.00 pending=4088 confirmed=True holding=False
[INFO] [1788861466.922301135] [tracking_pick_node]: class=pet_labeled conf=0.97 anchor=(275.0,624.1) kf_x=267.3 kf_vx=-0.00 pending=4089 confirmed=True holding=False
[INFO] [1788861467.061667751] [tracking_pick_node]: class=pet_labeled conf=0.97 anchor=(274.9,624.1) kf_x=267.3 kf_vx=-0.00 pending=4090 confirmed=True holding=False
[INFO] [1788861467.190088601] [tracking_pick_node]: class=pet_labeled conf=0.97 anchor=(275.0,624.1) kf_x=267.3 kf_vx=-0.00 pending=4091 confirmed=True holding=False
[INFO] [1788861467.323862783] [tracking_pick_node]: class=pet_labeled conf=0.97 anchor=(275.0,624.1) kf_x=267.3 kf_vx=-0.00 pending=4092 confirmed=True holding=False
[INFO] [1788861467.460255847] [tracking_pick_node]: class=pet_labeled conf=0.97 anchor=(274.9,624.0) kf_x=267.3 kf_vx=-0.00 pending=4093 confirmed=True holding=False
[INFO] [1788861467.589111744] [tracking_pick_node]: class=pet_labeled conf=0.97 anchor=(275.0,624.0) kf_x=267.3 kf_vx=-0.00 pending=4094 confirmed=True holding=False
[INFO] [1788861467.721320244] [tracking_pick_node]: class=pet_labeled conf=0.97 anchor=(275.1,624.0) kf_x=267.3 kf_vx=-0.00 pending=4095 confirmed=True holding=False
[INFO] [1788861467.857049562] [tracking_pick_node]: class=pet_labeled conf=0.97 anchor=(274.9,624.0) kf_x=267.3 kf_vx=-0.00 pending=4096 confirmed=True holding=False
[INFO] [1788861467.989128940] [tracking_pick_node]: class=pet_labeled conf=0.97 anchor=(275.1,624.0) kf_x=267.3 kf_vx=-0.00 pending=4097 confirmed=True holding=False
[INFO] [1788861468.127981870] [tracking_pick_node]: class=pet_labeled conf=0.97 anchor=(275.0,624.1) kf_x=267.3 kf_vx=-0.00 pending=4098 confirmed=True holding=False
[INFO] [1788861468.258254671] [tracking_pick_node]: class=pet_labeled conf=0.97 anchor=(274.9,624.1) kf_x=267.3 kf_vx=-0.00 pending=4099 confirmed=True holding=False
[INFO] [1788861468.389058660] [tracking_pick_node]: class=pet_labeled conf=0.97 anchor=(274.9,624.0) kf_x=267.3 kf_vx=-0.00 pending=4100 confirmed=True holding=False
[INFO] [1788861468.522533283] [tracking_pick_node]: class=pet_labeled conf=0.97 anchor=(275.0,624.1) kf_x=267.3 kf_vx=-0.00 pending=4101 confirmed=True holding=False
[INFO] [1788861468.665492874] [tracking_pick_node]: class=pet_labeled conf=0.97 anchor=(274.9,624.0) kf_x=267.3 kf_vx=-0.00 pending=4102 confirmed=True holding=False
[INFO] [1788861468.788809143] [tracking_pick_node]: class=pet_labeled conf=0.97 anchor=(275.0,624.1) kf_x=267.3 kf_vx=-0.00 pending=4103 confirmed=True holding=False
[INFO] [1788861468.920789692] [tracking_pick_node]: class=pet_labeled conf=0.97 anchor=(275.1,624.1) kf_x=267.3 kf_vx=-0.00 pending=4104 confirmed=True holding=False
[INFO] [1788861469.056763591] [tracking_pick_node]: class=pet_labeled conf=0.97 anchor=(275.1,624.1) kf_x=267.3 kf_vx=0.00 pending=4105 confirmed=True holding=False
[INFO] [1788861469.189776095] [tracking_pick_node]: class=pet_labeled conf=0.97 anchor=(274.9,624.1) kf_x=267.3 kf_vx=-0.00 pending=4106 confirmed=True holding=False
[INFO] [1788861469.322453396] [tracking_pick_node]: class=pet_labeled conf=0.97 anchor=(275.0,624.1) kf_x=267.3 kf_vx=0.00 pending=4107 confirmed=True holding=False
[INFO] [1788861469.456828102] [tracking_pick_node]: class=pet_labeled conf=0.97 anchor=(275.0,624.2) kf_x=267.3 kf_vx=0.00 pending=4108 confirmed=True holding=False
[INFO] [1788861469.590005198] [tracking_pick_node]: class=pet_labeled conf=0.97 anchor=(274.9,624.1) kf_x=267.3 kf_vx=-0.00 pending=4109 confirmed=True holding=False
[INFO] [1788861469.721416468] [tracking_pick_node]: class=pet_labeled conf=0.97 anchor=(274.9,624.1) kf_x=267.3 kf_vx=-0.00 pending=4110 confirmed=True holding=False
[INFO] [1788861469.858201784] [tracking_pick_node]: class=pet_labeled conf=0.97 anchor=(275.0,624.0) kf_x=267.3 kf_vx=-0.00 pending=4111 confirmed=True holding=False
[INFO] [1788861469.991855303] [tracking_pick_node]: class=pet_labeled conf=0.97 anchor=(274.9,624.2) kf_x=267.3 kf_vx=-0.00 pending=4112 confirmed=True holding=False
[INFO] [1788861470.122439713] [tracking_pick_node]: class=pet_labeled conf=0.97 anchor=(275.0,624.0) kf_x=267.3 kf_vx=-0.00 pending=4113 confirmed=True holding=False
[INFO] [1788861470.257130601] [tracking_pick_node]: class=pet_labeled conf=0.97 anchor=(275.0,624.2) kf_x=267.3 kf_vx=0.00 pending=4114 confirmed=True holding=False
[INFO] [1788861470.389649757] [tracking_pick_node]: class=pet_labeled conf=0.97 anchor=(274.9,624.1) kf_x=267.3 kf_vx=-0.00 pending=4115 confirmed=True holding=False
[INFO] [1788861470.522033629] [tracking_pick_node]: class=pet_labeled conf=0.97 anchor=(275.0,624.1) kf_x=267.3 kf_vx=0.00 pending=4116 confirmed=True holding=False
[INFO] [1788861470.657160918] [tracking_pick_node]: class=pet_labeled conf=0.97 anchor=(275.0,624.1) kf_x=267.3 kf_vx=0.00 pending=4117 confirmed=True holding=False
[INFO] [1788861470.788879961] [tracking_pick_node]: class=pet_labeled conf=0.97 anchor=(275.1,624.0) kf_x=267.3 kf_vx=0.00 pending=4118 confirmed=True holding=False
[INFO] [1788861470.922282252] [tracking_pick_node]: class=pet_labeled conf=0.97 anchor=(275.0,624.1) kf_x=267.3 kf_vx=0.00 pending=4119 confirmed=True holding=False
[INFO] [1788861471.057214432] [tracking_pick_node]: class=pet_labeled conf=0.97 anchor=(274.9,624.1) kf_x=267.3 kf_vx=0.00 pending=4120 confirmed=True holding=False
[INFO] [1788861471.189290303] [tracking_pick_node]: class=pet_labeled conf=0.97 anchor=(275.1,624.0) kf_x=267.3 kf_vx=0.00 pending=4121 confirmed=True holding=False
[INFO] [1788861471.320828119] [tracking_pick_node]: class=pet_labeled conf=0.97 anchor=(275.1,624.1) kf_x=267.3 kf_vx=0.00 pending=4122 confirmed=True holding=False
[INFO] [1788861471.457015555] [tracking_pick_node]: class=pet_labeled conf=0.97 anchor=(275.0,624.1) kf_x=267.3 kf_vx=0.00 pending=4123 confirmed=True holding=False
[INFO] [1788861471.588853079] [tracking_pick_node]: class=pet_labeled conf=0.97 anchor=(275.1,624.1) kf_x=267.3 kf_vx=0.00 pending=4124 confirmed=True holding=False
[INFO] [1788861471.723409918] [tracking_pick_node]: class=pet_labeled conf=0.97 anchor=(275.0,624.2) kf_x=267.3 kf_vx=0.00 pending=4125 confirmed=True holding=False
[INFO] [1788861471.857889728] [tracking_pick_node]: class=pet_labeled conf=0.97 anchor=(275.0,624.0) kf_x=267.3 kf_vx=0.00 pending=4126 confirmed=True holding=False
[INFO] [1788861471.989332363] [tracking_pick_node]: class=pet_labeled conf=0.97 anchor=(274.9,624.1) kf_x=267.3 kf_vx=0.00 pending=4127 confirmed=True holding=False
[INFO] [1788861472.123423992] [tracking_pick_node]: class=pet_labeled conf=0.97 anchor=(275.0,624.0) kf_x=267.3 kf_vx=0.00 pending=4128 confirmed=True holding=False
[INFO] [1788861472.257617395] [tracking_pick_node]: class=pet_labeled conf=0.97 anchor=(275.0,624.1) kf_x=267.3 kf_vx=0.00 pending=4129 confirmed=True holding=False
[INFO] [1788861472.389122472] [tracking_pick_node]: class=pet_labeled conf=0.97 anchor=(274.9,624.1) kf_x=267.3 kf_vx=0.00 pending=4130 confirmed=True holding=False
[INFO] [1788861472.520553194] [tracking_pick_node]: class=pet_labeled conf=0.97 anchor=(274.9,624.0) kf_x=267.3 kf_vx=0.00 pending=4131 confirmed=True holding=False
[INFO] [1788861472.657316810] [tracking_pick_node]: class=pet_labeled conf=0.97 anchor=(275.0,624.1) kf_x=267.3 kf_vx=-0.00 pending=4132 confirmed=True holding=False
[INFO] [1788861472.790672594] [tracking_pick_node]: class=pet_labeled conf=0.97 anchor=(275.1,624.1) kf_x=267.3 kf_vx=0.00 pending=4133 confirmed=True holding=False
[INFO] [1788861472.921663282] [tracking_pick_node]: class=pet_labeled conf=0.97 anchor=(274.9,624.0) kf_x=267.3 kf_vx=-0.00 pending=4134 confirmed=True holding=False
[INFO] [1788861473.057978685] [tracking_pick_node]: class=pet_labeled conf=0.97 anchor=(274.9,624.1) kf_x=267.3 kf_vx=-0.00 pending=4135 confirmed=True holding=False
[INFO] [1788861473.189838058] [tracking_pick_node]: class=pet_labeled conf=0.97 anchor=(275.0,624.0) kf_x=267.3 kf_vx=-0.00 pending=4136 confirmed=True holding=False
[INFO] [1788861473.320716479] [tracking_pick_node]: class=pet_labeled conf=0.97 anchor=(275.0,624.3) kf_x=267.3 kf_vx=-0.00 pending=4137 confirmed=True holding=False
[INFO] [1788861473.458487112] [tracking_pick_node]: class=pet_labeled conf=0.97 anchor=(274.9,624.1) kf_x=267.3 kf_vx=-0.00 pending=4138 confirmed=True holding=False
[INFO] [1788861473.589588611] [tracking_pick_node]: class=pet_labeled conf=0.97 anchor=(274.9,624.1) kf_x=267.3 kf_vx=-0.00 pending=4139 confirmed=True holding=False
[INFO] [1788861473.722817599] [tracking_pick_node]: class=pet_labeled conf=0.97 anchor=(274.9,624.1) kf_x=267.3 kf_vx=-0.00 pending=4140 confirmed=True holding=False
[INFO] [1788861473.866431683] [tracking_pick_node]: class=pet_labeled conf=0.97 anchor=(275.0,624.1) kf_x=267.3 kf_vx=-0.00 pending=4141 confirmed=True holding=False
[INFO] [1788861473.990484184] [tracking_pick_node]: class=pet_labeled conf=0.97 anchor=(275.1,624.2) kf_x=267.3 kf_vx=-0.00 pending=4142 confirmed=True holding=False
[INFO] [1788861474.120847798] [tracking_pick_node]: class=pet_labeled conf=0.97 anchor=(275.0,624.1) kf_x=267.3 kf_vx=-0.00 pending=4143 confirmed=True holding=False
[INFO] [1788861474.258680910] [tracking_pick_node]: class=pet_labeled conf=0.97 anchor=(275.0,624.0) kf_x=267.3 kf_vx=-0.00 pending=4144 confirmed=True holding=False
[INFO] [1788861474.391306962] [tracking_pick_node]: class=pet_labeled conf=0.97 anchor=(275.0,624.1) kf_x=267.3 kf_vx=-0.00 pending=4145 confirmed=True holding=False
[INFO] [1788861474.522010525] [tracking_pick_node]: class=pet_labeled conf=0.97 anchor=(275.0,624.0) kf_x=267.3 kf_vx=-0.00 pending=4146 confirmed=True holding=False
[INFO] [1788861474.659981339] [tracking_pick_node]: class=pet_labeled conf=0.97 anchor=(275.0,624.1) kf_x=267.3 kf_vx=-0.00 pending=4147 confirmed=True holding=False
[INFO] [1788861474.789032555] [tracking_pick_node]: class=pet_labeled conf=0.97 anchor=(275.0,624.1) kf_x=267.3 kf_vx=-0.00 pending=4148 confirmed=True holding=False
[INFO] [1788861474.920923057] [tracking_pick_node]: class=pet_labeled conf=0.97 anchor=(275.1,624.1) kf_x=267.3 kf_vx=0.00 pending=4149 confirmed=True holding=False
[INFO] [1788861475.060629066] [tracking_pick_node]: class=pet_labeled conf=0.97 anchor=(275.0,624.0) kf_x=267.3 kf_vx=0.00 pending=4150 confirmed=True holding=False
[INFO] [1788861475.190406029] [tracking_pick_node]: class=pet_labeled conf=0.97 anchor=(274.9,624.0) kf_x=267.3 kf_vx=-0.00 pending=4151 confirmed=True holding=False
[INFO] [1788861475.322566858] [tracking_pick_node]: class=pet_labeled conf=0.97 anchor=(275.0,624.0) kf_x=267.3 kf_vx=-0.00 pending=4152 confirmed=True holding=False
[INFO] [1788861475.457201226] [tracking_pick_node]: class=pet_labeled conf=0.97 anchor=(275.0,624.1) kf_x=267.3 kf_vx=0.00 pending=4153 confirmed=True holding=False
[INFO] [1788861475.589380540] [tracking_pick_node]: class=pet_labeled conf=0.97 anchor=(275.0,624.0) kf_x=267.3 kf_vx=0.00 pending=4154 confirmed=True holding=False
[INFO] [1788861475.721006916] [tracking_pick_node]: class=pet_labeled conf=0.97 anchor=(275.0,624.1) kf_x=267.3 kf_vx=0.00 pending=4155 confirmed=True holding=False
[INFO] [1788861475.864551677] [tracking_pick_node]: class=pet_labeled conf=0.97 anchor=(274.8,624.0) kf_x=267.3 kf_vx=-0.00 pending=4156 confirmed=True holding=False
[INFO] [1788861475.995201743] [tracking_pick_node]: class=pet_labeled conf=0.97 anchor=(275.0,624.0) kf_x=267.3 kf_vx=-0.00 pending=4157 confirmed=True holding=False
[INFO] [1788861476.122481914] [tracking_pick_node]: class=pet_labeled conf=0.97 anchor=(274.9,624.1) kf_x=267.3 kf_vx=-0.00 pending=4158 confirmed=True holding=False
[INFO] [1788861476.257743201] [tracking_pick_node]: class=pet_labeled conf=0.97 anchor=(275.0,624.1) kf_x=267.3 kf_vx=-0.00 pending=4159 confirmed=True holding=False
[INFO] [1788861476.389049910] [tracking_pick_node]: class=pet_labeled conf=0.97 anchor=(275.0,624.1) kf_x=267.3 kf_vx=-0.00 pending=4160 confirmed=True holding=False
[INFO] [1788861476.521311454] [tracking_pick_node]: class=pet_labeled conf=0.97 anchor=(275.0,624.1) kf_x=267.3 kf_vx=-0.00 pending=4161 confirmed=True holding=False
[INFO] [1788861476.658190136] [tracking_pick_node]: class=pet_labeled conf=0.97 anchor=(275.0,624.0) kf_x=267.3 kf_vx=-0.00 pending=4162 confirmed=True holding=False
[INFO] [1788861476.792796986] [tracking_pick_node]: class=pet_labeled conf=0.97 anchor=(274.9,624.0) kf_x=267.3 kf_vx=-0.00 pending=4163 confirmed=True holding=False
[INFO] [1788861476.921388151] [tracking_pick_node]: class=pet_labeled conf=0.97 anchor=(275.0,624.1) kf_x=267.3 kf_vx=-0.00 pending=4164 confirmed=True holding=False
[INFO] [1788861477.057726116] [tracking_pick_node]: class=pet_labeled conf=0.97 anchor=(275.0,624.1) kf_x=267.3 kf_vx=-0.00 pending=4165 confirmed=True holding=False
[INFO] [1788861477.189267913] [tracking_pick_node]: class=pet_labeled conf=0.97 anchor=(275.0,624.1) kf_x=267.3 kf_vx=-0.00 pending=4166 confirmed=True holding=False
[INFO] [1788861477.323163047] [tracking_pick_node]: class=pet_labeled conf=0.97 anchor=(274.9,624.1) kf_x=267.2 kf_vx=-0.00 pending=4167 confirmed=True holding=False
[INFO] [1788861477.457868361] [tracking_pick_node]: class=pet_labeled conf=0.97 anchor=(274.9,624.0) kf_x=267.2 kf_vx=-0.00 pending=4168 confirmed=True holding=False
[INFO] [1788861477.591966484] [tracking_pick_node]: class=pet_labeled conf=0.97 anchor=(275.0,624.2) kf_x=267.2 kf_vx=-0.00 pending=4169 confirmed=True holding=False
[INFO] [1788861477.722828690] [tracking_pick_node]: class=pet_labeled conf=0.97 anchor=(274.9,624.1) kf_x=267.2 kf_vx=-0.00 pending=4170 confirmed=True holding=False
[INFO] [1788861477.853718032] [tracking_pick_node]: class=pet_labeled conf=0.97 anchor=(274.9,624.1) kf_x=267.2 kf_vx=-0.00 pending=4171 confirmed=True holding=False
[INFO] [1788861477.990673399] [tracking_pick_node]: class=pet_labeled conf=0.97 anchor=(275.0,624.1) kf_x=267.2 kf_vx=-0.00 pending=4172 confirmed=True holding=False
[INFO] [1788861478.121417435] [tracking_pick_node]: class=pet_labeled conf=0.97 anchor=(274.9,624.0) kf_x=267.2 kf_vx=-0.00 pending=4173 confirmed=True holding=False
[INFO] [1788861478.253029039] [tracking_pick_node]: class=pet_labeled conf=0.97 anchor=(275.0,624.1) kf_x=267.2 kf_vx=-0.00 pending=4174 confirmed=True holding=False
[INFO] [1788861478.389833212] [tracking_pick_node]: class=pet_labeled conf=0.97 anchor=(275.0,624.1) kf_x=267.2 kf_vx=-0.00 pending=4175 confirmed=True holding=False
[INFO] [1788861478.524736486] [tracking_pick_node]: class=pet_labeled conf=0.97 anchor=(274.9,624.1) kf_x=267.2 kf_vx=-0.00 pending=4176 confirmed=True holding=False
[INFO] [1788861478.653019350] [tracking_pick_node]: class=pet_labeled conf=0.97 anchor=(275.1,624.1) kf_x=267.3 kf_vx=-0.00 pending=4177 confirmed=True holding=False
[INFO] [1788861478.788836855] [tracking_pick_node]: class=pet_labeled conf=0.97 anchor=(274.9,624.1) kf_x=267.2 kf_vx=-0.00 pending=4178 confirmed=True holding=False
[INFO] [1788861478.922530273] [tracking_pick_node]: class=pet_labeled conf=0.97 anchor=(275.0,624.1) kf_x=267.2 kf_vx=-0.00 pending=4179 confirmed=True holding=False
[INFO] [1788861479.056854385] [tracking_pick_node]: class=pet_labeled conf=0.97 anchor=(275.0,624.1) kf_x=267.3 kf_vx=-0.00 pending=4180 confirmed=True holding=False
[INFO] [1788861479.190253694] [tracking_pick_node]: class=pet_labeled conf=0.97 anchor=(275.0,624.1) kf_x=267.3 kf_vx=0.00 pending=4181 confirmed=True holding=False
[INFO] [1788861479.322143805] [tracking_pick_node]: class=pet_labeled conf=0.97 anchor=(275.1,624.0) kf_x=267.3 kf_vx=0.00 pending=4182 confirmed=True holding=False
[INFO] [1788861479.454710127] [tracking_pick_node]: class=pet_labeled conf=0.97 anchor=(275.0,624.0) kf_x=267.3 kf_vx=0.00 pending=4183 confirmed=True holding=False
[INFO] [1788861479.590303396] [tracking_pick_node]: class=pet_labeled conf=0.97 anchor=(275.0,624.2) kf_x=267.3 kf_vx=0.00 pending=4184 confirmed=True holding=False
[INFO] [1788861479.721107527] [tracking_pick_node]: class=pet_labeled conf=0.97 anchor=(274.9,624.0) kf_x=267.3 kf_vx=0.00 pending=4185 confirmed=True holding=False
[INFO] [1788861479.852919084] [tracking_pick_node]: class=pet_labeled conf=0.97 anchor=(275.0,624.1) kf_x=267.3 kf_vx=0.00 pending=4186 confirmed=True holding=False
[INFO] [1788861479.988933670] [tracking_pick_node]: class=pet_labeled conf=0.97 anchor=(275.0,624.1) kf_x=267.3 kf_vx=0.00 pending=4187 confirmed=True holding=False
[INFO] [1788861480.121096846] [tracking_pick_node]: class=pet_labeled conf=0.97 anchor=(275.0,624.1) kf_x=267.3 kf_vx=0.00 pending=4188 confirmed=True holding=False
[INFO] [1788861480.256015030] [tracking_pick_node]: class=pet_labeled conf=0.97 anchor=(275.0,624.1) kf_x=267.3 kf_vx=0.00 pending=4189 confirmed=True holding=False
[INFO] [1788861480.388908405] [tracking_pick_node]: class=pet_labeled conf=0.97 anchor=(275.0,624.2) kf_x=267.3 kf_vx=0.00 pending=4190 confirmed=True holding=False
[INFO] [1788861480.522115585] [tracking_pick_node]: class=pet_labeled conf=0.97 anchor=(275.0,624.1) kf_x=267.3 kf_vx=0.00 pending=4191 confirmed=True holding=False
[INFO] [1788861480.657628055] [tracking_pick_node]: class=pet_labeled conf=0.97 anchor=(275.0,624.0) kf_x=267.3 kf_vx=0.00 pending=4192 confirmed=True holding=False
[INFO] [1788861480.790010489] [tracking_pick_node]: class=pet_labeled conf=0.97 anchor=(275.0,624.0) kf_x=267.3 kf_vx=0.00 pending=4193 confirmed=True holding=False
[INFO] [1788861480.921525513] [tracking_pick_node]: class=pet_labeled conf=0.97 anchor=(274.9,624.1) kf_x=267.3 kf_vx=0.00 pending=4194 confirmed=True holding=False
[INFO] [1788861481.056968265] [tracking_pick_node]: class=pet_labeled conf=0.97 anchor=(275.0,624.1) kf_x=267.3 kf_vx=0.00 pending=4195 confirmed=True holding=False
[INFO] [1788861481.189762720] [tracking_pick_node]: class=pet_labeled conf=0.97 anchor=(275.0,624.1) kf_x=267.3 kf_vx=0.00 pending=4196 confirmed=True holding=False
[INFO] [1788861481.327202460] [tracking_pick_node]: class=pet_labeled conf=0.97 anchor=(275.0,624.0) kf_x=267.3 kf_vx=0.00 pending=4197 confirmed=True holding=False
[INFO] [1788861481.456211067] [tracking_pick_node]: class=pet_labeled conf=0.97 anchor=(275.1,624.0) kf_x=267.3 kf_vx=0.00 pending=4198 confirmed=True holding=False
[INFO] [1788861481.590469126] [tracking_pick_node]: class=pet_labeled conf=0.97 anchor=(275.1,624.0) kf_x=267.3 kf_vx=0.00 pending=4199 confirmed=True holding=False
[INFO] [1788861481.725858146] [tracking_pick_node]: class=pet_labeled conf=0.97 anchor=(275.0,624.1) kf_x=267.3 kf_vx=0.00 pending=4200 confirmed=True holding=False
[INFO] [1788861481.853088708] [tracking_pick_node]: class=pet_labeled conf=0.97 anchor=(274.9,624.1) kf_x=267.3 kf_vx=0.00 pending=4201 confirmed=True holding=False
[INFO] [1788861481.992944776] [tracking_pick_node]: class=pet_labeled conf=0.97 anchor=(275.0,624.0) kf_x=267.3 kf_vx=0.00 pending=4202 confirmed=True holding=False
[INFO] [1788861482.121030420] [tracking_pick_node]: class=pet_labeled conf=0.97 anchor=(275.0,624.0) kf_x=267.3 kf_vx=0.00 pending=4203 confirmed=True holding=False
[INFO] [1788861482.256429715] [tracking_pick_node]: class=pet_labeled conf=0.97 anchor=(275.0,624.1) kf_x=267.3 kf_vx=0.00 pending=4204 confirmed=True holding=False
[INFO] [1788861482.389598903] [tracking_pick_node]: class=pet_labeled conf=0.97 anchor=(275.0,624.1) kf_x=267.3 kf_vx=0.00 pending=4205 confirmed=True holding=False
[INFO] [1788861482.524797639] [tracking_pick_node]: class=pet_labeled conf=0.97 anchor=(275.0,624.0) kf_x=267.3 kf_vx=0.00 pending=4206 confirmed=True holding=False
[INFO] [1788861482.655532187] [tracking_pick_node]: class=pet_labeled conf=0.97 anchor=(275.1,624.0) kf_x=267.3 kf_vx=0.00 pending=4207 confirmed=True holding=False
[INFO] [1788861482.790762296] [tracking_pick_node]: class=pet_labeled conf=0.97 anchor=(274.9,624.1) kf_x=267.3 kf_vx=0.00 pending=4208 confirmed=True holding=False
[INFO] [1788861482.922495106] [tracking_pick_node]: class=pet_labeled conf=0.97 anchor=(275.0,624.1) kf_x=267.3 kf_vx=0.00 pending=4209 confirmed=True holding=False
[INFO] [1788861483.054947129] [tracking_pick_node]: class=pet_labeled conf=0.97 anchor=(275.0,624.1) kf_x=267.3 kf_vx=0.00 pending=4210 confirmed=True holding=False
[INFO] [1788861483.189845476] [tracking_pick_node]: class=pet_labeled conf=0.97 anchor=(275.0,624.2) kf_x=267.3 kf_vx=0.00 pending=4211 confirmed=True holding=False
[INFO] [1788861483.321622356] [tracking_pick_node]: class=pet_labeled conf=0.97 anchor=(275.0,624.0) kf_x=267.3 kf_vx=0.00 pending=4212 confirmed=True holding=False
[INFO] [1788861483.453456452] [tracking_pick_node]: class=pet_labeled conf=0.97 anchor=(275.0,624.0) kf_x=267.3 kf_vx=0.00 pending=4213 confirmed=True holding=False
[INFO] [1788861483.591212818] [tracking_pick_node]: class=pet_labeled conf=0.97 anchor=(274.9,624.1) kf_x=267.3 kf_vx=0.00 pending=4214 confirmed=True holding=False
[INFO] [1788861483.720740996] [tracking_pick_node]: class=pet_labeled conf=0.97 anchor=(274.9,624.0) kf_x=267.3 kf_vx=-0.00 pending=4215 confirmed=True holding=False
[INFO] [1788861483.855073904] [tracking_pick_node]: class=pet_labeled conf=0.97 anchor=(275.0,624.0) kf_x=267.3 kf_vx=-0.00 pending=4216 confirmed=True holding=False
[INFO] [1788861483.993901089] [tracking_pick_node]: class=pet_labeled conf=0.97 anchor=(274.9,624.1) kf_x=267.3 kf_vx=-0.00 pending=4217 confirmed=True holding=False
[INFO] [1788861484.122485843] [tracking_pick_node]: class=pet_labeled conf=0.97 anchor=(275.0,624.1) kf_x=267.3 kf_vx=-0.00 pending=4218 confirmed=True holding=False
[INFO] [1788861484.253495295] [tracking_pick_node]: class=pet_labeled conf=0.97 anchor=(274.9,624.1) kf_x=267.3 kf_vx=-0.00 pending=4219 confirmed=True holding=False
[INFO] [1788861484.389938381] [tracking_pick_node]: class=pet_labeled conf=0.97 anchor=(274.9,624.0) kf_x=267.2 kf_vx=-0.00 pending=4220 confirmed=True holding=False
[INFO] [1788861484.521947114] [tracking_pick_node]: class=pet_labeled conf=0.97 anchor=(274.9,624.0) kf_x=267.2 kf_vx=-0.00 pending=4221 confirmed=True holding=False
[INFO] [1788861484.656668938] [tracking_pick_node]: class=pet_labeled conf=0.97 anchor=(275.0,624.1) kf_x=267.2 kf_vx=-0.00 pending=4222 confirmed=True holding=False
[INFO] [1788861484.790547424] [tracking_pick_node]: class=pet_labeled conf=0.97 anchor=(275.0,624.0) kf_x=267.2 kf_vx=-0.00 pending=4223 confirmed=True holding=False
[INFO] [1788861484.921735629] [tracking_pick_node]: class=pet_labeled conf=0.97 anchor=(275.1,624.1) kf_x=267.3 kf_vx=-0.00 pending=4224 confirmed=True holding=False
[INFO] [1788861485.054682784] [tracking_pick_node]: class=pet_labeled conf=0.97 anchor=(274.9,624.0) kf_x=267.2 kf_vx=-0.00 pending=4225 confirmed=True holding=False
[INFO] [1788861485.190681519] [tracking_pick_node]: class=pet_labeled conf=0.97 anchor=(274.9,624.0) kf_x=267.2 kf_vx=-0.00 pending=4226 confirmed=True holding=False
[INFO] [1788861485.321687653] [tracking_pick_node]: class=pet_labeled conf=0.97 anchor=(275.1,624.2) kf_x=267.3 kf_vx=-0.00 pending=4227 confirmed=True holding=False
[INFO] [1788861485.459736092] [tracking_pick_node]: class=pet_labeled conf=0.97 anchor=(274.9,624.1) kf_x=267.2 kf_vx=-0.00 pending=4228 confirmed=True holding=False
[INFO] [1788861485.591208388] [tracking_pick_node]: class=pet_labeled conf=0.97 anchor=(275.0,624.1) kf_x=267.2 kf_vx=-0.00 pending=4229 confirmed=True holding=False
[INFO] [1788861485.721595091] [tracking_pick_node]: class=pet_labeled conf=0.97 anchor=(275.0,624.2) kf_x=267.3 kf_vx=-0.00 pending=4230 confirmed=True holding=False
[INFO] [1788861485.855643763] [tracking_pick_node]: class=pet_labeled conf=0.97 anchor=(274.9,624.0) kf_x=267.2 kf_vx=-0.00 pending=4231 confirmed=True holding=False
[INFO] [1788861485.989767841] [tracking_pick_node]: class=pet_labeled conf=0.97 anchor=(275.0,624.1) kf_x=267.3 kf_vx=-0.00 pending=4232 confirmed=True holding=False
[INFO] [1788861486.122161957] [tracking_pick_node]: class=pet_labeled conf=0.97 anchor=(275.0,624.1) kf_x=267.3 kf_vx=-0.00 pending=4233 confirmed=True holding=False
[INFO] [1788861486.253026052] [tracking_pick_node]: class=pet_labeled conf=0.97 anchor=(275.0,624.0) kf_x=267.3 kf_vx=-0.00 pending=4234 confirmed=True holding=False
[INFO] [1788861486.390654901] [tracking_pick_node]: class=pet_labeled conf=0.97 anchor=(275.0,624.1) kf_x=267.3 kf_vx=0.00 pending=4235 confirmed=True holding=False
[INFO] [1788861486.523069414] [tracking_pick_node]: class=pet_labeled conf=0.97 anchor=(275.0,624.0) kf_x=267.3 kf_vx=0.00 pending=4236 confirmed=True holding=False
[INFO] [1788861486.654773031] [tracking_pick_node]: class=pet_labeled conf=0.97 anchor=(275.0,624.1) kf_x=267.3 kf_vx=0.00 pending=4237 confirmed=True holding=False
[INFO] [1788861486.788977946] [tracking_pick_node]: class=pet_labeled conf=0.97 anchor=(275.1,624.2) kf_x=267.3 kf_vx=0.00 pending=4238 confirmed=True holding=False
[INFO] [1788861486.928445866] [tracking_pick_node]: class=pet_labeled conf=0.97 anchor=(275.0,624.2) kf_x=267.3 kf_vx=0.00 pending=4239 confirmed=True holding=False
[INFO] [1788861487.061069317] [tracking_pick_node]: class=pet_labeled conf=0.97 anchor=(274.9,624.1) kf_x=267.3 kf_vx=0.00 pending=4240 confirmed=True holding=False
[INFO] [1788861487.190603667] [tracking_pick_node]: class=pet_labeled conf=0.97 anchor=(275.1,624.0) kf_x=267.3 kf_vx=0.00 pending=4241 confirmed=True holding=False
[INFO] [1788861487.322630750] [tracking_pick_node]: class=pet_labeled conf=0.97 anchor=(275.0,624.2) kf_x=267.3 kf_vx=0.00 pending=4242 confirmed=True holding=False
[INFO] [1788861487.454566038] [tracking_pick_node]: class=pet_labeled conf=0.97 anchor=(275.0,624.2) kf_x=267.3 kf_vx=0.00 pending=4243 confirmed=True holding=False
[INFO] [1788861487.589375320] [tracking_pick_node]: class=pet_labeled conf=0.97 anchor=(275.0,624.0) kf_x=267.3 kf_vx=0.00 pending=4244 confirmed=True holding=False
[INFO] [1788861487.720826113] [tracking_pick_node]: class=pet_labeled conf=0.97 anchor=(274.9,624.0) kf_x=267.3 kf_vx=0.00 pending=4245 confirmed=True holding=False
[INFO] [1788861487.853879039] [tracking_pick_node]: class=pet_labeled conf=0.97 anchor=(274.9,624.1) kf_x=267.3 kf_vx=0.00 pending=4246 confirmed=True holding=False
[INFO] [1788861487.992195197] [tracking_pick_node]: class=pet_labeled conf=0.97 anchor=(274.9,624.1) kf_x=267.3 kf_vx=0.00 pending=4247 confirmed=True holding=False
[INFO] [1788861488.121180068] [tracking_pick_node]: class=pet_labeled conf=0.97 anchor=(275.0,624.1) kf_x=267.3 kf_vx=0.00 pending=4248 confirmed=True holding=False
[INFO] [1788861488.255925453] [tracking_pick_node]: class=pet_labeled conf=0.97 anchor=(275.0,624.2) kf_x=267.3 kf_vx=0.00 pending=4249 confirmed=True holding=False
[INFO] [1788861488.391053050] [tracking_pick_node]: class=pet_labeled conf=0.97 anchor=(274.9,624.2) kf_x=267.3 kf_vx=0.00 pending=4250 confirmed=True holding=False
[INFO] [1788861488.526421488] [tracking_pick_node]: class=pet_labeled conf=0.97 anchor=(275.0,624.1) kf_x=267.3 kf_vx=0.00 pending=4251 confirmed=True holding=False
[INFO] [1788861488.654659445] [tracking_pick_node]: class=pet_labeled conf=0.97 anchor=(275.0,624.0) kf_x=267.3 kf_vx=0.00 pending=4252 confirmed=True holding=False
[INFO] [1788861488.798945293] [tracking_pick_node]: class=pet_labeled conf=0.97 anchor=(274.9,624.2) kf_x=267.3 kf_vx=-0.00 pending=4253 confirmed=True holding=False
[INFO] [1788861488.921796878] [tracking_pick_node]: class=pet_labeled conf=0.97 anchor=(275.0,624.0) kf_x=267.3 kf_vx=0.00 pending=4254 confirmed=True holding=False
[INFO] [1788861489.052999339] [tracking_pick_node]: class=pet_labeled conf=0.97 anchor=(274.8,624.1) kf_x=267.3 kf_vx=-0.00 pending=4255 confirmed=True holding=False
[INFO] [1788861489.188966989] [tracking_pick_node]: class=pet_labeled conf=0.97 anchor=(274.9,624.1) kf_x=267.3 kf_vx=-0.00 pending=4256 confirmed=True holding=False
[INFO] [1788861489.322236966] [tracking_pick_node]: class=pet_labeled conf=0.97 anchor=(275.0,624.1) kf_x=267.3 kf_vx=-0.00 pending=4257 confirmed=True holding=False
[INFO] [1788861489.455156541] [tracking_pick_node]: class=pet_labeled conf=0.97 anchor=(274.9,624.0) kf_x=267.3 kf_vx=-0.00 pending=4258 confirmed=True holding=False
[INFO] [1788861489.589427565] [tracking_pick_node]: class=pet_labeled conf=0.97 anchor=(275.0,624.1) kf_x=267.3 kf_vx=-0.00 pending=4259 confirmed=True holding=False
[INFO] [1788861489.725068714] [tracking_pick_node]: class=pet_labeled conf=0.97 anchor=(275.0,624.1) kf_x=267.3 kf_vx=0.00 pending=4260 confirmed=True holding=False
[INFO] [1788861489.853922567] [tracking_pick_node]: class=pet_labeled conf=0.97 anchor=(275.0,624.0) kf_x=267.3 kf_vx=0.00 pending=4261 confirmed=True holding=False
[INFO] [1788861489.991386174] [tracking_pick_node]: class=pet_labeled conf=0.97 anchor=(275.0,624.1) kf_x=267.3 kf_vx=0.00 pending=4262 confirmed=True holding=False
[INFO] [1788861490.122013447] [tracking_pick_node]: class=pet_labeled conf=0.97 anchor=(275.0,624.0) kf_x=267.3 kf_vx=0.00 pending=4263 confirmed=True holding=False
[INFO] [1788861490.253866697] [tracking_pick_node]: class=pet_labeled conf=0.97 anchor=(274.9,624.1) kf_x=267.3 kf_vx=-0.00 pending=4264 confirmed=True holding=False
[INFO] [1788861490.389424867] [tracking_pick_node]: class=pet_labeled conf=0.97 anchor=(275.0,624.1) kf_x=267.3 kf_vx=-0.00 pending=4265 confirmed=True holding=False
[INFO] [1788861490.522959140] [tracking_pick_node]: class=pet_labeled conf=0.97 anchor=(275.0,624.0) kf_x=267.3 kf_vx=0.00 pending=4266 confirmed=True holding=False
[INFO] [1788861490.653798403] [tracking_pick_node]: class=pet_labeled conf=0.97 anchor=(275.0,624.1) kf_x=267.3 kf_vx=0.00 pending=4267 confirmed=True holding=False
[INFO] [1788861490.787535789] [tracking_pick_node]: class=pet_labeled conf=0.97 anchor=(274.9,624.1) kf_x=267.3 kf_vx=-0.00 pending=4268 confirmed=True holding=False
[INFO] [1788861490.923982134] [tracking_pick_node]: class=pet_labeled conf=0.97 anchor=(275.0,624.2) kf_x=267.3 kf_vx=0.00 pending=4269 confirmed=True holding=False
[INFO] [1788861491.055112029] [tracking_pick_node]: class=pet_labeled conf=0.97 anchor=(275.0,624.0) kf_x=267.3 kf_vx=0.00 pending=4270 confirmed=True holding=False
[INFO] [1788861491.185501238] [tracking_pick_node]: class=pet_labeled conf=0.97 anchor=(275.0,624.1) kf_x=267.3 kf_vx=0.00 pending=4271 confirmed=True holding=False
[INFO] [1788861491.321693860] [tracking_pick_node]: class=pet_labeled conf=0.97 anchor=(275.0,624.1) kf_x=267.3 kf_vx=0.00 pending=4272 confirmed=True holding=False
[INFO] [1788861491.456482448] [tracking_pick_node]: class=pet_labeled conf=0.97 anchor=(275.0,624.0) kf_x=267.3 kf_vx=0.00 pending=4273 confirmed=True holding=False
[INFO] [1788861491.585428514] [tracking_pick_node]: class=pet_labeled conf=0.97 anchor=(274.9,624.0) kf_x=267.3 kf_vx=0.00 pending=4274 confirmed=True holding=False
[INFO] [1788861491.722943082] [tracking_pick_node]: class=pet_labeled conf=0.97 anchor=(275.0,624.1) kf_x=267.3 kf_vx=0.00 pending=4275 confirmed=True holding=False
[INFO] [1788861491.853652627] [tracking_pick_node]: class=pet_labeled conf=0.97 anchor=(275.0,624.1) kf_x=267.3 kf_vx=0.00 pending=4276 confirmed=True holding=False
[INFO] [1788861491.993177695] [tracking_pick_node]: class=pet_labeled conf=0.97 anchor=(275.0,624.1) kf_x=267.3 kf_vx=-0.00 pending=4277 confirmed=True holding=False
[INFO] [1788861492.122483234] [tracking_pick_node]: class=pet_labeled conf=0.97 anchor=(275.0,624.1) kf_x=267.3 kf_vx=-0.00 pending=4278 confirmed=True holding=False
[INFO] [1788861492.260729500] [tracking_pick_node]: class=pet_labeled conf=0.97 anchor=(275.0,624.0) kf_x=267.3 kf_vx=-0.00 pending=4279 confirmed=True holding=False
[INFO] [1788861492.391922530] [tracking_pick_node]: class=pet_labeled conf=0.97 anchor=(275.0,624.1) kf_x=267.3 kf_vx=-0.00 pending=4280 confirmed=True holding=False
[INFO] [1788861492.522431137] [tracking_pick_node]: class=pet_labeled conf=0.97 anchor=(275.0,624.0) kf_x=267.3 kf_vx=0.00 pending=4281 confirmed=True holding=False
[INFO] [1788861492.654723381] [tracking_pick_node]: class=pet_labeled conf=0.97 anchor=(275.1,624.1) kf_x=267.3 kf_vx=0.00 pending=4282 confirmed=True holding=False
[INFO] [1788861492.784975415] [tracking_pick_node]: class=pet_labeled conf=0.97 anchor=(275.0,624.1) kf_x=267.3 kf_vx=0.00 pending=4283 confirmed=True holding=False
[INFO] [1788861492.922402802] [tracking_pick_node]: class=pet_labeled conf=0.97 anchor=(274.9,624.1) kf_x=267.3 kf_vx=0.00 pending=4284 confirmed=True holding=False
[INFO] [1788861493.062444965] [tracking_pick_node]: class=pet_labeled conf=0.97 anchor=(275.0,624.1) kf_x=267.3 kf_vx=0.00 pending=4285 confirmed=True holding=False
[INFO] [1788861493.186407067] [tracking_pick_node]: class=pet_labeled conf=0.97 anchor=(275.0,624.0) kf_x=267.3 kf_vx=0.00 pending=4286 confirmed=True holding=False
[INFO] [1788861493.322465650] [tracking_pick_node]: class=pet_labeled conf=0.97 anchor=(274.9,624.0) kf_x=267.3 kf_vx=-0.00 pending=4287 confirmed=True holding=False
[INFO] [1788861493.455462537] [tracking_pick_node]: class=pet_labeled conf=0.97 anchor=(274.9,624.1) kf_x=267.3 kf_vx=-0.00 pending=4288 confirmed=True holding=False
[INFO] [1788861493.584896571] [tracking_pick_node]: class=pet_labeled conf=0.97 anchor=(274.9,624.1) kf_x=267.3 kf_vx=-0.00 pending=4289 confirmed=True holding=False
[INFO] [1788861493.724198386] [tracking_pick_node]: class=pet_labeled conf=0.97 anchor=(275.0,624.1) kf_x=267.3 kf_vx=-0.00 pending=4290 confirmed=True holding=False
[INFO] [1788861493.854810495] [tracking_pick_node]: class=pet_labeled conf=0.97 anchor=(274.9,624.2) kf_x=267.3 kf_vx=-0.00 pending=4291 confirmed=True holding=False
[INFO] [1788861493.986696969] [tracking_pick_node]: class=pet_labeled conf=0.97 anchor=(274.9,624.0) kf_x=267.2 kf_vx=-0.00 pending=4292 confirmed=True holding=False
[INFO] [1788861494.121951786] [tracking_pick_node]: class=pet_labeled conf=0.97 anchor=(275.0,624.2) kf_x=267.2 kf_vx=-0.00 pending=4293 confirmed=True holding=False
[INFO] [1788861494.254038790] [tracking_pick_node]: class=pet_labeled conf=0.97 anchor=(274.9,624.1) kf_x=267.2 kf_vx=-0.00 pending=4294 confirmed=True holding=False
[INFO] [1788861494.385264299] [tracking_pick_node]: class=pet_labeled conf=0.97 anchor=(274.9,624.1) kf_x=267.2 kf_vx=-0.00 pending=4295 confirmed=True holding=False
[INFO] [1788861494.521751465] [tracking_pick_node]: class=pet_labeled conf=0.97 anchor=(274.9,624.1) kf_x=267.2 kf_vx=-0.00 pending=4296 confirmed=True holding=False
[INFO] [1788861494.657770795] [tracking_pick_node]: class=pet_labeled conf=0.97 anchor=(275.0,624.0) kf_x=267.2 kf_vx=-0.00 pending=4297 confirmed=True holding=False
[INFO] [1788861494.785905503] [tracking_pick_node]: class=pet_labeled conf=0.97 anchor=(274.9,624.2) kf_x=267.2 kf_vx=-0.00 pending=4298 confirmed=True holding=False
[INFO] [1788861494.922398461] [tracking_pick_node]: class=pet_labeled conf=0.97 anchor=(274.9,624.1) kf_x=267.2 kf_vx=-0.00 pending=4299 confirmed=True holding=False
[INFO] [1788861495.054172256] [tracking_pick_node]: class=pet_labeled conf=0.97 anchor=(275.1,624.1) kf_x=267.2 kf_vx=-0.00 pending=4300 confirmed=True holding=False
[INFO] [1788861495.185667021] [tracking_pick_node]: class=pet_labeled conf=0.97 anchor=(275.0,624.1) kf_x=267.3 kf_vx=-0.00 pending=4301 confirmed=True holding=False
[INFO] [1788861495.321057228] [tracking_pick_node]: class=pet_labeled conf=0.97 anchor=(275.0,624.0) kf_x=267.3 kf_vx=-0.00 pending=4302 confirmed=True holding=False
[INFO] [1788861495.454587363] [tracking_pick_node]: class=pet_labeled conf=0.97 anchor=(275.0,624.1) kf_x=267.3 kf_vx=-0.00 pending=4303 confirmed=True holding=False
[INFO] [1788861495.585484312] [tracking_pick_node]: class=pet_labeled conf=0.97 anchor=(274.9,624.0) kf_x=267.3 kf_vx=-0.00 pending=4304 confirmed=True holding=False
[INFO] [1788861495.720972503] [tracking_pick_node]: class=pet_labeled conf=0.97 anchor=(275.0,624.1) kf_x=267.3 kf_vx=-0.00 pending=4305 confirmed=True holding=False
[INFO] [1788861495.854044449] [tracking_pick_node]: class=pet_labeled conf=0.97 anchor=(274.9,624.2) kf_x=267.2 kf_vx=-0.00 pending=4306 confirmed=True holding=False
[INFO] [1788861495.985400534] [tracking_pick_node]: class=pet_labeled conf=0.97 anchor=(275.0,624.0) kf_x=267.2 kf_vx=-0.00 pending=4307 confirmed=True holding=False
[INFO] [1788861496.120862606] [tracking_pick_node]: class=pet_labeled conf=0.97 anchor=(275.0,624.1) kf_x=267.2 kf_vx=-0.00 pending=4308 confirmed=True holding=False
[INFO] [1788861496.256318056] [tracking_pick_node]: class=pet_labeled conf=0.97 anchor=(275.0,624.1) kf_x=267.2 kf_vx=-0.00 pending=4309 confirmed=True holding=False
[INFO] [1788861496.390393403] [tracking_pick_node]: class=pet_labeled conf=0.97 anchor=(275.1,624.2) kf_x=267.3 kf_vx=0.00 pending=4310 confirmed=True holding=False
[INFO] [1788861496.522393405] [tracking_pick_node]: class=pet_labeled conf=0.97 anchor=(274.9,624.0) kf_x=267.3 kf_vx=-0.00 pending=4311 confirmed=True holding=False
[INFO] [1788861496.654862755] [tracking_pick_node]: class=pet_labeled conf=0.97 anchor=(275.0,624.0) kf_x=267.3 kf_vx=0.00 pending=4312 confirmed=True holding=False
[INFO] [1788861496.786981117] [tracking_pick_node]: class=pet_labeled conf=0.97 anchor=(275.0,624.1) kf_x=267.3 kf_vx=0.00 pending=4313 confirmed=True holding=False
[INFO] [1788861496.921276939] [tracking_pick_node]: class=pet_labeled conf=0.97 anchor=(274.9,624.1) kf_x=267.3 kf_vx=0.00 pending=4314 confirmed=True holding=False
[INFO] [1788861497.053053622] [tracking_pick_node]: class=pet_labeled conf=0.97 anchor=(274.9,624.2) kf_x=267.3 kf_vx=0.00 pending=4315 confirmed=True holding=False
[INFO] [1788861497.186556625] [tracking_pick_node]: class=pet_labeled conf=0.97 anchor=(274.9,624.0) kf_x=267.3 kf_vx=-0.00 pending=4316 confirmed=True holding=False
[INFO] [1788861497.322753833] [tracking_pick_node]: class=pet_labeled conf=0.97 anchor=(275.0,624.2) kf_x=267.3 kf_vx=0.00 pending=4317 confirmed=True holding=False
[INFO] [1788861497.453123740] [tracking_pick_node]: class=pet_labeled conf=0.97 anchor=(274.9,624.2) kf_x=267.3 kf_vx=0.00 pending=4318 confirmed=True holding=False
[INFO] [1788861497.586371791] [tracking_pick_node]: class=pet_labeled conf=0.97 anchor=(275.0,624.1) kf_x=267.3 kf_vx=0.00 pending=4319 confirmed=True holding=False
[INFO] [1788861497.724291728] [tracking_pick_node]: class=pet_labeled conf=0.97 anchor=(275.0,624.0) kf_x=267.3 kf_vx=-0.00 pending=4320 confirmed=True holding=False
[INFO] [1788861497.854303362] [tracking_pick_node]: class=pet_labeled conf=0.97 anchor=(274.9,624.0) kf_x=267.3 kf_vx=-0.00 pending=4321 confirmed=True holding=False
[INFO] [1788861497.984801029] [tracking_pick_node]: class=pet_labeled conf=0.97 anchor=(275.0,624.1) kf_x=267.3 kf_vx=-0.00 pending=4322 confirmed=True holding=False
[INFO] [1788861498.123120296] [tracking_pick_node]: class=pet_labeled conf=0.97 anchor=(275.0,624.2) kf_x=267.3 kf_vx=-0.00 pending=4323 confirmed=True holding=False
[INFO] [1788861498.257610280] [tracking_pick_node]: class=pet_labeled conf=0.97 anchor=(274.9,624.1) kf_x=267.3 kf_vx=-0.00 pending=4324 confirmed=True holding=False
[INFO] [1788861498.386417578] [tracking_pick_node]: class=pet_labeled conf=0.97 anchor=(275.0,624.2) kf_x=267.3 kf_vx=-0.00 pending=4325 confirmed=True holding=False
[INFO] [1788861498.523459796] [tracking_pick_node]: class=pet_labeled conf=0.97 anchor=(274.9,624.0) kf_x=267.2 kf_vx=-0.00 pending=4326 confirmed=True holding=False
[INFO] [1788861498.656009941] [tracking_pick_node]: class=pet_labeled conf=0.97 anchor=(275.1,624.1) kf_x=267.3 kf_vx=-0.00 pending=4327 confirmed=True holding=False
[INFO] [1788861498.784957549] [tracking_pick_node]: class=pet_labeled conf=0.97 anchor=(275.1,624.1) kf_x=267.3 kf_vx=0.00 pending=4328 confirmed=True holding=False
[INFO] [1788861498.921715749] [tracking_pick_node]: class=pet_labeled conf=0.97 anchor=(275.0,624.1) kf_x=267.3 kf_vx=0.00 pending=4329 confirmed=True holding=False
[INFO] [1788861499.058415708] [tracking_pick_node]: class=pet_labeled conf=0.97 anchor=(274.9,624.0) kf_x=267.3 kf_vx=-0.00 pending=4330 confirmed=True holding=False
[INFO] [1788861499.193185688] [tracking_pick_node]: class=pet_labeled conf=0.97 anchor=(275.0,624.2) kf_x=267.3 kf_vx=-0.00 pending=4331 confirmed=True holding=False
[INFO] [1788861499.325556180] [tracking_pick_node]: class=pet_labeled conf=0.97 anchor=(275.0,624.1) kf_x=267.3 kf_vx=-0.00 pending=4332 confirmed=True holding=False
[INFO] [1788861499.454516091] [tracking_pick_node]: class=pet_labeled conf=0.97 anchor=(274.9,624.1) kf_x=267.2 kf_vx=-0.00 pending=4333 confirmed=True holding=False
[INFO] [1788861499.591401770] [tracking_pick_node]: class=pet_labeled conf=0.97 anchor=(275.0,624.1) kf_x=267.2 kf_vx=-0.00 pending=4334 confirmed=True holding=False
[INFO] [1788861499.723120245] [tracking_pick_node]: class=pet_labeled conf=0.97 anchor=(275.0,624.0) kf_x=267.2 kf_vx=-0.00 pending=4335 confirmed=True holding=False
[INFO] [1788861499.853111670] [tracking_pick_node]: class=pet_labeled conf=0.97 anchor=(275.0,624.1) kf_x=267.3 kf_vx=-0.00 pending=4336 confirmed=True holding=False
[INFO] [1788861499.987405620] [tracking_pick_node]: class=pet_labeled conf=0.97 anchor=(275.1,624.1) kf_x=267.3 kf_vx=0.00 pending=4337 confirmed=True holding=False
[INFO] [1788861500.122081541] [tracking_pick_node]: class=pet_labeled conf=0.97 anchor=(275.0,624.1) kf_x=267.3 kf_vx=0.00 pending=4338 confirmed=True holding=False
[INFO] [1788861500.254336094] [tracking_pick_node]: class=pet_labeled conf=0.97 anchor=(274.8,624.0) kf_x=267.2 kf_vx=-0.00 pending=4339 confirmed=True holding=False
[INFO] [1788861500.384831557] [tracking_pick_node]: class=pet_labeled conf=0.97 anchor=(275.0,624.0) kf_x=267.2 kf_vx=-0.00 pending=4340 confirmed=True holding=False
[INFO] [1788861500.521267951] [tracking_pick_node]: class=pet_labeled conf=0.97 anchor=(274.9,624.1) kf_x=267.2 kf_vx=-0.00 pending=4341 confirmed=True holding=False
[INFO] [1788861500.664019135] [tracking_pick_node]: class=pet_labeled conf=0.97 anchor=(275.0,624.1) kf_x=267.2 kf_vx=-0.00 pending=4342 confirmed=True holding=False
[INFO] [1788861500.786305132] [tracking_pick_node]: class=pet_labeled conf=0.97 anchor=(274.9,624.1) kf_x=267.2 kf_vx=-0.00 pending=4343 confirmed=True holding=False
[INFO] [1788861500.922244245] [tracking_pick_node]: class=pet_labeled conf=0.97 anchor=(275.0,624.1) kf_x=267.2 kf_vx=-0.00 pending=4344 confirmed=True holding=False
[INFO] [1788861501.054717200] [tracking_pick_node]: class=pet_labeled conf=0.97 anchor=(274.9,624.1) kf_x=267.2 kf_vx=-0.00 pending=4345 confirmed=True holding=False
[INFO] [1788861501.185474530] [tracking_pick_node]: class=pet_labeled conf=0.97 anchor=(274.9,624.1) kf_x=267.2 kf_vx=-0.00 pending=4346 confirmed=True holding=False
[INFO] [1788861501.323207706] [tracking_pick_node]: class=pet_labeled conf=0.97 anchor=(275.0,624.0) kf_x=267.2 kf_vx=-0.00 pending=4347 confirmed=True holding=False
[INFO] [1788861501.457397488] [tracking_pick_node]: class=pet_labeled conf=0.97 anchor=(274.9,624.1) kf_x=267.2 kf_vx=-0.00 pending=4348 confirmed=True holding=False
[INFO] [1788861501.585736733] [tracking_pick_node]: class=pet_labeled conf=0.97 anchor=(275.0,624.1) kf_x=267.2 kf_vx=-0.00 pending=4349 confirmed=True holding=False
[INFO] [1788861501.722423781] [tracking_pick_node]: class=pet_labeled conf=0.97 anchor=(274.9,624.1) kf_x=267.2 kf_vx=-0.00 pending=4350 confirmed=True holding=False
[INFO] [1788861501.858466509] [tracking_pick_node]: class=pet_labeled conf=0.97 anchor=(275.0,624.1) kf_x=267.2 kf_vx=-0.00 pending=4351 confirmed=True holding=False
[INFO] [1788861501.986329035] [tracking_pick_node]: class=pet_labeled conf=0.97 anchor=(274.9,624.1) kf_x=267.2 kf_vx=-0.00 pending=4352 confirmed=True holding=False
[INFO] [1788861502.123411118] [tracking_pick_node]: class=pet_labeled conf=0.97 anchor=(274.9,624.1) kf_x=267.2 kf_vx=-0.00 pending=4353 confirmed=True holding=False
[INFO] [1788861502.254392622] [tracking_pick_node]: class=pet_labeled conf=0.97 anchor=(274.9,624.2) kf_x=267.2 kf_vx=-0.00 pending=4354 confirmed=True holding=False
[INFO] [1788861502.387037651] [tracking_pick_node]: class=pet_labeled conf=0.97 anchor=(275.0,624.1) kf_x=267.2 kf_vx=-0.00 pending=4355 confirmed=True holding=False
[INFO] [1788861502.522843054] [tracking_pick_node]: class=pet_labeled conf=0.97 anchor=(275.0,624.1) kf_x=267.2 kf_vx=-0.00 pending=4356 confirmed=True holding=False
[INFO] [1788861502.655268346] [tracking_pick_node]: class=pet_labeled conf=0.97 anchor=(275.0,624.0) kf_x=267.2 kf_vx=-0.00 pending=4357 confirmed=True holding=False
[INFO] [1788861502.786284539] [tracking_pick_node]: class=pet_labeled conf=0.97 anchor=(274.9,624.1) kf_x=267.2 kf_vx=-0.00 pending=4358 confirmed=True holding=False
[INFO] [1788861502.921253800] [tracking_pick_node]: class=pet_labeled conf=0.97 anchor=(275.1,624.2) kf_x=267.2 kf_vx=0.00 pending=4359 confirmed=True holding=False
[INFO] [1788861503.054857255] [tracking_pick_node]: class=pet_labeled conf=0.97 anchor=(275.0,624.1) kf_x=267.2 kf_vx=0.00 pending=4360 confirmed=True holding=False
[INFO] [1788861503.186437322] [tracking_pick_node]: class=pet_labeled conf=0.97 anchor=(275.0,624.0) kf_x=267.2 kf_vx=0.00 pending=4361 confirmed=True holding=False
[INFO] [1788861503.323290835] [tracking_pick_node]: class=pet_labeled conf=0.97 anchor=(275.0,624.1) kf_x=267.3 kf_vx=0.00 pending=4362 confirmed=True holding=False
[INFO] [1788861503.456229827] [tracking_pick_node]: class=pet_labeled conf=0.97 anchor=(274.9,624.0) kf_x=267.2 kf_vx=0.00 pending=4363 confirmed=True holding=False
[INFO] [1788861503.585130911] [tracking_pick_node]: class=pet_labeled conf=0.97 anchor=(275.0,624.2) kf_x=267.2 kf_vx=0.00 pending=4364 confirmed=True holding=False
[INFO] [1788861503.722547847] [tracking_pick_node]: class=pet_labeled conf=0.97 anchor=(275.0,624.1) kf_x=267.3 kf_vx=0.00 pending=4365 confirmed=True holding=False
[INFO] [1788861503.854937994] [tracking_pick_node]: class=pet_labeled conf=0.97 anchor=(275.1,624.1) kf_x=267.3 kf_vx=0.00 pending=4366 confirmed=True holding=False
[INFO] [1788861503.987401207] [tracking_pick_node]: class=pet_labeled conf=0.97 anchor=(275.0,624.1) kf_x=267.3 kf_vx=0.00 pending=4367 confirmed=True holding=False
[INFO] [1788861504.118890921] [tracking_pick_node]: class=pet_labeled conf=0.97 anchor=(274.9,624.1) kf_x=267.3 kf_vx=0.00 pending=4368 confirmed=True holding=False
[INFO] [1788861504.253387661] [tracking_pick_node]: class=pet_labeled conf=0.97 anchor=(275.0,624.1) kf_x=267.3 kf_vx=0.00 pending=4369 confirmed=True holding=False
[INFO] [1788861504.385575516] [tracking_pick_node]: class=pet_labeled conf=0.97 anchor=(275.0,624.1) kf_x=267.3 kf_vx=0.00 pending=4370 confirmed=True holding=False
[INFO] [1788861504.519373261] [tracking_pick_node]: class=pet_labeled conf=0.97 anchor=(275.0,624.1) kf_x=267.3 kf_vx=0.00 pending=4371 confirmed=True holding=False
[INFO] [1788861504.654203524] [tracking_pick_node]: class=pet_labeled conf=0.97 anchor=(275.0,624.1) kf_x=267.3 kf_vx=0.00 pending=4372 confirmed=True holding=False
[INFO] [1788861504.790542676] [tracking_pick_node]: class=pet_labeled conf=0.97 anchor=(275.0,624.0) kf_x=267.3 kf_vx=0.00 pending=4373 confirmed=True holding=False
[INFO] [1788861504.918083475] [tracking_pick_node]: class=pet_labeled conf=0.97 anchor=(274.9,624.0) kf_x=267.3 kf_vx=0.00 pending=4374 confirmed=True holding=False
[INFO] [1788861505.054470446] [tracking_pick_node]: class=pet_labeled conf=0.97 anchor=(275.0,624.2) kf_x=267.3 kf_vx=0.00 pending=4375 confirmed=True holding=False
[INFO] [1788861505.189304096] [tracking_pick_node]: class=pet_labeled conf=0.97 anchor=(275.0,624.1) kf_x=267.3 kf_vx=0.00 pending=4376 confirmed=True holding=False
[INFO] [1788861505.320607656] [tracking_pick_node]: class=pet_labeled conf=0.97 anchor=(275.0,624.1) kf_x=267.3 kf_vx=0.00 pending=4377 confirmed=True holding=False
[INFO] [1788861505.455173082] [tracking_pick_node]: class=pet_labeled conf=0.97 anchor=(275.0,624.1) kf_x=267.3 kf_vx=0.00 pending=4378 confirmed=True holding=False
[INFO] [1788861505.587779728] [tracking_pick_node]: class=pet_labeled conf=0.97 anchor=(275.1,624.2) kf_x=267.3 kf_vx=0.01 pending=4379 confirmed=True holding=False
[INFO] [1788861505.717923143] [tracking_pick_node]: class=pet_labeled conf=0.97 anchor=(275.0,624.1) kf_x=267.3 kf_vx=0.01 pending=4380 confirmed=True holding=False
[INFO] [1788861505.854648942] [tracking_pick_node]: class=pet_labeled conf=0.97 anchor=(275.0,624.1) kf_x=267.3 kf_vx=0.01 pending=4381 confirmed=True holding=False
[INFO] [1788861505.988709073] [tracking_pick_node]: class=pet_labeled conf=0.97 anchor=(275.0,624.1) kf_x=267.3 kf_vx=0.01 pending=4382 confirmed=True holding=False
[INFO] [1788861506.119048145] [tracking_pick_node]: class=pet_labeled conf=0.97 anchor=(275.0,624.0) kf_x=267.3 kf_vx=0.01 pending=4383 confirmed=True holding=False
[INFO] [1788861506.265558149] [tracking_pick_node]: class=pet_labeled conf=0.97 anchor=(275.1,624.1) kf_x=267.3 kf_vx=0.01 pending=4384 confirmed=True holding=False
[INFO] [1788861506.387184036] [tracking_pick_node]: class=pet_labeled conf=0.97 anchor=(275.0,624.1) kf_x=267.3 kf_vx=0.01 pending=4385 confirmed=True holding=False
[INFO] [1788861506.518533245] [tracking_pick_node]: class=pet_labeled conf=0.97 anchor=(275.0,624.0) kf_x=267.3 kf_vx=0.01 pending=4386 confirmed=True holding=False
[INFO] [1788861506.653653738] [tracking_pick_node]: class=pet_labeled conf=0.97 anchor=(275.0,624.1) kf_x=267.3 kf_vx=0.01 pending=4387 confirmed=True holding=False
[INFO] [1788861506.787837161] [tracking_pick_node]: class=pet_labeled conf=0.97 anchor=(275.0,624.2) kf_x=267.3 kf_vx=0.01 pending=4388 confirmed=True holding=False
[INFO] [1788861506.922554513] [tracking_pick_node]: class=pet_labeled conf=0.97 anchor=(275.0,624.0) kf_x=267.3 kf_vx=0.01 pending=4389 confirmed=True holding=False
[INFO] [1788861507.055571304] [tracking_pick_node]: class=pet_labeled conf=0.97 anchor=(275.0,624.1) kf_x=267.3 kf_vx=0.01 pending=4390 confirmed=True holding=False
[INFO] [1788861507.192507843] [tracking_pick_node]: class=pet_labeled conf=0.97 anchor=(275.0,624.1) kf_x=267.3 kf_vx=0.00 pending=4391 confirmed=True holding=False
[INFO] [1788861507.322557568] [tracking_pick_node]: class=pet_labeled conf=0.97 anchor=(275.1,624.0) kf_x=267.3 kf_vx=0.01 pending=4392 confirmed=True holding=False
[INFO] [1788861507.455255514] [tracking_pick_node]: class=pet_labeled conf=0.97 anchor=(275.0,624.0) kf_x=267.3 kf_vx=0.00 pending=4393 confirmed=True holding=False
[INFO] [1788861507.589288084] [tracking_pick_node]: class=pet_labeled conf=0.97 anchor=(274.9,624.0) kf_x=267.3 kf_vx=0.00 pending=4394 confirmed=True holding=False
[INFO] [1788861507.718497391] [tracking_pick_node]: class=pet_labeled conf=0.97 anchor=(275.0,624.1) kf_x=267.3 kf_vx=0.00 pending=4395 confirmed=True holding=False
[INFO] [1788861507.856391715] [tracking_pick_node]: class=pet_labeled conf=0.97 anchor=(274.9,624.1) kf_x=267.3 kf_vx=0.00 pending=4396 confirmed=True holding=False
[INFO] [1788861507.985418313] [tracking_pick_node]: class=pet_labeled conf=0.97 anchor=(274.9,624.1) kf_x=267.3 kf_vx=-0.00 pending=4397 confirmed=True holding=False
[INFO] [1788861508.117907894] [tracking_pick_node]: class=pet_labeled conf=0.97 anchor=(275.1,624.0) kf_x=267.3 kf_vx=0.00 pending=4398 confirmed=True holding=False
[INFO] [1788861508.257302797] [tracking_pick_node]: class=pet_labeled conf=0.97 anchor=(275.0,624.1) kf_x=267.3 kf_vx=0.00 pending=4399 confirmed=True holding=False
[INFO] [1788861508.387161123] [tracking_pick_node]: class=pet_labeled conf=0.97 anchor=(275.0,624.1) kf_x=267.3 kf_vx=0.00 pending=4400 confirmed=True holding=False
[INFO] [1788861508.518007135] [tracking_pick_node]: class=pet_labeled conf=0.97 anchor=(274.9,624.0) kf_x=267.3 kf_vx=-0.00 pending=4401 confirmed=True holding=False
[INFO] [1788861508.653575250] [tracking_pick_node]: class=pet_labeled conf=0.97 anchor=(274.9,624.1) kf_x=267.3 kf_vx=-0.00 pending=4402 confirmed=True holding=False
[INFO] [1788861508.789813703] [tracking_pick_node]: class=pet_labeled conf=0.97 anchor=(275.0,624.0) kf_x=267.3 kf_vx=-0.00 pending=4403 confirmed=True holding=False
[INFO] [1788861508.917557681] [tracking_pick_node]: class=pet_labeled conf=0.97 anchor=(274.9,624.1) kf_x=267.3 kf_vx=-0.00 pending=4404 confirmed=True holding=False
[INFO] [1788861509.056856042] [tracking_pick_node]: class=pet_labeled conf=0.97 anchor=(275.1,624.1) kf_x=267.3 kf_vx=0.00 pending=4405 confirmed=True holding=False
[INFO] [1788861509.185884228] [tracking_pick_node]: class=pet_labeled conf=0.97 anchor=(275.0,624.2) kf_x=267.3 kf_vx=-0.00 pending=4406 confirmed=True holding=False
[INFO] [1788861509.319461249] [tracking_pick_node]: class=pet_labeled conf=0.97 anchor=(275.0,624.0) kf_x=267.3 kf_vx=-0.00 pending=4407 confirmed=True holding=False
[INFO] [1788861509.457222675] [tracking_pick_node]: class=pet_labeled conf=0.97 anchor=(275.0,624.0) kf_x=267.3 kf_vx=-0.00 pending=4408 confirmed=True holding=False
[INFO] [1788861509.585913701] [tracking_pick_node]: class=pet_labeled conf=0.97 anchor=(275.1,624.0) kf_x=267.3 kf_vx=0.00 pending=4409 confirmed=True holding=False
[INFO] [1788861509.720438921] [tracking_pick_node]: class=pet_labeled conf=0.97 anchor=(275.0,624.1) kf_x=267.3 kf_vx=0.00 pending=4410 confirmed=True holding=False
[INFO] [1788861509.853497003] [tracking_pick_node]: class=pet_labeled conf=0.97 anchor=(274.9,624.0) kf_x=267.3 kf_vx=-0.00 pending=4411 confirmed=True holding=False
[INFO] [1788861509.985599146] [tracking_pick_node]: class=pet_labeled conf=0.97 anchor=(275.0,624.1) kf_x=267.3 kf_vx=-0.00 pending=4412 confirmed=True holding=False
[INFO] [1788861510.117783731] [tracking_pick_node]: class=pet_labeled conf=0.97 anchor=(275.0,624.0) kf_x=267.3 kf_vx=0.00 pending=4413 confirmed=True holding=False
[INFO] [1788861510.257490844] [tracking_pick_node]: class=pet_labeled conf=0.97 anchor=(275.0,624.1) kf_x=267.3 kf_vx=0.00 pending=4414 confirmed=True holding=False
[INFO] [1788861510.385832763] [tracking_pick_node]: class=pet_labeled conf=0.97 anchor=(275.0,624.0) kf_x=267.3 kf_vx=0.00 pending=4415 confirmed=True holding=False
[INFO] [1788861510.518920732] [tracking_pick_node]: class=pet_labeled conf=0.97 anchor=(275.0,624.0) kf_x=267.3 kf_vx=0.00 pending=4416 confirmed=True holding=False
[INFO] [1788861510.653621318] [tracking_pick_node]: class=pet_labeled conf=0.97 anchor=(275.0,624.0) kf_x=267.3 kf_vx=0.00 pending=4417 confirmed=True holding=False
[INFO] [1788861510.787191212] [tracking_pick_node]: class=pet_labeled conf=0.97 anchor=(275.0,624.1) kf_x=267.3 kf_vx=0.00 pending=4418 confirmed=True holding=False
[INFO] [1788861510.923842946] [tracking_pick_node]: class=pet_labeled conf=0.97 anchor=(275.0,624.1) kf_x=267.3 kf_vx=0.00 pending=4419 confirmed=True holding=False
[INFO] [1788861511.053250680] [tracking_pick_node]: class=pet_labeled conf=0.97 anchor=(275.0,624.1) kf_x=267.3 kf_vx=0.00 pending=4420 confirmed=True holding=False
[INFO] [1788861511.187202759] [tracking_pick_node]: class=pet_labeled conf=0.97 anchor=(275.0,624.0) kf_x=267.3 kf_vx=0.00 pending=4421 confirmed=True holding=False
[INFO] [1788861511.317599021] [tracking_pick_node]: class=pet_labeled conf=0.97 anchor=(275.0,624.1) kf_x=267.3 kf_vx=0.00 pending=4422 confirmed=True holding=False
[INFO] [1788861511.454464060] [tracking_pick_node]: class=pet_labeled conf=0.97 anchor=(275.0,624.1) kf_x=267.3 kf_vx=0.00 pending=4423 confirmed=True holding=False
[INFO] [1788861511.586370427] [tracking_pick_node]: class=pet_labeled conf=0.97 anchor=(274.9,624.1) kf_x=267.3 kf_vx=-0.00 pending=4424 confirmed=True holding=False
[INFO] [1788861511.727369758] [tracking_pick_node]: class=pet_labeled conf=0.97 anchor=(274.9,624.0) kf_x=267.3 kf_vx=-0.00 pending=4425 confirmed=True holding=False
[INFO] [1788861511.856537426] [tracking_pick_node]: class=pet_labeled conf=0.97 anchor=(275.0,624.1) kf_x=267.3 kf_vx=-0.00 pending=4426 confirmed=True holding=False
[INFO] [1788861511.985709574] [tracking_pick_node]: class=pet_labeled conf=0.97 anchor=(274.9,624.0) kf_x=267.3 kf_vx=-0.00 pending=4427 confirmed=True holding=False
[INFO] [1788861512.118120492] [tracking_pick_node]: class=pet_labeled conf=0.97 anchor=(275.0,624.1) kf_x=267.3 kf_vx=-0.00 pending=4428 confirmed=True holding=False
[INFO] [1788861512.253339382] [tracking_pick_node]: class=pet_labeled conf=0.97 anchor=(275.0,624.0) kf_x=267.3 kf_vx=-0.00 pending=4429 confirmed=True holding=False
[INFO] [1788861512.385862852] [tracking_pick_node]: class=pet_labeled conf=0.97 anchor=(274.9,624.0) kf_x=267.3 kf_vx=-0.00 pending=4430 confirmed=True holding=False
[INFO] [1788861512.519326008] [tracking_pick_node]: class=pet_labeled conf=0.97 anchor=(275.0,624.0) kf_x=267.3 kf_vx=-0.00 pending=4431 confirmed=True holding=False
[INFO] [1788861512.654295128] [tracking_pick_node]: class=pet_labeled conf=0.97 anchor=(274.9,624.1) kf_x=267.3 kf_vx=-0.00 pending=4432 confirmed=True holding=False
[INFO] [1788861512.788426133] [tracking_pick_node]: class=pet_labeled conf=0.97 anchor=(275.0,624.1) kf_x=267.3 kf_vx=-0.00 pending=4433 confirmed=True holding=False
[INFO] [1788861512.917775142] [tracking_pick_node]: class=pet_labeled conf=0.97 anchor=(275.0,624.1) kf_x=267.3 kf_vx=-0.00 pending=4434 confirmed=True holding=False
[INFO] [1788861513.053596308] [tracking_pick_node]: class=pet_labeled conf=0.97 anchor=(274.9,624.1) kf_x=267.3 kf_vx=-0.00 pending=4435 confirmed=True holding=False
[INFO] [1788861513.186511501] [tracking_pick_node]: class=pet_labeled conf=0.97 anchor=(275.0,624.1) kf_x=267.3 kf_vx=-0.00 pending=4436 confirmed=True holding=False
[INFO] [1788861513.318993578] [tracking_pick_node]: class=pet_labeled conf=0.97 anchor=(275.0,624.1) kf_x=267.3 kf_vx=-0.00 pending=4437 confirmed=True holding=False
[INFO] [1788861513.453753849] [tracking_pick_node]: class=pet_labeled conf=0.97 anchor=(275.0,624.1) kf_x=267.3 kf_vx=-0.00 pending=4438 confirmed=True holding=False
[INFO] [1788861513.588362937] [tracking_pick_node]: class=pet_labeled conf=0.97 anchor=(275.1,624.1) kf_x=267.3 kf_vx=0.00 pending=4439 confirmed=True holding=False
[INFO] [1788861513.720761892] [tracking_pick_node]: class=pet_labeled conf=0.97 anchor=(275.0,624.1) kf_x=267.3 kf_vx=0.00 pending=4440 confirmed=True holding=False
[INFO] [1788861513.859330202] [tracking_pick_node]: class=pet_labeled conf=0.97 anchor=(275.0,624.1) kf_x=267.3 kf_vx=0.00 pending=4441 confirmed=True holding=False
[INFO] [1788861513.985280492] [tracking_pick_node]: class=pet_labeled conf=0.97 anchor=(275.0,624.0) kf_x=267.3 kf_vx=0.00 pending=4442 confirmed=True holding=False
[INFO] [1788861514.118641937] [tracking_pick_node]: class=pet_labeled conf=0.97 anchor=(275.0,624.0) kf_x=267.3 kf_vx=0.00 pending=4443 confirmed=True holding=False
[INFO] [1788861514.254290363] [tracking_pick_node]: class=pet_labeled conf=0.97 anchor=(275.0,624.1) kf_x=267.3 kf_vx=0.00 pending=4444 confirmed=True holding=False
[INFO] [1788861514.392177149] [tracking_pick_node]: class=pet_labeled conf=0.97 anchor=(275.0,624.0) kf_x=267.3 kf_vx=0.00 pending=4445 confirmed=True holding=False
[INFO] [1788861514.519463960] [tracking_pick_node]: class=pet_labeled conf=0.97 anchor=(274.9,624.0) kf_x=267.3 kf_vx=-0.00 pending=4446 confirmed=True holding=False
[INFO] [1788861514.657808942] [tracking_pick_node]: class=pet_labeled conf=0.97 anchor=(274.9,624.0) kf_x=267.3 kf_vx=-0.00 pending=4447 confirmed=True holding=False
[INFO] [1788861514.785160238] [tracking_pick_node]: class=pet_labeled conf=0.97 anchor=(275.1,624.0) kf_x=267.3 kf_vx=-0.00 pending=4448 confirmed=True holding=False
[INFO] [1788861514.919757357] [tracking_pick_node]: class=pet_labeled conf=0.97 anchor=(275.0,624.1) kf_x=267.3 kf_vx=-0.00 pending=4449 confirmed=True holding=False
[INFO] [1788861515.055927005] [tracking_pick_node]: class=pet_labeled conf=0.97 anchor=(274.9,624.0) kf_x=267.3 kf_vx=-0.00 pending=4450 confirmed=True holding=False
[INFO] [1788861515.185712275] [tracking_pick_node]: class=pet_labeled conf=0.97 anchor=(275.0,624.1) kf_x=267.3 kf_vx=-0.00 pending=4451 confirmed=True holding=False
[INFO] [1788861515.318309146] [tracking_pick_node]: class=pet_labeled conf=0.97 anchor=(274.9,624.1) kf_x=267.3 kf_vx=-0.00 pending=4452 confirmed=True holding=False
[INFO] [1788861515.458254357] [tracking_pick_node]: class=pet_labeled conf=0.97 anchor=(274.9,624.1) kf_x=267.3 kf_vx=-0.00 pending=4453 confirmed=True holding=False
[INFO] [1788861515.587761352] [tracking_pick_node]: class=pet_labeled conf=0.97 anchor=(275.0,624.0) kf_x=267.3 kf_vx=-0.00 pending=4454 confirmed=True holding=False
[INFO] [1788861515.718708026] [tracking_pick_node]: class=pet_labeled conf=0.97 anchor=(275.0,624.1) kf_x=267.3 kf_vx=-0.00 pending=4455 confirmed=True holding=False
[INFO] [1788861515.853819621] [tracking_pick_node]: class=pet_labeled conf=0.97 anchor=(275.0,624.1) kf_x=267.3 kf_vx=-0.00 pending=4456 confirmed=True holding=False
[INFO] [1788861515.991586393] [tracking_pick_node]: class=pet_labeled conf=0.97 anchor=(275.0,624.1) kf_x=267.3 kf_vx=-0.00 pending=4457 confirmed=True holding=False
[INFO] [1788861516.117643035] [tracking_pick_node]: class=pet_labeled conf=0.97 anchor=(274.9,624.0) kf_x=267.3 kf_vx=-0.00 pending=4458 confirmed=True holding=False
[INFO] [1788861516.254330171] [tracking_pick_node]: class=pet_labeled conf=0.97 anchor=(274.9,624.1) kf_x=267.2 kf_vx=-0.00 pending=4459 confirmed=True holding=False
[INFO] [1788861516.387686048] [tracking_pick_node]: class=pet_labeled conf=0.97 anchor=(274.9,624.0) kf_x=267.2 kf_vx=-0.00 pending=4460 confirmed=True holding=False
[INFO] [1788861516.518117535] [tracking_pick_node]: class=pet_labeled conf=0.97 anchor=(274.9,624.0) kf_x=267.2 kf_vx=-0.00 pending=4461 confirmed=True holding=False
[INFO] [1788861516.653635122] [tracking_pick_node]: class=pet_labeled conf=0.97 anchor=(275.0,624.1) kf_x=267.2 kf_vx=-0.00 pending=4462 confirmed=True holding=False
[INFO] [1788861516.785192406] [tracking_pick_node]: class=pet_labeled conf=0.97 anchor=(274.9,624.1) kf_x=267.2 kf_vx=-0.01 pending=4463 confirmed=True holding=False
[INFO] [1788861516.924636666] [tracking_pick_node]: class=pet_labeled conf=0.97 anchor=(275.0,624.0) kf_x=267.2 kf_vx=-0.00 pending=4464 confirmed=True holding=False
[INFO] [1788861517.057780616] [tracking_pick_node]: class=pet_labeled conf=0.97 anchor=(274.9,624.1) kf_x=267.2 kf_vx=-0.01 pending=4465 confirmed=True holding=False
[INFO] [1788861517.185763580] [tracking_pick_node]: class=pet_labeled conf=0.97 anchor=(274.9,624.0) kf_x=267.2 kf_vx=-0.01 pending=4466 confirmed=True holding=False
[INFO] [1788861517.318219518] [tracking_pick_node]: class=pet_labeled conf=0.97 anchor=(275.0,624.1) kf_x=267.2 kf_vx=-0.00 pending=4467 confirmed=True holding=False
[INFO] [1788861517.451079975] [tracking_pick_node]: class=pet_labeled conf=0.97 anchor=(275.0,624.1) kf_x=267.2 kf_vx=-0.00 pending=4468 confirmed=True holding=False
[INFO] [1788861517.585510543] [tracking_pick_node]: class=pet_labeled conf=0.97 anchor=(274.9,624.1) kf_x=267.2 kf_vx=-0.00 pending=4469 confirmed=True holding=False
[INFO] [1788861517.717357401] [tracking_pick_node]: class=pet_labeled conf=0.97 anchor=(275.0,624.1) kf_x=267.2 kf_vx=-0.00 pending=4470 confirmed=True holding=False
[INFO] [1788861517.856320177] [tracking_pick_node]: class=pet_labeled conf=0.97 anchor=(274.9,624.1) kf_x=267.2 kf_vx=-0.00 pending=4471 confirmed=True holding=False
[INFO] [1788861517.987766075] [tracking_pick_node]: class=pet_labeled conf=0.97 anchor=(274.9,624.0) kf_x=267.2 kf_vx=-0.00 pending=4472 confirmed=True holding=False
[INFO] [1788861518.119967132] [tracking_pick_node]: class=pet_labeled conf=0.97 anchor=(275.0,624.1) kf_x=267.2 kf_vx=-0.00 pending=4473 confirmed=True holding=False
[INFO] [1788861518.250562023] [tracking_pick_node]: class=pet_labeled conf=0.97 anchor=(274.9,624.0) kf_x=267.2 kf_vx=-0.00 pending=4474 confirmed=True holding=False
[INFO] [1788861518.386632544] [tracking_pick_node]: class=pet_labeled conf=0.97 anchor=(274.9,624.0) kf_x=267.2 kf_vx=-0.00 pending=4475 confirmed=True holding=False
[INFO] [1788861518.518212443] [tracking_pick_node]: class=pet_labeled conf=0.97 anchor=(274.9,624.0) kf_x=267.2 kf_vx=-0.00 pending=4476 confirmed=True holding=False
[INFO] [1788861518.649603734] [tracking_pick_node]: class=pet_labeled conf=0.97 anchor=(275.0,624.0) kf_x=267.2 kf_vx=-0.00 pending=4477 confirmed=True holding=False
[INFO] [1788861518.791758181] [tracking_pick_node]: class=pet_labeled conf=0.97 anchor=(274.9,624.1) kf_x=267.2 kf_vx=-0.00 pending=4478 confirmed=True holding=False
[INFO] [1788861518.920316614] [tracking_pick_node]: class=pet_labeled conf=0.97 anchor=(275.0,624.1) kf_x=267.2 kf_vx=-0.00 pending=4479 confirmed=True holding=False
[INFO] [1788861519.049804692] [tracking_pick_node]: class=pet_labeled conf=0.97 anchor=(275.0,624.1) kf_x=267.2 kf_vx=-0.00 pending=4480 confirmed=True holding=False
[INFO] [1788861519.187725523] [tracking_pick_node]: class=pet_labeled conf=0.97 anchor=(275.0,624.0) kf_x=267.2 kf_vx=-0.00 pending=4481 confirmed=True holding=False
[INFO] [1788861519.319255965] [tracking_pick_node]: class=pet_labeled conf=0.97 anchor=(275.0,624.0) kf_x=267.2 kf_vx=-0.00 pending=4482 confirmed=True holding=False
[INFO] [1788861519.449577188] [tracking_pick_node]: class=pet_labeled conf=0.97 anchor=(275.0,624.1) kf_x=267.2 kf_vx=-0.00 pending=4483 confirmed=True holding=False
[INFO] [1788861519.585818446] [tracking_pick_node]: class=pet_labeled conf=0.97 anchor=(275.1,624.2) kf_x=267.2 kf_vx=0.00 pending=4484 confirmed=True holding=False
[INFO] [1788861519.718632371] [tracking_pick_node]: class=pet_labeled conf=0.97 anchor=(275.0,624.1) kf_x=267.2 kf_vx=0.00 pending=4485 confirmed=True holding=False
[INFO] [1788861519.852366572] [tracking_pick_node]: class=pet_labeled conf=0.97 anchor=(275.0,624.1) kf_x=267.3 kf_vx=0.00 pending=4486 confirmed=True holding=False
[INFO] [1788861519.987254351] [tracking_pick_node]: class=pet_labeled conf=0.97 anchor=(275.0,624.1) kf_x=267.3 kf_vx=0.00 pending=4487 confirmed=True holding=False
[INFO] [1788861520.118468171] [tracking_pick_node]: class=pet_labeled conf=0.97 anchor=(274.9,624.1) kf_x=267.2 kf_vx=0.00 pending=4488 confirmed=True holding=False
[INFO] [1788861520.250719200] [tracking_pick_node]: class=pet_labeled conf=0.97 anchor=(274.9,624.0) kf_x=267.2 kf_vx=-0.00 pending=4489 confirmed=True holding=False
[INFO] [1788861520.388753546] [tracking_pick_node]: class=pet_labeled conf=0.97 anchor=(275.0,624.1) kf_x=267.2 kf_vx=-0.00 pending=4490 confirmed=True holding=False
[INFO] [1788861520.517608265] [tracking_pick_node]: class=pet_labeled conf=0.97 anchor=(275.0,624.1) kf_x=267.2 kf_vx=-0.00 pending=4491 confirmed=True holding=False
[INFO] [1788861520.654157389] [tracking_pick_node]: class=pet_labeled conf=0.97 anchor=(275.0,623.9) kf_x=267.2 kf_vx=0.00 pending=4492 confirmed=True holding=False
[INFO] [1788861520.787154281] [tracking_pick_node]: class=pet_labeled conf=0.97 anchor=(275.0,624.1) kf_x=267.2 kf_vx=0.00 pending=4493 confirmed=True holding=False
[INFO] [1788861520.919168944] [tracking_pick_node]: class=pet_labeled conf=0.97 anchor=(275.0,624.1) kf_x=267.2 kf_vx=0.00 pending=4494 confirmed=True holding=False
[INFO] [1788861521.050683229] [tracking_pick_node]: class=pet_labeled conf=0.97 anchor=(275.0,624.1) kf_x=267.3 kf_vx=0.00 pending=4495 confirmed=True holding=False
[INFO] [1788861521.185960640] [tracking_pick_node]: class=pet_labeled conf=0.97 anchor=(274.9,624.0) kf_x=267.2 kf_vx=0.00 pending=4496 confirmed=True holding=False
[INFO] [1788861521.318794417] [tracking_pick_node]: class=pet_labeled conf=0.97 anchor=(275.0,624.0) kf_x=267.2 kf_vx=0.00 pending=4497 confirmed=True holding=False
[INFO] [1788861521.450474556] [tracking_pick_node]: class=pet_labeled conf=0.97 anchor=(275.0,624.1) kf_x=267.3 kf_vx=0.00 pending=4498 confirmed=True holding=False
[INFO] [1788861521.587941602] [tracking_pick_node]: class=pet_labeled conf=0.97 anchor=(274.9,624.1) kf_x=267.2 kf_vx=0.00 pending=4499 confirmed=True holding=False
[INFO] [1788861521.719333242] [tracking_pick_node]: class=pet_labeled conf=0.97 anchor=(275.0,624.1) kf_x=267.3 kf_vx=0.00 pending=4500 confirmed=True holding=False
[INFO] [1788861521.849952063] [tracking_pick_node]: class=pet_labeled conf=0.97 anchor=(275.1,624.2) kf_x=267.3 kf_vx=0.00 pending=4501 confirmed=True holding=False
[INFO] [1788861521.987041099] [tracking_pick_node]: class=pet_labeled conf=0.97 anchor=(275.0,624.1) kf_x=267.3 kf_vx=0.00 pending=4502 confirmed=True holding=False
[INFO] [1788861522.117781487] [tracking_pick_node]: class=pet_labeled conf=0.97 anchor=(275.0,624.1) kf_x=267.3 kf_vx=0.00 pending=4503 confirmed=True holding=False
[INFO] [1788861522.250057647] [tracking_pick_node]: class=pet_labeled conf=0.97 anchor=(275.1,624.0) kf_x=267.3 kf_vx=0.01 pending=4504 confirmed=True holding=False
[INFO] [1788861522.385583527] [tracking_pick_node]: class=pet_labeled conf=0.97 anchor=(274.9,624.2) kf_x=267.3 kf_vx=0.00 pending=4505 confirmed=True holding=False
[INFO] [1788861522.518296826] [tracking_pick_node]: class=pet_labeled conf=0.97 anchor=(275.0,624.1) kf_x=267.3 kf_vx=0.00 pending=4506 confirmed=True holding=False
[INFO] [1788861522.649985305] [tracking_pick_node]: class=pet_labeled conf=0.97 anchor=(274.9,624.1) kf_x=267.3 kf_vx=0.00 pending=4507 confirmed=True holding=False
[INFO] [1788861522.785319142] [tracking_pick_node]: class=pet_labeled conf=0.97 anchor=(275.0,624.0) kf_x=267.3 kf_vx=0.00 pending=4508 confirmed=True holding=False
[INFO] [1788861522.918047065] [tracking_pick_node]: class=pet_labeled conf=0.97 anchor=(274.9,624.1) kf_x=267.3 kf_vx=0.00 pending=4509 confirmed=True holding=False
[INFO] [1788861523.049775492] [tracking_pick_node]: class=pet_labeled conf=0.97 anchor=(275.0,624.2) kf_x=267.3 kf_vx=0.00 pending=4510 confirmed=True holding=False
[INFO] [1788861523.187476351] [tracking_pick_node]: class=pet_labeled conf=0.97 anchor=(275.0,624.0) kf_x=267.3 kf_vx=0.00 pending=4511 confirmed=True holding=False
[INFO] [1788861523.320682622] [tracking_pick_node]: class=pet_labeled conf=0.97 anchor=(275.0,624.1) kf_x=267.3 kf_vx=0.00 pending=4512 confirmed=True holding=False
[INFO] [1788861523.450240876] [tracking_pick_node]: class=pet_labeled conf=0.97 anchor=(275.0,624.0) kf_x=267.3 kf_vx=0.00 pending=4513 confirmed=True holding=False
[INFO] [1788861523.587336474] [tracking_pick_node]: class=pet_labeled conf=0.97 anchor=(274.9,624.0) kf_x=267.3 kf_vx=0.00 pending=4514 confirmed=True holding=False
[INFO] [1788861523.717714053] [tracking_pick_node]: class=pet_labeled conf=0.97 anchor=(275.0,624.1) kf_x=267.3 kf_vx=0.00 pending=4515 confirmed=True holding=False
[INFO] [1788861523.852915274] [tracking_pick_node]: class=pet_labeled conf=0.97 anchor=(275.0,624.1) kf_x=267.3 kf_vx=0.00 pending=4516 confirmed=True holding=False
[INFO] [1788861523.989945792] [tracking_pick_node]: class=pet_labeled conf=0.97 anchor=(274.9,624.1) kf_x=267.3 kf_vx=0.00 pending=4517 confirmed=True holding=False
[INFO] [1788861524.118849096] [tracking_pick_node]: class=pet_labeled conf=0.97 anchor=(275.0,624.1) kf_x=267.3 kf_vx=0.00 pending=4518 confirmed=True holding=False
[INFO] [1788861524.251598984] [tracking_pick_node]: class=pet_labeled conf=0.97 anchor=(274.9,624.1) kf_x=267.3 kf_vx=0.00 pending=4519 confirmed=True holding=False
[INFO] [1788861524.386943811] [tracking_pick_node]: class=pet_labeled conf=0.97 anchor=(275.0,624.1) kf_x=267.3 kf_vx=0.00 pending=4520 confirmed=True holding=False
[INFO] [1788861524.518841711] [tracking_pick_node]: class=pet_labeled conf=0.97 anchor=(274.9,624.1) kf_x=267.3 kf_vx=0.00 pending=4521 confirmed=True holding=False
